-- phpMyAdmin SQL Dump
-- version 5.2.1
-- https://www.phpmyadmin.net/
--
-- Host: 127.0.0.1
-- Generation Time: Oct 31, 2024 at 04:54 AM
-- Server version: 10.4.32-MariaDB
-- PHP Version: 8.2.12

SET SQL_MODE = "NO_AUTO_VALUE_ON_ZERO";
START TRANSACTION;
SET time_zone = "+00:00";


/*!40101 SET @OLD_CHARACTER_SET_CLIENT=@@CHARACTER_SET_CLIENT */;
/*!40101 SET @OLD_CHARACTER_SET_RESULTS=@@CHARACTER_SET_RESULTS */;
/*!40101 SET @OLD_COLLATION_CONNECTION=@@COLLATION_CONNECTION */;
/*!40101 SET NAMES utf8mb4 */;

--
-- Database: `ecommerce`
--

-- --------------------------------------------------------

--
-- Table structure for table `cache`
--

CREATE TABLE `cache` (
  `key` varchar(255) NOT NULL,
  `value` mediumtext NOT NULL,
  `expiration` int(11) NOT NULL
) ENGINE=InnoDB DEFAULT CHARSET=utf8mb4 COLLATE=utf8mb4_unicode_ci;

--
-- Dumping data for table `cache`
--

INSERT INTO `cache` (`key`, `value`, `expiration`) VALUES
('20055730000190', 'a:3:{s:10:\"statusCode\";s:3:\"200\";s:13:\"statusMessage\";s:21:\"SUCCESSFULLY OPERATED\";s:4:\"dist\";a:30:{s:12:\"customerName\";s:17:\"Muhammad Shahbaz \";s:13:\"customerPhone\";s:11:\"03106561531\";s:15:\"deliveryAddress\";s:84:\"P-75 near government girls primary school Iqbal town ghulam Muhammad Abad Faisalabad\";s:14:\"invoicePayment\";d:1200;s:11:\"orderDetail\";s:5:\"hijab\";s:15:\"orderPickupDate\";s:10:\"2024-09-19\";s:14:\"orderRefNumber\";s:1:\"s\";s:17:\"orderDeliveryDate\";s:10:\"2024-09-26\";s:14:\"transactionTax\";d:18.36;s:14:\"transactionFee\";d:122.4;s:14:\"trackingNumber\";s:14:\"20055730000190\";s:15:\"transactionDate\";s:10:\"2024-09-18\";s:14:\"upfrontPayment\";d:0;s:18:\"upfrontPaymentDate\";s:10:\"2024-09-30\";s:12:\"merchantName\";s:29:\"Hijab-e-batool the hijab shop\";s:17:\"transactionStatus\";s:9:\"Delivered\";s:11:\"reversalTax\";d:0;s:11:\"reversalFee\";d:0;s:8:\"cityName\";s:10:\"Faisalabad\";s:13:\"pickupAddress\";s:68:\"Office no. 2. 2nd Floor. Rizve Chamber, Amber Road, Saddar, Karachi \";s:16:\"transactionNotes\";s:14:\"allow to open \";s:18:\"reservePaymentDate\";s:10:\"2024-09-30\";s:14:\"reservePayment\";d:1200;s:14:\"balancePayment\";d:0;s:13:\"bookingWeight\";d:0.4;s:12:\"actualWeight\";d:0.15;s:24:\"transactionStatusHistory\";a:10:{i:0;a:3:{s:24:\"transactionStatusMessage\";s:42:\"At Hijab-e-batool the hijab shop Warehouse\";s:28:\"transactionStatusMessageCode\";s:4:\"0001\";s:9:\"updatedAt\";s:28:\"2024-09-18T19:18:44.000+0500\";}i:1;a:3:{s:24:\"transactionStatusMessage\";s:29:\"Departed to PostEx. Warehouse\";s:28:\"transactionStatusMessageCode\";s:4:\"0031\";s:9:\"updatedAt\";s:28:\"2024-09-19T01:17:08.000+0500\";}i:2;a:3:{s:24:\"transactionStatusMessage\";s:25:\"Received at KHI Warehouse\";s:28:\"transactionStatusMessageCode\";s:4:\"0003\";s:9:\"updatedAt\";s:28:\"2024-09-19T01:17:08.000+0500\";}i:3;a:3:{s:24:\"transactionStatusMessage\";s:18:\"Departed to LAHORE\";s:28:\"transactionStatusMessageCode\";s:4:\"0033\";s:9:\"updatedAt\";s:28:\"2024-09-21T11:23:49.000+0500\";}i:4;a:3:{s:24:\"transactionStatusMessage\";s:26:\"Arrived at Transit Hub LHE\";s:28:\"transactionStatusMessageCode\";s:4:\"0035\";s:9:\"updatedAt\";s:28:\"2024-09-23T06:54:50.000+0500\";}i:5;a:3:{s:24:\"transactionStatusMessage\";s:22:\"Departed to FAISALABAD\";s:28:\"transactionStatusMessageCode\";s:4:\"0033\";s:9:\"updatedAt\";s:28:\"2024-09-24T00:25:04.000+0500\";}i:6;a:3:{s:24:\"transactionStatusMessage\";s:26:\"Arrived at Transit Hub FSD\";s:28:\"transactionStatusMessageCode\";s:4:\"0035\";s:9:\"updatedAt\";s:28:\"2024-09-24T09:41:56.000+0500\";}i:7;a:3:{s:24:\"transactionStatusMessage\";s:20:\"Waiting for Delivery\";s:28:\"transactionStatusMessageCode\";s:4:\"0038\";s:9:\"updatedAt\";s:28:\"2024-09-25T01:20:55.000+0500\";}i:8;a:3:{s:24:\"transactionStatusMessage\";s:20:\"Enroute for Delivery\";s:28:\"transactionStatusMessageCode\";s:4:\"0004\";s:9:\"updatedAt\";s:28:\"2024-09-26T10:29:03.000+0500\";}i:9;a:3:{s:24:\"transactionStatusMessage\";s:21:\"Delivered to Customer\";s:28:\"transactionStatusMessageCode\";s:4:\"0005\";s:9:\"updatedAt\";s:28:\"2024-09-26T15:12:09.000+0500\";}}s:5:\"items\";i:1;s:15:\"invoiceDivision\";i:1;s:13:\"returnAddress\";s:68:\"Office no. 2. 2nd Floor. Rizve Chamber, Amber Road, Saddar, Karachi \";}}', 1730313792),
('20055730000196', 'a:3:{s:10:\"statusCode\";s:3:\"200\";s:13:\"statusMessage\";s:21:\"SUCCESSFULLY OPERATED\";s:4:\"dist\";a:22:{s:12:\"customerName\";s:12:\"Hashim abbas\";s:13:\"customerPhone\";s:11:\"03352786778\";s:15:\"deliveryAddress\";s:45:\"First foor, ruqayya manzil, Karachi, Pakistan\";s:14:\"invoicePayment\";d:1800;s:14:\"orderRefNumber\";s:8:\"REF-2034\";s:14:\"transactionTax\";d:0;s:14:\"transactionFee\";d:0;s:14:\"trackingNumber\";s:14:\"20055730000196\";s:15:\"transactionDate\";s:10:\"2024-09-20\";s:14:\"upfrontPayment\";d:0;s:12:\"merchantName\";s:29:\"Hijab-e-batool the hijab shop\";s:17:\"transactionStatus\";s:8:\"Unbooked\";s:11:\"reversalTax\";d:0;s:11:\"reversalFee\";d:0;s:8:\"cityName\";s:7:\"Karachi\";s:13:\"pickupAddress\";s:68:\"Office no. 2. 2nd Floor. Rizve Chamber, Amber Road, Saddar, Karachi \";s:14:\"reservePayment\";d:0;s:14:\"balancePayment\";d:0;s:24:\"transactionStatusHistory\";a:1:{i:0;a:3:{s:24:\"transactionStatusMessage\";s:42:\"At Hijab-e-batool the hijab shop Warehouse\";s:28:\"transactionStatusMessageCode\";s:4:\"0001\";s:9:\"updatedAt\";s:28:\"2024-09-20T16:08:58.000+0500\";}}s:5:\"items\";i:2;s:15:\"invoiceDivision\";i:1;s:13:\"returnAddress\";s:68:\"Office no. 2. 2nd Floor. Rizve Chamber, Amber Road, Saddar, Karachi \";}}', 1727704865),
('20055730000211', 'a:3:{s:10:\"statusCode\";s:3:\"200\";s:13:\"statusMessage\";s:21:\"SUCCESSFULLY OPERATED\";s:4:\"dist\";a:22:{s:12:\"customerName\";s:12:\"Hashim abbas\";s:13:\"customerPhone\";s:11:\"03352786778\";s:15:\"deliveryAddress\";s:47:\"First foor, ruqayya manzil, Islamabad, Pakistan\";s:14:\"invoicePayment\";d:530;s:14:\"orderRefNumber\";s:8:\"REF-2047\";s:14:\"transactionTax\";d:0;s:14:\"transactionFee\";d:0;s:14:\"trackingNumber\";s:14:\"20055730000211\";s:15:\"transactionDate\";s:10:\"2024-09-30\";s:14:\"upfrontPayment\";d:0;s:12:\"merchantName\";s:29:\"Hijab-e-batool the hijab shop\";s:17:\"transactionStatus\";s:8:\"Unbooked\";s:11:\"reversalTax\";d:0;s:11:\"reversalFee\";d:0;s:8:\"cityName\";s:9:\"Islamabad\";s:13:\"pickupAddress\";s:68:\"Office no. 2. 2nd Floor. Rizve Chamber, Amber Road, Saddar, Karachi \";s:14:\"reservePayment\";d:0;s:14:\"balancePayment\";d:0;s:24:\"transactionStatusHistory\";a:1:{i:0;a:3:{s:24:\"transactionStatusMessage\";s:42:\"At Hijab-e-batool the hijab shop Warehouse\";s:28:\"transactionStatusMessageCode\";s:4:\"0001\";s:9:\"updatedAt\";s:28:\"2024-09-30T18:31:54.000+0500\";}}s:5:\"items\";i:1;s:15:\"invoiceDivision\";i:1;s:13:\"returnAddress\";s:68:\"Office no. 2. 2nd Floor. Rizve Chamber, Amber Road, Saddar, Karachi \";}}', 1727704929),
('20055730000251', 'a:3:{s:10:\"statusCode\";s:3:\"200\";s:13:\"statusMessage\";s:21:\"SUCCESSFULLY OPERATED\";s:4:\"dist\";a:22:{s:12:\"customerName\";s:12:\"Hashim Abbas\";s:13:\"customerPhone\";s:11:\"03352786778\";s:15:\"deliveryAddress\";s:52:\"Ruqayya manzil, Siraj colony, ABDUL HAKEEM, Pakistan\";s:14:\"invoicePayment\";d:1080;s:14:\"orderRefNumber\";s:8:\"REF-2049\";s:14:\"transactionTax\";d:0;s:14:\"transactionFee\";d:0;s:14:\"trackingNumber\";s:14:\"20055730000251\";s:15:\"transactionDate\";s:10:\"2024-10-28\";s:14:\"upfrontPayment\";d:0;s:12:\"merchantName\";s:29:\"Hijab-e-batool the hijab shop\";s:17:\"transactionStatus\";s:8:\"Unbooked\";s:11:\"reversalTax\";d:0;s:11:\"reversalFee\";d:0;s:8:\"cityName\";s:12:\"ABDUL HAKEEM\";s:13:\"pickupAddress\";s:68:\"Office no. 2. 2nd Floor. Rizve Chamber, Amber Road, Saddar, Karachi \";s:14:\"reservePayment\";d:0;s:14:\"balancePayment\";d:0;s:24:\"transactionStatusHistory\";a:1:{i:0;a:3:{s:24:\"transactionStatusMessage\";s:42:\"At Hijab-e-batool the hijab shop Warehouse\";s:28:\"transactionStatusMessageCode\";s:4:\"0001\";s:9:\"updatedAt\";s:28:\"2024-10-28T22:39:59.000+0500\";}}s:5:\"items\";i:2;s:15:\"invoiceDivision\";i:1;s:13:\"returnAddress\";s:68:\"Office no. 2. 2nd Floor. Rizve Chamber, Amber Road, Saddar, Karachi \";}}', 1730139082),
('26055730000250', 'a:3:{s:10:\"statusCode\";s:3:\"200\";s:13:\"statusMessage\";s:21:\"SUCCESSFULLY OPERATED\";s:4:\"dist\";a:22:{s:12:\"customerName\";s:12:\"Hashim abbas\";s:13:\"customerPhone\";s:11:\"03352786778\";s:15:\"deliveryAddress\";s:45:\"First foor, ruqayya manzil, Karachi, Pakistan\";s:14:\"invoicePayment\";d:650;s:14:\"orderRefNumber\";s:8:\"REF-2048\";s:14:\"transactionTax\";d:0;s:14:\"transactionFee\";d:0;s:14:\"trackingNumber\";s:14:\"26055730000250\";s:15:\"transactionDate\";s:10:\"2024-10-28\";s:14:\"upfrontPayment\";d:0;s:12:\"merchantName\";s:29:\"Hijab-e-batool the hijab shop\";s:17:\"transactionStatus\";s:8:\"Unbooked\";s:11:\"reversalTax\";d:0;s:11:\"reversalFee\";d:0;s:8:\"cityName\";s:7:\"Karachi\";s:13:\"pickupAddress\";s:68:\"Office no. 2. 2nd Floor. Rizve Chamber, Amber Road, Saddar, Karachi \";s:14:\"reservePayment\";d:0;s:14:\"balancePayment\";d:0;s:24:\"transactionStatusHistory\";a:1:{i:0;a:3:{s:24:\"transactionStatusMessage\";s:42:\"At Hijab-e-batool the hijab shop Warehouse\";s:28:\"transactionStatusMessageCode\";s:4:\"0001\";s:9:\"updatedAt\";s:28:\"2024-10-28T22:16:43.000+0500\";}}s:5:\"items\";i:1;s:15:\"invoiceDivision\";i:1;s:13:\"returnAddress\";s:68:\"Office no. 2. 2nd Floor. Rizve Chamber, Amber Road, Saddar, Karachi \";}}', 1730137632),
('27055730000205', 'a:3:{s:10:\"statusCode\";s:3:\"200\";s:13:\"statusMessage\";s:21:\"SUCCESSFULLY OPERATED\";s:4:\"dist\";a:22:{s:12:\"customerName\";s:12:\"Hashim abbas\";s:13:\"customerPhone\";s:11:\"03352786778\";s:15:\"deliveryAddress\";s:45:\"First foor, ruqayya manzil, Karachi, Pakistan\";s:14:\"invoicePayment\";d:1250;s:14:\"orderRefNumber\";s:8:\"REF-2040\";s:14:\"transactionTax\";d:0;s:14:\"transactionFee\";d:0;s:14:\"trackingNumber\";s:14:\"27055730000205\";s:15:\"transactionDate\";s:10:\"2024-09-22\";s:14:\"upfrontPayment\";d:0;s:12:\"merchantName\";s:29:\"Hijab-e-batool the hijab shop\";s:17:\"transactionStatus\";s:8:\"Unbooked\";s:11:\"reversalTax\";d:0;s:11:\"reversalFee\";d:0;s:8:\"cityName\";s:7:\"Karachi\";s:13:\"pickupAddress\";s:68:\"Office no. 2. 2nd Floor. Rizve Chamber, Amber Road, Saddar, Karachi \";s:14:\"reservePayment\";d:0;s:14:\"balancePayment\";d:0;s:24:\"transactionStatusHistory\";a:1:{i:0;a:3:{s:24:\"transactionStatusMessage\";s:42:\"At Hijab-e-batool the hijab shop Warehouse\";s:28:\"transactionStatusMessageCode\";s:4:\"0001\";s:9:\"updatedAt\";s:28:\"2024-09-22T13:44:32.000+0500\";}}s:5:\"items\";i:1;s:15:\"invoiceDivision\";i:1;s:13:\"returnAddress\";s:68:\"Office no. 2. 2nd Floor. Rizve Chamber, Amber Road, Saddar, Karachi \";}}', 1727365580),
('27055730000210', 'a:3:{s:10:\"statusCode\";s:3:\"200\";s:13:\"statusMessage\";s:21:\"SUCCESSFULLY OPERATED\";s:4:\"dist\";a:22:{s:12:\"customerName\";s:12:\"Hashim abbas\";s:13:\"customerPhone\";s:11:\"03352786778\";s:15:\"deliveryAddress\";s:45:\"First foor, ruqayya manzil, Karachi, Pakistan\";s:14:\"invoicePayment\";d:530;s:14:\"orderRefNumber\";s:8:\"REF-2046\";s:14:\"transactionTax\";d:0;s:14:\"transactionFee\";d:0;s:14:\"trackingNumber\";s:14:\"27055730000210\";s:15:\"transactionDate\";s:10:\"2024-09-30\";s:14:\"upfrontPayment\";d:0;s:12:\"merchantName\";s:29:\"Hijab-e-batool the hijab shop\";s:17:\"transactionStatus\";s:8:\"Unbooked\";s:11:\"reversalTax\";d:0;s:11:\"reversalFee\";d:0;s:8:\"cityName\";s:7:\"Karachi\";s:13:\"pickupAddress\";s:68:\"Office no. 2. 2nd Floor. Rizve Chamber, Amber Road, Saddar, Karachi \";s:14:\"reservePayment\";d:0;s:14:\"balancePayment\";d:0;s:24:\"transactionStatusHistory\";a:1:{i:0;a:3:{s:24:\"transactionStatusMessage\";s:42:\"At Hijab-e-batool the hijab shop Warehouse\";s:28:\"transactionStatusMessageCode\";s:4:\"0001\";s:9:\"updatedAt\";s:28:\"2024-09-30T18:22:14.000+0500\";}}s:5:\"items\";i:1;s:15:\"invoiceDivision\";i:1;s:13:\"returnAddress\";s:68:\"Office no. 2. 2nd Floor. Rizve Chamber, Amber Road, Saddar, Karachi \";}}', 1730138257),
('34343432434', 'a:2:{s:10:\"statusCode\";s:3:\"404\";s:13:\"statusMessage\";s:16:\"RECORD NOT FOUND\";}', 1727704855),
('356a192b7913b04c54574d18c28d46e6395428ab', 'i:1;', 1730139133),
('356a192b7913b04c54574d18c28d46e6395428ab:timer', 'i:1730139133;', 1730139133),
('4343434343', 'a:2:{s:10:\"statusCode\";s:3:\"404\";s:13:\"statusMessage\";s:16:\"RECORD NOT FOUND\";}', 1730192856),
('a17961fa74e9275d529f489537f179c05d50c2f3', 'i:1;', 1726992577),
('a17961fa74e9275d529f489537f179c05d50c2f3:timer', 'i:1726992577;', 1726992577),
('active_setting', 'O:18:\"App\\Models\\Setting\":30:{s:13:\"\0*\0connection\";s:5:\"mysql\";s:8:\"\0*\0table\";s:8:\"settings\";s:13:\"\0*\0primaryKey\";s:2:\"id\";s:10:\"\0*\0keyType\";s:3:\"int\";s:12:\"incrementing\";b:1;s:7:\"\0*\0with\";a:0:{}s:12:\"\0*\0withCount\";a:0:{}s:19:\"preventsLazyLoading\";b:0;s:10:\"\0*\0perPage\";i:15;s:6:\"exists\";b:1;s:18:\"wasRecentlyCreated\";b:0;s:28:\"\0*\0escapeWhenCastingToString\";b:0;s:13:\"\0*\0attributes\";a:9:{s:2:\"id\";i:1;s:4:\"logo\";s:13:\"logo/logo.jpg\";s:5:\"phone\";s:7:\"8765432\";s:13:\"facebook_link\";s:5:\"76543\";s:14:\"instagram_link\";s:6:\"dfdfdf\";s:6:\"active\";i:1;s:10:\"created_at\";N;s:10:\"updated_at\";s:19:\"2024-09-26 12:54:05\";s:16:\"shipping_charges\";s:3:\"250\";}s:11:\"\0*\0original\";a:9:{s:2:\"id\";i:1;s:4:\"logo\";s:13:\"logo/logo.jpg\";s:5:\"phone\";s:7:\"8765432\";s:13:\"facebook_link\";s:5:\"76543\";s:14:\"instagram_link\";s:6:\"dfdfdf\";s:6:\"active\";i:1;s:10:\"created_at\";N;s:10:\"updated_at\";s:19:\"2024-09-26 12:54:05\";s:16:\"shipping_charges\";s:3:\"250\";}s:10:\"\0*\0changes\";a:0:{}s:8:\"\0*\0casts\";a:0:{}s:17:\"\0*\0classCastCache\";a:0:{}s:21:\"\0*\0attributeCastCache\";a:0:{}s:13:\"\0*\0dateFormat\";N;s:10:\"\0*\0appends\";a:0:{}s:19:\"\0*\0dispatchesEvents\";a:0:{}s:14:\"\0*\0observables\";a:0:{}s:12:\"\0*\0relations\";a:0:{}s:10:\"\0*\0touches\";a:0:{}s:10:\"timestamps\";b:1;s:13:\"usesUniqueIds\";b:0;s:9:\"\0*\0hidden\";a:0:{}s:10:\"\0*\0visible\";a:0:{}s:11:\"\0*\0fillable\";a:0:{}s:10:\"\0*\0guarded\";a:1:{i:0;s:1:\"*\";}}', 1727357214);
INSERT INTO `cache` (`key`, `value`, `expiration`) VALUES
('cities', 'a:3:{s:10:\"statusCode\";s:3:\"200\";s:13:\"statusMessage\";s:21:\"SUCCESSFULLY OPERATED\";s:4:\"dist\";a:675:{i:0;a:4:{s:19:\"operationalCityName\";s:10:\"ABBOTTABAD\";s:11:\"countryName\";s:8:\"Pakistan\";s:12:\"isPickupCity\";b:1;s:14:\"isDeliveryCity\";b:1;}i:1;a:4:{s:19:\"operationalCityName\";s:12:\"ABDUL HAKEEM\";s:11:\"countryName\";s:8:\"Pakistan\";s:12:\"isPickupCity\";b:1;s:14:\"isDeliveryCity\";b:1;}i:2;a:4:{s:19:\"operationalCityName\";s:10:\"ADDA JOHAL\";s:11:\"countryName\";s:8:\"Pakistan\";s:12:\"isPickupCity\";b:1;s:14:\"isDeliveryCity\";b:1;}i:3;a:4:{s:19:\"operationalCityName\";s:10:\"ADDA ONE R\";s:11:\"countryName\";s:8:\"Pakistan\";s:12:\"isPickupCity\";b:1;s:14:\"isDeliveryCity\";b:1;}i:4;a:4:{s:19:\"operationalCityName\";s:17:\"ADDA SHAIKH WAHAN\";s:11:\"countryName\";s:8:\"Pakistan\";s:12:\"isPickupCity\";b:1;s:14:\"isDeliveryCity\";b:1;}i:5;a:4:{s:19:\"operationalCityName\";s:10:\"ADDA SIRAJ\";s:11:\"countryName\";s:8:\"Pakistan\";s:12:\"isPickupCity\";b:1;s:14:\"isDeliveryCity\";b:1;}i:6;a:4:{s:19:\"operationalCityName\";s:7:\"AHMADAL\";s:11:\"countryName\";s:8:\"Pakistan\";s:12:\"isPickupCity\";b:1;s:14:\"isDeliveryCity\";b:1;}i:7;a:4:{s:19:\"operationalCityName\";s:13:\"AHMEDPUR EAST\";s:11:\"countryName\";s:8:\"Pakistan\";s:12:\"isPickupCity\";b:1;s:14:\"isDeliveryCity\";b:1;}i:8;a:4:{s:19:\"operationalCityName\";s:13:\"AHMEDPUR SIAL\";s:11:\"countryName\";s:8:\"Pakistan\";s:12:\"isPickupCity\";b:1;s:14:\"isDeliveryCity\";b:1;}i:9;a:4:{s:19:\"operationalCityName\";s:10:\"AJNIA WALA\";s:11:\"countryName\";s:8:\"Pakistan\";s:12:\"isPickupCity\";b:1;s:14:\"isDeliveryCity\";b:1;}i:10;a:4:{s:19:\"operationalCityName\";s:11:\"AKHTAR ABAD\";s:11:\"countryName\";s:8:\"Pakistan\";s:12:\"isPickupCity\";b:1;s:14:\"isDeliveryCity\";b:1;}i:11;a:4:{s:19:\"operationalCityName\";s:12:\"AKORA KHATAK\";s:11:\"countryName\";s:8:\"Pakistan\";s:12:\"isPickupCity\";b:1;s:14:\"isDeliveryCity\";b:1;}i:12;a:4:{s:19:\"operationalCityName\";s:5:\"AKWAL\";s:11:\"countryName\";s:8:\"Pakistan\";s:12:\"isPickupCity\";b:1;s:14:\"isDeliveryCity\";b:1;}i:13;a:4:{s:19:\"operationalCityName\";s:14:\"ALI PUR BANGLA\";s:11:\"countryName\";s:8:\"Pakistan\";s:12:\"isPickupCity\";b:1;s:14:\"isDeliveryCity\";b:1;}i:14;a:4:{s:19:\"operationalCityName\";s:6:\"ALIPUR\";s:11:\"countryName\";s:8:\"Pakistan\";s:12:\"isPickupCity\";b:1;s:14:\"isDeliveryCity\";b:1;}i:15;a:4:{s:19:\"operationalCityName\";s:13:\"ALIPUR CHATHA\";s:11:\"countryName\";s:8:\"Pakistan\";s:12:\"isPickupCity\";b:1;s:14:\"isDeliveryCity\";b:1;}i:16;a:4:{s:19:\"operationalCityName\";s:10:\"ALLAH ABAD\";s:11:\"countryName\";s:8:\"Pakistan\";s:12:\"isPickupCity\";b:1;s:14:\"isDeliveryCity\";b:1;}i:17;a:4:{s:19:\"operationalCityName\";s:8:\"AMANGARH\";s:11:\"countryName\";s:8:\"Pakistan\";s:12:\"isPickupCity\";b:1;s:14:\"isDeliveryCity\";b:1;}i:18;a:4:{s:19:\"operationalCityName\";s:8:\"AMINABAD\";s:11:\"countryName\";s:8:\"Pakistan\";s:12:\"isPickupCity\";b:1;s:14:\"isDeliveryCity\";b:1;}i:19;a:4:{s:19:\"operationalCityName\";s:14:\"AMINPUR BANGLA\";s:11:\"countryName\";s:8:\"Pakistan\";s:12:\"isPickupCity\";b:1;s:14:\"isDeliveryCity\";b:1;}i:20;a:4:{s:19:\"operationalCityName\";s:9:\"ANWARABAD\";s:11:\"countryName\";s:8:\"Pakistan\";s:12:\"isPickupCity\";b:1;s:14:\"isDeliveryCity\";b:1;}i:21;a:4:{s:19:\"operationalCityName\";s:8:\"ARIFWALA\";s:11:\"countryName\";s:8:\"Pakistan\";s:12:\"isPickupCity\";b:1;s:14:\"isDeliveryCity\";b:1;}i:22;a:4:{s:19:\"operationalCityName\";s:4:\"ARJA\";s:11:\"countryName\";s:8:\"Pakistan\";s:12:\"isPickupCity\";b:1;s:14:\"isDeliveryCity\";b:1;}i:23;a:4:{s:19:\"operationalCityName\";s:6:\"ATTOCK\";s:11:\"countryName\";s:8:\"Pakistan\";s:12:\"isPickupCity\";b:1;s:14:\"isDeliveryCity\";b:1;}i:24;a:4:{s:19:\"operationalCityName\";s:6:\"AYUBIA\";s:11:\"countryName\";s:8:\"Pakistan\";s:12:\"isPickupCity\";b:1;s:14:\"isDeliveryCity\";b:1;}i:25;a:4:{s:19:\"operationalCityName\";s:10:\"BADDOMALHI\";s:11:\"countryName\";s:8:\"Pakistan\";s:12:\"isPickupCity\";b:1;s:14:\"isDeliveryCity\";b:1;}i:26;a:4:{s:19:\"operationalCityName\";s:5:\"BADIN\";s:11:\"countryName\";s:8:\"Pakistan\";s:12:\"isPickupCity\";b:1;s:14:\"isDeliveryCity\";b:1;}i:27;a:4:{s:19:\"operationalCityName\";s:5:\"BAFFA\";s:11:\"countryName\";s:8:\"Pakistan\";s:12:\"isPickupCity\";b:1;s:14:\"isDeliveryCity\";b:1;}i:28;a:4:{s:19:\"operationalCityName\";s:10:\"BAGH (AJK)\";s:11:\"countryName\";s:8:\"Pakistan\";s:12:\"isPickupCity\";b:1;s:14:\"isDeliveryCity\";b:1;}i:29;a:4:{s:19:\"operationalCityName\";s:12:\"BAHAWALNAGAR\";s:11:\"countryName\";s:8:\"Pakistan\";s:12:\"isPickupCity\";b:1;s:14:\"isDeliveryCity\";b:1;}i:30;a:4:{s:19:\"operationalCityName\";s:10:\"BAHAWALPUR\";s:11:\"countryName\";s:8:\"Pakistan\";s:12:\"isPickupCity\";b:1;s:14:\"isDeliveryCity\";b:1;}i:31;a:4:{s:19:\"operationalCityName\";s:11:\"BAHTAR MORE\";s:11:\"countryName\";s:8:\"Pakistan\";s:12:\"isPickupCity\";b:1;s:14:\"isDeliveryCity\";b:1;}i:32;a:4:{s:19:\"operationalCityName\";s:8:\"BAIG PUR\";s:11:\"countryName\";s:8:\"Pakistan\";s:12:\"isPickupCity\";b:1;s:14:\"isDeliveryCity\";b:1;}i:33;a:4:{s:19:\"operationalCityName\";s:7:\"BALAKOT\";s:11:\"countryName\";s:8:\"Pakistan\";s:12:\"isPickupCity\";b:1;s:14:\"isDeliveryCity\";b:1;}i:34;a:4:{s:19:\"operationalCityName\";s:8:\"BALAMBAT\";s:11:\"countryName\";s:8:\"Pakistan\";s:12:\"isPickupCity\";b:1;s:14:\"isDeliveryCity\";b:1;}i:35;a:4:{s:19:\"operationalCityName\";s:9:\"BAN BAJWA\";s:11:\"countryName\";s:8:\"Pakistan\";s:12:\"isPickupCity\";b:1;s:14:\"isDeliveryCity\";b:1;}i:36;a:4:{s:19:\"operationalCityName\";s:6:\"BANDHI\";s:11:\"countryName\";s:8:\"Pakistan\";s:12:\"isPickupCity\";b:1;s:14:\"isDeliveryCity\";b:1;}i:37;a:4:{s:19:\"operationalCityName\";s:10:\"BANGULDERO\";s:11:\"countryName\";s:8:\"Pakistan\";s:12:\"isPickupCity\";b:1;s:14:\"isDeliveryCity\";b:1;}i:38;a:4:{s:19:\"operationalCityName\";s:5:\"BANNU\";s:11:\"countryName\";s:8:\"Pakistan\";s:12:\"isPickupCity\";b:1;s:14:\"isDeliveryCity\";b:1;}i:39;a:4:{s:19:\"operationalCityName\";s:11:\"BANSRA GALI\";s:11:\"countryName\";s:8:\"Pakistan\";s:12:\"isPickupCity\";b:1;s:14:\"isDeliveryCity\";b:1;}i:40;a:4:{s:19:\"operationalCityName\";s:11:\"BARA MARKET\";s:11:\"countryName\";s:8:\"Pakistan\";s:12:\"isPickupCity\";b:1;s:14:\"isDeliveryCity\";b:1;}i:41;a:4:{s:19:\"operationalCityName\";s:6:\"BARIAN\";s:11:\"countryName\";s:8:\"Pakistan\";s:12:\"isPickupCity\";b:1;s:14:\"isDeliveryCity\";b:1;}i:42;a:4:{s:19:\"operationalCityName\";s:7:\"BARIKOT\";s:11:\"countryName\";s:8:\"Pakistan\";s:12:\"isPickupCity\";b:1;s:14:\"isDeliveryCity\";b:1;}i:43;a:4:{s:19:\"operationalCityName\";s:6:\"BARRTH\";s:11:\"countryName\";s:8:\"Pakistan\";s:12:\"isPickupCity\";b:1;s:14:\"isDeliveryCity\";b:1;}i:44;a:4:{s:19:\"operationalCityName\";s:8:\"BASHARAT\";s:11:\"countryName\";s:8:\"Pakistan\";s:12:\"isPickupCity\";b:1;s:14:\"isDeliveryCity\";b:1;}i:45;a:4:{s:19:\"operationalCityName\";s:8:\"BASIRPUR\";s:11:\"countryName\";s:8:\"Pakistan\";s:12:\"isPickupCity\";b:1;s:14:\"isDeliveryCity\";b:1;}i:46;a:4:{s:19:\"operationalCityName\";s:12:\"BASTI MALOOK\";s:11:\"countryName\";s:8:\"Pakistan\";s:12:\"isPickupCity\";b:1;s:14:\"isDeliveryCity\";b:1;}i:47;a:4:{s:19:\"operationalCityName\";s:8:\"BATKHELA\";s:11:\"countryName\";s:8:\"Pakistan\";s:12:\"isPickupCity\";b:1;s:14:\"isDeliveryCity\";b:1;}i:48;a:4:{s:19:\"operationalCityName\";s:9:\"BATTAGRAM\";s:11:\"countryName\";s:8:\"Pakistan\";s:12:\"isPickupCity\";b:1;s:14:\"isDeliveryCity\";b:1;}i:49;a:4:{s:19:\"operationalCityName\";s:9:\"BEGUM KOT\";s:11:\"countryName\";s:8:\"Pakistan\";s:12:\"isPickupCity\";b:1;s:14:\"isDeliveryCity\";b:1;}i:50;a:4:{s:19:\"operationalCityName\";s:4:\"BELA\";s:11:\"countryName\";s:8:\"Pakistan\";s:12:\"isPickupCity\";b:1;s:14:\"isDeliveryCity\";b:1;}i:51;a:4:{s:19:\"operationalCityName\";s:11:\"BHAGTANWALA\";s:11:\"countryName\";s:8:\"Pakistan\";s:12:\"isPickupCity\";b:1;s:14:\"isDeliveryCity\";b:1;}i:52;a:4:{s:19:\"operationalCityName\";s:10:\"BHAI PHERU\";s:11:\"countryName\";s:8:\"Pakistan\";s:12:\"isPickupCity\";b:1;s:14:\"isDeliveryCity\";b:1;}i:53;a:4:{s:19:\"operationalCityName\";s:7:\"BHAKKAR\";s:11:\"countryName\";s:8:\"Pakistan\";s:12:\"isPickupCity\";b:1;s:14:\"isDeliveryCity\";b:1;}i:54;a:4:{s:19:\"operationalCityName\";s:11:\"BHAL SYEDAN\";s:11:\"countryName\";s:8:\"Pakistan\";s:12:\"isPickupCity\";b:1;s:14:\"isDeliveryCity\";b:1;}i:55;a:4:{s:19:\"operationalCityName\";s:8:\"BHALWAAL\";s:11:\"countryName\";s:8:\"Pakistan\";s:12:\"isPickupCity\";b:1;s:14:\"isDeliveryCity\";b:1;}i:56;a:4:{s:19:\"operationalCityName\";s:14:\"BHAN SAYEDABAD\";s:11:\"countryName\";s:8:\"Pakistan\";s:12:\"isPickupCity\";b:1;s:14:\"isDeliveryCity\";b:1;}i:57;a:4:{s:19:\"operationalCityName\";s:10:\"BHARA KAHU\";s:11:\"countryName\";s:8:\"Pakistan\";s:12:\"isPickupCity\";b:1;s:14:\"isDeliveryCity\";b:1;}i:58;a:4:{s:19:\"operationalCityName\";s:5:\"BHERA\";s:11:\"countryName\";s:8:\"Pakistan\";s:12:\"isPickupCity\";b:1;s:14:\"isDeliveryCity\";b:1;}i:59;a:4:{s:19:\"operationalCityName\";s:6:\"BHIKKI\";s:11:\"countryName\";s:8:\"Pakistan\";s:12:\"isPickupCity\";b:1;s:14:\"isDeliveryCity\";b:1;}i:60;a:4:{s:19:\"operationalCityName\";s:13:\"BHIMBER (AJK)\";s:11:\"countryName\";s:8:\"Pakistan\";s:12:\"isPickupCity\";b:1;s:14:\"isDeliveryCity\";b:1;}i:61;a:4:{s:19:\"operationalCityName\";s:10:\"BHOPALWALA\";s:11:\"countryName\";s:8:\"Pakistan\";s:12:\"isPickupCity\";b:1;s:14:\"isDeliveryCity\";b:1;}i:62;a:4:{s:19:\"operationalCityName\";s:7:\"BHOWANA\";s:11:\"countryName\";s:8:\"Pakistan\";s:12:\"isPickupCity\";b:1;s:14:\"isDeliveryCity\";b:1;}i:63;a:4:{s:19:\"operationalCityName\";s:20:\"BHURBUN (P.C. HOTEL)\";s:11:\"countryName\";s:8:\"Pakistan\";s:12:\"isPickupCity\";b:1;s:14:\"isDeliveryCity\";b:1;}i:64;a:4:{s:19:\"operationalCityName\";s:9:\"BILALABAD\";s:11:\"countryName\";s:8:\"Pakistan\";s:12:\"isPickupCity\";b:1;s:14:\"isDeliveryCity\";b:1;}i:65;a:4:{s:19:\"operationalCityName\";s:11:\"BONGA HAYAT\";s:11:\"countryName\";s:8:\"Pakistan\";s:12:\"isPickupCity\";b:1;s:14:\"isDeliveryCity\";b:1;}i:66;a:4:{s:19:\"operationalCityName\";s:11:\"BOZDAR WADA\";s:11:\"countryName\";s:8:\"Pakistan\";s:12:\"isPickupCity\";b:1;s:14:\"isDeliveryCity\";b:1;}i:67;a:4:{s:19:\"operationalCityName\";s:7:\"BUCHEKE\";s:11:\"countryName\";s:8:\"Pakistan\";s:12:\"isPickupCity\";b:1;s:14:\"isDeliveryCity\";b:1;}i:68;a:4:{s:19:\"operationalCityName\";s:5:\"BUNER\";s:11:\"countryName\";s:8:\"Pakistan\";s:12:\"isPickupCity\";b:1;s:14:\"isDeliveryCity\";b:1;}i:69;a:4:{s:19:\"operationalCityName\";s:8:\"BUREWALA\";s:11:\"countryName\";s:8:\"Pakistan\";s:12:\"isPickupCity\";b:1;s:14:\"isDeliveryCity\";b:1;}i:70;a:4:{s:19:\"operationalCityName\";s:24:\"CADET COLLEGE SUNNY BANK\";s:11:\"countryName\";s:8:\"Pakistan\";s:12:\"isPickupCity\";b:1;s:14:\"isDeliveryCity\";b:1;}i:71;a:4:{s:19:\"operationalCityName\";s:13:\"CHAK ALI SHAH\";s:11:\"countryName\";s:8:\"Pakistan\";s:12:\"isPickupCity\";b:1;s:14:\"isDeliveryCity\";b:1;}i:72;a:4:{s:19:\"operationalCityName\";s:14:\"CHAK BELI KHAN\";s:11:\"countryName\";s:8:\"Pakistan\";s:12:\"isPickupCity\";b:1;s:14:\"isDeliveryCity\";b:1;}i:73;a:4:{s:19:\"operationalCityName\";s:10:\"CHAK HAMID\";s:11:\"countryName\";s:8:\"Pakistan\";s:12:\"isPickupCity\";b:1;s:14:\"isDeliveryCity\";b:1;}i:74;a:4:{s:19:\"operationalCityName\";s:9:\"CHAK JANI\";s:11:\"countryName\";s:8:\"Pakistan\";s:12:\"isPickupCity\";b:1;s:14:\"isDeliveryCity\";b:1;}i:75;a:4:{s:19:\"operationalCityName\";s:11:\"CHAK JHUMRA\";s:11:\"countryName\";s:8:\"Pakistan\";s:12:\"isPickupCity\";b:1;s:14:\"isDeliveryCity\";b:1;}i:76;a:4:{s:19:\"operationalCityName\";s:11:\"CHAK PARANA\";s:11:\"countryName\";s:8:\"Pakistan\";s:12:\"isPickupCity\";b:1;s:14:\"isDeliveryCity\";b:1;}i:77;a:4:{s:19:\"operationalCityName\";s:10:\"CHAK SHADI\";s:11:\"countryName\";s:8:\"Pakistan\";s:12:\"isPickupCity\";b:1;s:14:\"isDeliveryCity\";b:1;}i:78;a:4:{s:19:\"operationalCityName\";s:8:\"CHAKDARA\";s:11:\"countryName\";s:8:\"Pakistan\";s:12:\"isPickupCity\";b:1;s:14:\"isDeliveryCity\";b:1;}i:79;a:4:{s:19:\"operationalCityName\";s:8:\"CHAKLALA\";s:11:\"countryName\";s:8:\"Pakistan\";s:12:\"isPickupCity\";b:1;s:14:\"isDeliveryCity\";b:1;}i:80;a:4:{s:19:\"operationalCityName\";s:6:\"CHAKRI\";s:11:\"countryName\";s:8:\"Pakistan\";s:12:\"isPickupCity\";b:1;s:14:\"isDeliveryCity\";b:1;}i:81;a:4:{s:19:\"operationalCityName\";s:7:\"CHAKWAL\";s:11:\"countryName\";s:8:\"Pakistan\";s:12:\"isPickupCity\";b:1;s:14:\"isDeliveryCity\";b:1;}i:82;a:4:{s:19:\"operationalCityName\";s:6:\"CHAMAN\";s:11:\"countryName\";s:8:\"Pakistan\";s:12:\"isPickupCity\";b:1;s:14:\"isDeliveryCity\";b:1;}i:83;a:4:{s:19:\"operationalCityName\";s:9:\"CHAMANKOT\";s:11:\"countryName\";s:8:\"Pakistan\";s:12:\"isPickupCity\";b:1;s:14:\"isDeliveryCity\";b:1;}i:84;a:4:{s:19:\"operationalCityName\";s:12:\"CHANGA MANGA\";s:11:\"countryName\";s:8:\"Pakistan\";s:12:\"isPickupCity\";b:1;s:14:\"isDeliveryCity\";b:1;}i:85;a:4:{s:19:\"operationalCityName\";s:9:\"CHAR BAGH\";s:11:\"countryName\";s:8:\"Pakistan\";s:12:\"isPickupCity\";b:1;s:14:\"isDeliveryCity\";b:1;}i:86;a:4:{s:19:\"operationalCityName\";s:9:\"CHARSADDA\";s:11:\"countryName\";s:8:\"Pakistan\";s:12:\"isPickupCity\";b:1;s:14:\"isDeliveryCity\";b:1;}i:87;a:4:{s:19:\"operationalCityName\";s:7:\"CHASHMA\";s:11:\"countryName\";s:8:\"Pakistan\";s:12:\"isPickupCity\";b:1;s:14:\"isDeliveryCity\";b:1;}i:88;a:4:{s:19:\"operationalCityName\";s:8:\"CHAWINDA\";s:11:\"countryName\";s:8:\"Pakistan\";s:12:\"isPickupCity\";b:1;s:14:\"isDeliveryCity\";b:1;}i:89;a:4:{s:19:\"operationalCityName\";s:12:\"CHENAB NAGAR\";s:11:\"countryName\";s:8:\"Pakistan\";s:12:\"isPickupCity\";b:1;s:14:\"isDeliveryCity\";b:1;}i:90;a:4:{s:19:\"operationalCityName\";s:11:\"CHICHAWATNI\";s:11:\"countryName\";s:8:\"Pakistan\";s:12:\"isPickupCity\";b:1;s:14:\"isDeliveryCity\";b:1;}i:91;a:4:{s:19:\"operationalCityName\";s:7:\"CHINIOT\";s:11:\"countryName\";s:8:\"Pakistan\";s:12:\"isPickupCity\";b:1;s:14:\"isDeliveryCity\";b:1;}i:92;a:4:{s:19:\"operationalCityName\";s:6:\"CHINJI\";s:11:\"countryName\";s:8:\"Pakistan\";s:12:\"isPickupCity\";b:1;s:14:\"isDeliveryCity\";b:1;}i:93;a:4:{s:19:\"operationalCityName\";s:8:\"CHISTIAN\";s:11:\"countryName\";s:8:\"Pakistan\";s:12:\"isPickupCity\";b:1;s:14:\"isDeliveryCity\";b:1;}i:94;a:4:{s:19:\"operationalCityName\";s:7:\"CHITRAL\";s:11:\"countryName\";s:8:\"Pakistan\";s:12:\"isPickupCity\";b:1;s:14:\"isDeliveryCity\";b:1;}i:95;a:4:{s:19:\"operationalCityName\";s:11:\"CHITTA MORE\";s:11:\"countryName\";s:8:\"Pakistan\";s:12:\"isPickupCity\";b:1;s:14:\"isDeliveryCity\";b:1;}i:96;a:4:{s:19:\"operationalCityName\";s:11:\"CHOA KHALSA\";s:11:\"countryName\";s:8:\"Pakistan\";s:12:\"isPickupCity\";b:1;s:14:\"isDeliveryCity\";b:1;}i:97;a:4:{s:19:\"operationalCityName\";s:16:\"CHOA SAIDAN SHAH\";s:11:\"countryName\";s:8:\"Pakistan\";s:12:\"isPickupCity\";b:1;s:14:\"isDeliveryCity\";b:1;}i:98;a:4:{s:19:\"operationalCityName\";s:7:\"CHOBARA\";s:11:\"countryName\";s:8:\"Pakistan\";s:12:\"isPickupCity\";b:1;s:14:\"isDeliveryCity\";b:1;}i:99;a:4:{s:19:\"operationalCityName\";s:4:\"CHOR\";s:11:\"countryName\";s:8:\"Pakistan\";s:12:\"isPickupCity\";b:1;s:14:\"isDeliveryCity\";b:1;}i:100;a:4:{s:19:\"operationalCityName\";s:12:\"CHOTA LAHORE\";s:11:\"countryName\";s:8:\"Pakistan\";s:12:\"isPickupCity\";b:1;s:14:\"isDeliveryCity\";b:1;}i:101;a:4:{s:19:\"operationalCityName\";s:10:\"CHOWK AZAM\";s:11:\"countryName\";s:8:\"Pakistan\";s:12:\"isPickupCity\";b:1;s:14:\"isDeliveryCity\";b:1;}i:102;a:4:{s:19:\"operationalCityName\";s:11:\"CHOWK MUNDA\";s:11:\"countryName\";s:8:\"Pakistan\";s:12:\"isPickupCity\";b:1;s:14:\"isDeliveryCity\";b:1;}i:103;a:4:{s:19:\"operationalCityName\";s:13:\"CHOWK PANDORI\";s:11:\"countryName\";s:8:\"Pakistan\";s:12:\"isPickupCity\";b:1;s:14:\"isDeliveryCity\";b:1;}i:104;a:4:{s:19:\"operationalCityName\";s:13:\"CHUHAR JAMALI\";s:11:\"countryName\";s:8:\"Pakistan\";s:12:\"isPickupCity\";b:1;s:14:\"isDeliveryCity\";b:1;}i:105;a:4:{s:19:\"operationalCityName\";s:9:\"CHUNAWALA\";s:11:\"countryName\";s:8:\"Pakistan\";s:12:\"isPickupCity\";b:1;s:14:\"isDeliveryCity\";b:1;}i:106;a:4:{s:19:\"operationalCityName\";s:7:\"CHUNIAN\";s:11:\"countryName\";s:8:\"Pakistan\";s:12:\"isPickupCity\";b:1;s:14:\"isDeliveryCity\";b:1;}i:107;a:4:{s:19:\"operationalCityName\";s:4:\"DADU\";s:11:\"countryName\";s:8:\"Pakistan\";s:12:\"isPickupCity\";b:1;s:14:\"isDeliveryCity\";b:1;}i:108;a:4:{s:19:\"operationalCityName\";s:12:\"DADYAL (AJK)\";s:11:\"countryName\";s:8:\"Pakistan\";s:12:\"isPickupCity\";b:1;s:14:\"isDeliveryCity\";b:1;}i:109;a:4:{s:19:\"operationalCityName\";s:14:\"DAGHONI BALGAR\";s:11:\"countryName\";s:8:\"Pakistan\";s:12:\"isPickupCity\";b:1;s:14:\"isDeliveryCity\";b:1;}i:110;a:4:{s:19:\"operationalCityName\";s:7:\"DAKWALA\";s:11:\"countryName\";s:8:\"Pakistan\";s:12:\"isPickupCity\";b:1;s:14:\"isDeliveryCity\";b:1;}i:111;a:4:{s:19:\"operationalCityName\";s:8:\"DAMBODAS\";s:11:\"countryName\";s:8:\"Pakistan\";s:12:\"isPickupCity\";b:1;s:14:\"isDeliveryCity\";b:1;}i:112;a:4:{s:19:\"operationalCityName\";s:18:\"DANDA SHAH BILAWAL\";s:11:\"countryName\";s:8:\"Pakistan\";s:12:\"isPickupCity\";b:1;s:14:\"isDeliveryCity\";b:1;}i:113;a:4:{s:19:\"operationalCityName\";s:9:\"DAOOD ZAI\";s:11:\"countryName\";s:8:\"Pakistan\";s:12:\"isPickupCity\";b:1;s:14:\"isDeliveryCity\";b:1;}i:114;a:4:{s:19:\"operationalCityName\";s:6:\"DARGAI\";s:11:\"countryName\";s:8:\"Pakistan\";s:12:\"isPickupCity\";b:1;s:14:\"isDeliveryCity\";b:1;}i:115;a:4:{s:19:\"operationalCityName\";s:5:\"DARRO\";s:11:\"countryName\";s:8:\"Pakistan\";s:12:\"isPickupCity\";b:1;s:14:\"isDeliveryCity\";b:1;}i:116;a:4:{s:19:\"operationalCityName\";s:10:\"DARYA GALI\";s:11:\"countryName\";s:8:\"Pakistan\";s:12:\"isPickupCity\";b:1;s:14:\"isDeliveryCity\";b:1;}i:117;a:4:{s:19:\"operationalCityName\";s:10:\"DARYA KHAN\";s:11:\"countryName\";s:8:\"Pakistan\";s:12:\"isPickupCity\";b:1;s:14:\"isDeliveryCity\";b:1;}i:118;a:4:{s:19:\"operationalCityName\";s:5:\"DASKA\";s:11:\"countryName\";s:8:\"Pakistan\";s:12:\"isPickupCity\";b:1;s:14:\"isDeliveryCity\";b:1;}i:119;a:4:{s:19:\"operationalCityName\";s:9:\"DAUD KHEL\";s:11:\"countryName\";s:8:\"Pakistan\";s:12:\"isPickupCity\";b:1;s:14:\"isDeliveryCity\";b:1;}i:120;a:4:{s:19:\"operationalCityName\";s:9:\"DAUL TALA\";s:11:\"countryName\";s:8:\"Pakistan\";s:12:\"isPickupCity\";b:1;s:14:\"isDeliveryCity\";b:1;}i:121;a:4:{s:19:\"operationalCityName\";s:9:\"DAULATPUR\";s:11:\"countryName\";s:8:\"Pakistan\";s:12:\"isPickupCity\";b:1;s:14:\"isDeliveryCity\";b:1;}i:122;a:4:{s:19:\"operationalCityName\";s:4:\"DAUR\";s:11:\"countryName\";s:8:\"Pakistan\";s:12:\"isPickupCity\";b:1;s:14:\"isDeliveryCity\";b:1;}i:123;a:4:{s:19:\"operationalCityName\";s:7:\"DEHARKI\";s:11:\"countryName\";s:8:\"Pakistan\";s:12:\"isPickupCity\";b:1;s:14:\"isDeliveryCity\";b:1;}i:124;a:4:{s:19:\"operationalCityName\";s:8:\"DEPALPUR\";s:11:\"countryName\";s:8:\"Pakistan\";s:12:\"isPickupCity\";b:1;s:14:\"isDeliveryCity\";b:1;}i:125;a:4:{s:19:\"operationalCityName\";s:14:\"DERA ALLAH YAR\";s:11:\"countryName\";s:8:\"Pakistan\";s:12:\"isPickupCity\";b:1;s:14:\"isDeliveryCity\";b:1;}i:126;a:4:{s:19:\"operationalCityName\";s:15:\"DERA GHAZI KHAN\";s:11:\"countryName\";s:8:\"Pakistan\";s:12:\"isPickupCity\";b:1;s:14:\"isDeliveryCity\";b:1;}i:127;a:4:{s:19:\"operationalCityName\";s:16:\"DERA ISMAIL KHAN\";s:11:\"countryName\";s:8:\"Pakistan\";s:12:\"isPickupCity\";b:1;s:14:\"isDeliveryCity\";b:1;}i:128;a:4:{s:19:\"operationalCityName\";s:17:\"DERA MURAD JAMALI\";s:11:\"countryName\";s:8:\"Pakistan\";s:12:\"isPickupCity\";b:1;s:14:\"isDeliveryCity\";b:1;}i:129;a:4:{s:19:\"operationalCityName\";s:10:\"DERA NAWAB\";s:11:\"countryName\";s:8:\"Pakistan\";s:12:\"isPickupCity\";b:1;s:14:\"isDeliveryCity\";b:1;}i:130;a:4:{s:19:\"operationalCityName\";s:5:\"DEWAL\";s:11:\"countryName\";s:8:\"Pakistan\";s:12:\"isPickupCity\";b:1;s:14:\"isDeliveryCity\";b:1;}i:131;a:4:{s:19:\"operationalCityName\";s:7:\"DEWALAY\";s:11:\"countryName\";s:8:\"Pakistan\";s:12:\"isPickupCity\";b:1;s:14:\"isDeliveryCity\";b:1;}i:132;a:4:{s:19:\"operationalCityName\";s:7:\"DHABJEE\";s:11:\"countryName\";s:8:\"Pakistan\";s:12:\"isPickupCity\";b:1;s:14:\"isDeliveryCity\";b:1;}i:133;a:4:{s:19:\"operationalCityName\";s:7:\"DHARABI\";s:11:\"countryName\";s:8:\"Pakistan\";s:12:\"isPickupCity\";b:1;s:14:\"isDeliveryCity\";b:1;}i:134;a:4:{s:19:\"operationalCityName\";s:14:\"DHARYALA JALAP\";s:11:\"countryName\";s:8:\"Pakistan\";s:12:\"isPickupCity\";b:1;s:14:\"isDeliveryCity\";b:1;}i:135;a:4:{s:19:\"operationalCityName\";s:12:\"DHERI ARAIAN\";s:11:\"countryName\";s:8:\"Pakistan\";s:12:\"isPickupCity\";b:1;s:14:\"isDeliveryCity\";b:1;}i:136;a:4:{s:19:\"operationalCityName\";s:7:\"DHIRKOT\";s:11:\"countryName\";s:8:\"Pakistan\";s:12:\"isPickupCity\";b:1;s:14:\"isDeliveryCity\";b:1;}i:137;a:4:{s:19:\"operationalCityName\";s:7:\"DHUDIAL\";s:11:\"countryName\";s:8:\"Pakistan\";s:12:\"isPickupCity\";b:1;s:14:\"isDeliveryCity\";b:1;}i:138;a:4:{s:19:\"operationalCityName\";s:7:\"DHULIAN\";s:11:\"countryName\";s:8:\"Pakistan\";s:12:\"isPickupCity\";b:1;s:14:\"isDeliveryCity\";b:1;}i:139;a:4:{s:19:\"operationalCityName\";s:7:\"DHURNAL\";s:11:\"countryName\";s:8:\"Pakistan\";s:12:\"isPickupCity\";b:1;s:14:\"isDeliveryCity\";b:1;}i:140;a:4:{s:19:\"operationalCityName\";s:5:\"DIGRI\";s:11:\"countryName\";s:8:\"Pakistan\";s:12:\"isPickupCity\";b:1;s:14:\"isDeliveryCity\";b:1;}i:141;a:4:{s:19:\"operationalCityName\";s:6:\"DIJKOT\";s:11:\"countryName\";s:8:\"Pakistan\";s:12:\"isPickupCity\";b:1;s:14:\"isDeliveryCity\";b:1;}i:142;a:4:{s:19:\"operationalCityName\";s:4:\"DINA\";s:11:\"countryName\";s:8:\"Pakistan\";s:12:\"isPickupCity\";b:1;s:14:\"isDeliveryCity\";b:1;}i:143;a:4:{s:19:\"operationalCityName\";s:5:\"DINGA\";s:11:\"countryName\";s:8:\"Pakistan\";s:12:\"isPickupCity\";b:1;s:14:\"isDeliveryCity\";b:1;}i:144;a:4:{s:19:\"operationalCityName\";s:14:\"DISTT. COMPLEX\";s:11:\"countryName\";s:8:\"Pakistan\";s:12:\"isPickupCity\";b:1;s:14:\"isDeliveryCity\";b:1;}i:145;a:4:{s:19:\"operationalCityName\";s:5:\"DOABA\";s:11:\"countryName\";s:8:\"Pakistan\";s:12:\"isPickupCity\";b:1;s:14:\"isDeliveryCity\";b:1;}i:146;a:4:{s:19:\"operationalCityName\";s:14:\"DOBERAN KALLAN\";s:11:\"countryName\";s:8:\"Pakistan\";s:12:\"isPickupCity\";b:1;s:14:\"isDeliveryCity\";b:1;}i:147;a:4:{s:19:\"operationalCityName\";s:5:\"DOKRI\";s:11:\"countryName\";s:8:\"Pakistan\";s:12:\"isPickupCity\";b:1;s:14:\"isDeliveryCity\";b:1;}i:148;a:4:{s:19:\"operationalCityName\";s:11:\"DONGA BONGA\";s:11:\"countryName\";s:8:\"Pakistan\";s:12:\"isPickupCity\";b:1;s:14:\"isDeliveryCity\";b:1;}i:149;a:4:{s:19:\"operationalCityName\";s:10:\"DULLE WALA\";s:11:\"countryName\";s:8:\"Pakistan\";s:12:\"isPickupCity\";b:1;s:14:\"isDeliveryCity\";b:1;}i:150;a:4:{s:19:\"operationalCityName\";s:8:\"DUNIAPUR\";s:11:\"countryName\";s:8:\"Pakistan\";s:12:\"isPickupCity\";b:1;s:14:\"isDeliveryCity\";b:1;}i:151;a:4:{s:19:\"operationalCityName\";s:12:\"F.F.C. PLANT\";s:11:\"countryName\";s:8:\"Pakistan\";s:12:\"isPickupCity\";b:1;s:14:\"isDeliveryCity\";b:1;}i:152;a:4:{s:19:\"operationalCityName\";s:10:\"Faisalabad\";s:11:\"countryName\";s:8:\"Pakistan\";s:12:\"isPickupCity\";b:1;s:14:\"isDeliveryCity\";b:1;}i:153;a:4:{s:19:\"operationalCityName\";s:9:\"FAQIRWALI\";s:11:\"countryName\";s:8:\"Pakistan\";s:12:\"isPickupCity\";b:1;s:14:\"isDeliveryCity\";b:1;}i:154;a:4:{s:19:\"operationalCityName\";s:6:\"FAROKA\";s:11:\"countryName\";s:8:\"Pakistan\";s:12:\"isPickupCity\";b:1;s:14:\"isDeliveryCity\";b:1;}i:155;a:4:{s:19:\"operationalCityName\";s:10:\"FAROOQABAD\";s:11:\"countryName\";s:8:\"Pakistan\";s:12:\"isPickupCity\";b:1;s:14:\"isDeliveryCity\";b:1;}i:156;a:4:{s:19:\"operationalCityName\";s:10:\"FATEH JANG\";s:11:\"countryName\";s:8:\"Pakistan\";s:12:\"isPickupCity\";b:1;s:14:\"isDeliveryCity\";b:1;}i:157;a:4:{s:19:\"operationalCityName\";s:9:\"FATEH PUR\";s:11:\"countryName\";s:8:\"Pakistan\";s:12:\"isPickupCity\";b:1;s:14:\"isDeliveryCity\";b:1;}i:158;a:4:{s:19:\"operationalCityName\";s:15:\"FATEH PUR KAMAL\";s:11:\"countryName\";s:8:\"Pakistan\";s:12:\"isPickupCity\";b:1;s:14:\"isDeliveryCity\";b:1;}i:159;a:4:{s:19:\"operationalCityName\";s:9:\"FAZIL PUR\";s:11:\"countryName\";s:8:\"Pakistan\";s:12:\"isPickupCity\";b:1;s:14:\"isDeliveryCity\";b:1;}i:160;a:4:{s:19:\"operationalCityName\";s:12:\"FEROZ WATWAN\";s:11:\"countryName\";s:8:\"Pakistan\";s:12:\"isPickupCity\";b:1;s:14:\"isDeliveryCity\";b:1;}i:161;a:4:{s:19:\"operationalCityName\";s:10:\"FEROZEWALA\";s:11:\"countryName\";s:8:\"Pakistan\";s:12:\"isPickupCity\";b:1;s:14:\"isDeliveryCity\";b:1;}i:162;a:4:{s:19:\"operationalCityName\";s:17:\"FKPCL POWER PLANT\";s:11:\"countryName\";s:8:\"Pakistan\";s:12:\"isPickupCity\";b:1;s:14:\"isDeliveryCity\";b:1;}i:163;a:4:{s:19:\"operationalCityName\";s:10:\"FORT ABBAS\";s:11:\"countryName\";s:8:\"Pakistan\";s:12:\"isPickupCity\";b:1;s:14:\"isDeliveryCity\";b:1;}i:164;a:4:{s:19:\"operationalCityName\";s:5:\"GAGAN\";s:11:\"countryName\";s:8:\"Pakistan\";s:12:\"isPickupCity\";b:1;s:14:\"isDeliveryCity\";b:1;}i:165;a:4:{s:19:\"operationalCityName\";s:11:\"GAGGO MANDI\";s:11:\"countryName\";s:8:\"Pakistan\";s:12:\"isPickupCity\";b:1;s:14:\"isDeliveryCity\";b:1;}i:166;a:4:{s:19:\"operationalCityName\";s:10:\"GALI JAGIR\";s:11:\"countryName\";s:8:\"Pakistan\";s:12:\"isPickupCity\";b:1;s:14:\"isDeliveryCity\";b:1;}i:167;a:4:{s:19:\"operationalCityName\";s:12:\"GAMBA SKARDU\";s:11:\"countryName\";s:8:\"Pakistan\";s:12:\"isPickupCity\";b:1;s:14:\"isDeliveryCity\";b:1;}i:168;a:4:{s:19:\"operationalCityName\";s:6:\"GAMBAT\";s:11:\"countryName\";s:8:\"Pakistan\";s:12:\"isPickupCity\";b:1;s:14:\"isDeliveryCity\";b:1;}i:169;a:4:{s:19:\"operationalCityName\";s:6:\"GAMBER\";s:11:\"countryName\";s:8:\"Pakistan\";s:12:\"isPickupCity\";b:1;s:14:\"isDeliveryCity\";b:1;}i:170;a:4:{s:19:\"operationalCityName\";s:13:\"GARH MAHARAJA\";s:11:\"countryName\";s:8:\"Pakistan\";s:12:\"isPickupCity\";b:1;s:14:\"isDeliveryCity\";b:1;}i:171;a:4:{s:19:\"operationalCityName\";s:9:\"GARH MORE\";s:11:\"countryName\";s:8:\"Pakistan\";s:12:\"isPickupCity\";b:1;s:14:\"isDeliveryCity\";b:1;}i:172;a:4:{s:19:\"operationalCityName\";s:10:\"GARHA MORE\";s:11:\"countryName\";s:8:\"Pakistan\";s:12:\"isPickupCity\";b:1;s:14:\"isDeliveryCity\";b:1;}i:173;a:4:{s:19:\"operationalCityName\";s:10:\"GARHI MORI\";s:11:\"countryName\";s:8:\"Pakistan\";s:12:\"isPickupCity\";b:1;s:14:\"isDeliveryCity\";b:1;}i:174;a:4:{s:19:\"operationalCityName\";s:16:\"GATWALA 199 / RB\";s:11:\"countryName\";s:8:\"Pakistan\";s:12:\"isPickupCity\";b:1;s:14:\"isDeliveryCity\";b:1;}i:175;a:4:{s:19:\"operationalCityName\";s:13:\"GHAKKAR MANDI\";s:11:\"countryName\";s:8:\"Pakistan\";s:12:\"isPickupCity\";b:1;s:14:\"isDeliveryCity\";b:1;}i:176;a:4:{s:19:\"operationalCityName\";s:9:\"GHAR MORE\";s:11:\"countryName\";s:8:\"Pakistan\";s:12:\"isPickupCity\";b:1;s:14:\"isDeliveryCity\";b:1;}i:177;a:4:{s:19:\"operationalCityName\";s:16:\"GHARI HABIBULLAH\";s:11:\"countryName\";s:8:\"Pakistan\";s:12:\"isPickupCity\";b:1;s:14:\"isDeliveryCity\";b:1;}i:178;a:4:{s:19:\"operationalCityName\";s:12:\"GHARIAL CAMP\";s:11:\"countryName\";s:8:\"Pakistan\";s:12:\"isPickupCity\";b:1;s:14:\"isDeliveryCity\";b:1;}i:179;a:4:{s:19:\"operationalCityName\";s:9:\"GHARIBWAL\";s:11:\"countryName\";s:8:\"Pakistan\";s:12:\"isPickupCity\";b:1;s:14:\"isDeliveryCity\";b:1;}i:180;a:4:{s:19:\"operationalCityName\";s:16:\"GHARIBWAL CEMENT\";s:11:\"countryName\";s:8:\"Pakistan\";s:12:\"isPickupCity\";b:1;s:14:\"isDeliveryCity\";b:1;}i:181;a:4:{s:19:\"operationalCityName\";s:5:\"GHARO\";s:11:\"countryName\";s:8:\"Pakistan\";s:12:\"isPickupCity\";b:1;s:14:\"isDeliveryCity\";b:1;}i:182;a:4:{s:19:\"operationalCityName\";s:5:\"GHAZI\";s:11:\"countryName\";s:8:\"Pakistan\";s:12:\"isPickupCity\";b:1;s:14:\"isDeliveryCity\";b:1;}i:183;a:4:{s:19:\"operationalCityName\";s:9:\"GHAZIABAD\";s:11:\"countryName\";s:8:\"Pakistan\";s:12:\"isPickupCity\";b:1;s:14:\"isDeliveryCity\";b:1;}i:184;a:4:{s:19:\"operationalCityName\";s:10:\"GHIKA GALI\";s:11:\"countryName\";s:8:\"Pakistan\";s:12:\"isPickupCity\";b:1;s:14:\"isDeliveryCity\";b:1;}i:185;a:4:{s:19:\"operationalCityName\";s:10:\"GHORA GALI\";s:11:\"countryName\";s:8:\"Pakistan\";s:12:\"isPickupCity\";b:1;s:14:\"isDeliveryCity\";b:1;}i:186;a:4:{s:19:\"operationalCityName\";s:6:\"GHOTKI\";s:11:\"countryName\";s:8:\"Pakistan\";s:12:\"isPickupCity\";b:1;s:14:\"isDeliveryCity\";b:1;}i:187;a:4:{s:19:\"operationalCityName\";s:12:\"GHOUR GHUSTI\";s:11:\"countryName\";s:8:\"Pakistan\";s:12:\"isPickupCity\";b:1;s:14:\"isDeliveryCity\";b:1;}i:188;a:4:{s:19:\"operationalCityName\";s:9:\"GHOUS PUR\";s:11:\"countryName\";s:8:\"Pakistan\";s:12:\"isPickupCity\";b:1;s:14:\"isDeliveryCity\";b:1;}i:189;a:4:{s:19:\"operationalCityName\";s:8:\"GHOUSPUR\";s:11:\"countryName\";s:8:\"Pakistan\";s:12:\"isPickupCity\";b:1;s:14:\"isDeliveryCity\";b:1;}i:190;a:4:{s:19:\"operationalCityName\";s:12:\"GHUMMAN WALA\";s:11:\"countryName\";s:8:\"Pakistan\";s:12:\"isPickupCity\";b:1;s:14:\"isDeliveryCity\";b:1;}i:191;a:4:{s:19:\"operationalCityName\";s:6:\"GILGIT\";s:11:\"countryName\";s:8:\"Pakistan\";s:12:\"isPickupCity\";b:1;s:14:\"isDeliveryCity\";b:1;}i:192;a:4:{s:19:\"operationalCityName\";s:5:\"GOJRA\";s:11:\"countryName\";s:8:\"Pakistan\";s:12:\"isPickupCity\";b:1;s:14:\"isDeliveryCity\";b:1;}i:193;a:4:{s:19:\"operationalCityName\";s:8:\"GOLARCHI\";s:11:\"countryName\";s:8:\"Pakistan\";s:12:\"isPickupCity\";b:1;s:14:\"isDeliveryCity\";b:1;}i:194;a:4:{s:19:\"operationalCityName\";s:6:\"GOLPUR\";s:11:\"countryName\";s:8:\"Pakistan\";s:12:\"isPickupCity\";b:1;s:14:\"isDeliveryCity\";b:1;}i:195;a:4:{s:19:\"operationalCityName\";s:10:\"GOTH MACHI\";s:11:\"countryName\";s:8:\"Pakistan\";s:12:\"isPickupCity\";b:1;s:14:\"isDeliveryCity\";b:1;}i:196;a:4:{s:19:\"operationalCityName\";s:10:\"GUJAR KHAN\";s:11:\"countryName\";s:8:\"Pakistan\";s:12:\"isPickupCity\";b:1;s:14:\"isDeliveryCity\";b:1;}i:197;a:4:{s:19:\"operationalCityName\";s:10:\"GUJRANWALA\";s:11:\"countryName\";s:8:\"Pakistan\";s:12:\"isPickupCity\";b:1;s:14:\"isDeliveryCity\";b:1;}i:198;a:4:{s:19:\"operationalCityName\";s:6:\"GUJRAT\";s:11:\"countryName\";s:8:\"Pakistan\";s:12:\"isPickupCity\";b:1;s:14:\"isDeliveryCity\";b:1;}i:199;a:4:{s:19:\"operationalCityName\";s:7:\"GULYANA\";s:11:\"countryName\";s:8:\"Pakistan\";s:12:\"isPickupCity\";b:1;s:14:\"isDeliveryCity\";b:1;}i:200;a:4:{s:19:\"operationalCityName\";s:12:\"GURMANI ADDA\";s:11:\"countryName\";s:8:\"Pakistan\";s:12:\"isPickupCity\";b:1;s:14:\"isDeliveryCity\";b:1;}i:201;a:4:{s:19:\"operationalCityName\";s:6:\"GWADAR\";s:11:\"countryName\";s:8:\"Pakistan\";s:12:\"isPickupCity\";b:1;s:14:\"isDeliveryCity\";b:1;}i:202;a:4:{s:19:\"operationalCityName\";s:9:\"HAFIZABAD\";s:11:\"countryName\";s:8:\"Pakistan\";s:12:\"isPickupCity\";b:1;s:14:\"isDeliveryCity\";b:1;}i:203;a:4:{s:19:\"operationalCityName\";s:7:\"HAJEERA\";s:11:\"countryName\";s:8:\"Pakistan\";s:12:\"isPickupCity\";b:1;s:14:\"isDeliveryCity\";b:1;}i:204;a:4:{s:19:\"operationalCityName\";s:10:\"HAKIM ABAD\";s:11:\"countryName\";s:8:\"Pakistan\";s:12:\"isPickupCity\";b:1;s:14:\"isDeliveryCity\";b:1;}i:205;a:4:{s:19:\"operationalCityName\";s:4:\"HALA\";s:11:\"countryName\";s:8:\"Pakistan\";s:12:\"isPickupCity\";b:1;s:14:\"isDeliveryCity\";b:1;}i:206;a:4:{s:19:\"operationalCityName\";s:5:\"HANGU\";s:11:\"countryName\";s:8:\"Pakistan\";s:12:\"isPickupCity\";b:1;s:14:\"isDeliveryCity\";b:1;}i:207;a:4:{s:19:\"operationalCityName\";s:8:\"HARANPUR\";s:11:\"countryName\";s:8:\"Pakistan\";s:12:\"isPickupCity\";b:1;s:14:\"isDeliveryCity\";b:1;}i:208;a:4:{s:19:\"operationalCityName\";s:7:\"HARAPPA\";s:11:\"countryName\";s:8:\"Pakistan\";s:12:\"isPickupCity\";b:1;s:14:\"isDeliveryCity\";b:1;}i:209;a:4:{s:19:\"operationalCityName\";s:8:\"HARIGHEL\";s:11:\"countryName\";s:8:\"Pakistan\";s:12:\"isPickupCity\";b:1;s:14:\"isDeliveryCity\";b:1;}i:210;a:4:{s:19:\"operationalCityName\";s:7:\"HARIPUR\";s:11:\"countryName\";s:8:\"Pakistan\";s:12:\"isPickupCity\";b:1;s:14:\"isDeliveryCity\";b:1;}i:211;a:4:{s:19:\"operationalCityName\";s:6:\"HARNAL\";s:11:\"countryName\";s:8:\"Pakistan\";s:12:\"isPickupCity\";b:1;s:14:\"isDeliveryCity\";b:1;}i:212;a:4:{s:19:\"operationalCityName\";s:10:\"HAROONABAD\";s:11:\"countryName\";s:8:\"Pakistan\";s:12:\"isPickupCity\";b:1;s:14:\"isDeliveryCity\";b:1;}i:213;a:4:{s:19:\"operationalCityName\";s:18:\"HASEEB WAQAS MILLS\";s:11:\"countryName\";s:8:\"Pakistan\";s:12:\"isPickupCity\";b:1;s:14:\"isDeliveryCity\";b:1;}i:214;a:4:{s:19:\"operationalCityName\";s:9:\"HASIL PUR\";s:11:\"countryName\";s:8:\"Pakistan\";s:12:\"isPickupCity\";b:1;s:14:\"isDeliveryCity\";b:1;}i:215;a:4:{s:19:\"operationalCityName\";s:12:\"HASSAN ABDAL\";s:11:\"countryName\";s:8:\"Pakistan\";s:12:\"isPickupCity\";b:1;s:14:\"isDeliveryCity\";b:1;}i:216;a:4:{s:19:\"operationalCityName\";s:10:\"HATIA BALA\";s:11:\"countryName\";s:8:\"Pakistan\";s:12:\"isPickupCity\";b:1;s:14:\"isDeliveryCity\";b:1;}i:217;a:4:{s:19:\"operationalCityName\";s:6:\"HATTAR\";s:11:\"countryName\";s:8:\"Pakistan\";s:12:\"isPickupCity\";b:1;s:14:\"isDeliveryCity\";b:1;}i:218;a:4:{s:19:\"operationalCityName\";s:19:\"HAVELI BAHADUR SHAH\";s:11:\"countryName\";s:8:\"Pakistan\";s:12:\"isPickupCity\";b:1;s:14:\"isDeliveryCity\";b:1;}i:219;a:4:{s:19:\"operationalCityName\";s:12:\"HAVELI LAKHA\";s:11:\"countryName\";s:8:\"Pakistan\";s:12:\"isPickupCity\";b:1;s:14:\"isDeliveryCity\";b:1;}i:220;a:4:{s:19:\"operationalCityName\";s:8:\"HAVELIAN\";s:11:\"countryName\";s:8:\"Pakistan\";s:12:\"isPickupCity\";b:1;s:14:\"isDeliveryCity\";b:1;}i:221;a:4:{s:19:\"operationalCityName\";s:17:\"HAZARA UNIVERSITY\";s:11:\"countryName\";s:8:\"Pakistan\";s:12:\"isPickupCity\";b:1;s:14:\"isDeliveryCity\";b:1;}i:222;a:4:{s:19:\"operationalCityName\";s:5:\"HAZRO\";s:11:\"countryName\";s:8:\"Pakistan\";s:12:\"isPickupCity\";b:1;s:14:\"isDeliveryCity\";b:1;}i:223;a:4:{s:19:\"operationalCityName\";s:16:\"HEAD BALOKI ROAD\";s:11:\"countryName\";s:8:\"Pakistan\";s:12:\"isPickupCity\";b:1;s:14:\"isDeliveryCity\";b:1;}i:224;a:4:{s:19:\"operationalCityName\";s:10:\"HEADMARALA\";s:11:\"countryName\";s:8:\"Pakistan\";s:12:\"isPickupCity\";b:1;s:14:\"isDeliveryCity\";b:1;}i:225;a:4:{s:19:\"operationalCityName\";s:10:\"HUB CHOWKI\";s:11:\"countryName\";s:8:\"Pakistan\";s:12:\"isPickupCity\";b:1;s:14:\"isDeliveryCity\";b:1;}i:226;a:4:{s:19:\"operationalCityName\";s:17:\"HUJRA SHAH MUKEEM\";s:11:\"countryName\";s:8:\"Pakistan\";s:12:\"isPickupCity\";b:1;s:14:\"isDeliveryCity\";b:1;}i:227;a:4:{s:19:\"operationalCityName\";s:13:\"HUNZA–NAGAR\";s:11:\"countryName\";s:8:\"Pakistan\";s:12:\"isPickupCity\";b:1;s:14:\"isDeliveryCity\";b:1;}i:228;a:4:{s:19:\"operationalCityName\";s:5:\"HUSRI\";s:11:\"countryName\";s:8:\"Pakistan\";s:12:\"isPickupCity\";b:1;s:14:\"isDeliveryCity\";b:1;}i:229;a:4:{s:19:\"operationalCityName\";s:11:\"HUSSAINABAD\";s:11:\"countryName\";s:8:\"Pakistan\";s:12:\"isPickupCity\";b:1;s:14:\"isDeliveryCity\";b:1;}i:230;a:4:{s:19:\"operationalCityName\";s:9:\"HYDERABAD\";s:11:\"countryName\";s:8:\"Pakistan\";s:12:\"isPickupCity\";b:1;s:14:\"isDeliveryCity\";b:1;}i:231;a:4:{s:19:\"operationalCityName\";s:7:\"IIKHLAS\";s:11:\"countryName\";s:8:\"Pakistan\";s:12:\"isPickupCity\";b:1;s:14:\"isDeliveryCity\";b:1;}i:232;a:4:{s:19:\"operationalCityName\";s:10:\"IQBAL ABAD\";s:11:\"countryName\";s:8:\"Pakistan\";s:12:\"isPickupCity\";b:1;s:14:\"isDeliveryCity\";b:1;}i:233;a:4:{s:19:\"operationalCityName\";s:11:\"IQBAL NAGAR\";s:11:\"countryName\";s:8:\"Pakistan\";s:12:\"isPickupCity\";b:1;s:14:\"isDeliveryCity\";b:1;}i:234;a:4:{s:19:\"operationalCityName\";s:15:\"ISLAM HEADWORKS\";s:11:\"countryName\";s:8:\"Pakistan\";s:12:\"isPickupCity\";b:1;s:14:\"isDeliveryCity\";b:1;}i:235;a:4:{s:19:\"operationalCityName\";s:9:\"Islamabad\";s:11:\"countryName\";s:8:\"Pakistan\";s:12:\"isPickupCity\";b:1;s:14:\"isDeliveryCity\";b:1;}i:236;a:4:{s:19:\"operationalCityName\";s:18:\"JABBI SHAH DILAWAR\";s:11:\"countryName\";s:8:\"Pakistan\";s:12:\"isPickupCity\";b:1;s:14:\"isDeliveryCity\";b:1;}i:237;a:4:{s:19:\"operationalCityName\";s:9:\"JACOBABAD\";s:11:\"countryName\";s:8:\"Pakistan\";s:12:\"isPickupCity\";b:1;s:14:\"isDeliveryCity\";b:1;}i:238;a:4:{s:19:\"operationalCityName\";s:9:\"JAFARABAD\";s:11:\"countryName\";s:8:\"Pakistan\";s:12:\"isPickupCity\";b:1;s:14:\"isDeliveryCity\";b:1;}i:239;a:4:{s:19:\"operationalCityName\";s:12:\"JAFFAR MANDI\";s:11:\"countryName\";s:8:\"Pakistan\";s:12:\"isPickupCity\";b:1;s:14:\"isDeliveryCity\";b:1;}i:240;a:4:{s:19:\"operationalCityName\";s:8:\"JAHANIAN\";s:11:\"countryName\";s:8:\"Pakistan\";s:12:\"isPickupCity\";b:1;s:14:\"isDeliveryCity\";b:1;}i:241;a:4:{s:19:\"operationalCityName\";s:17:\"JALALPUR BHATTIAN\";s:11:\"countryName\";s:8:\"Pakistan\";s:12:\"isPickupCity\";b:1;s:14:\"isDeliveryCity\";b:1;}i:242;a:4:{s:19:\"operationalCityName\";s:15:\"JALALPUR JATTAN\";s:11:\"countryName\";s:8:\"Pakistan\";s:12:\"isPickupCity\";b:1;s:14:\"isDeliveryCity\";b:1;}i:243;a:4:{s:19:\"operationalCityName\";s:15:\"JALALPUR SHARIF\";s:11:\"countryName\";s:8:\"Pakistan\";s:12:\"isPickupCity\";b:1;s:14:\"isDeliveryCity\";b:1;}i:244;a:4:{s:19:\"operationalCityName\";s:15:\"JALALPURPIRWALA\";s:11:\"countryName\";s:8:\"Pakistan\";s:12:\"isPickupCity\";b:1;s:14:\"isDeliveryCity\";b:1;}i:245;a:4:{s:19:\"operationalCityName\";s:8:\"JAMALPUR\";s:11:\"countryName\";s:8:\"Pakistan\";s:12:\"isPickupCity\";b:1;s:14:\"isDeliveryCity\";b:1;}i:246;a:4:{s:19:\"operationalCityName\";s:6:\"JAMPUR\";s:11:\"countryName\";s:8:\"Pakistan\";s:12:\"isPickupCity\";b:1;s:14:\"isDeliveryCity\";b:1;}i:247;a:4:{s:19:\"operationalCityName\";s:8:\"JAMSHORO\";s:11:\"countryName\";s:8:\"Pakistan\";s:12:\"isPickupCity\";b:1;s:14:\"isDeliveryCity\";b:1;}i:248;a:4:{s:19:\"operationalCityName\";s:16:\"JANDIA SHER KHAN\";s:11:\"countryName\";s:8:\"Pakistan\";s:12:\"isPickupCity\";b:1;s:14:\"isDeliveryCity\";b:1;}i:249;a:4:{s:19:\"operationalCityName\";s:9:\"JARANWALA\";s:11:\"countryName\";s:8:\"Pakistan\";s:12:\"isPickupCity\";b:1;s:14:\"isDeliveryCity\";b:1;}i:250;a:4:{s:19:\"operationalCityName\";s:6:\"JASIAL\";s:11:\"countryName\";s:8:\"Pakistan\";s:12:\"isPickupCity\";b:1;s:14:\"isDeliveryCity\";b:1;}i:251;a:4:{s:19:\"operationalCityName\";s:12:\"JATLAN (AJK)\";s:11:\"countryName\";s:8:\"Pakistan\";s:12:\"isPickupCity\";b:1;s:14:\"isDeliveryCity\";b:1;}i:252;a:4:{s:19:\"operationalCityName\";s:5:\"JATOI\";s:11:\"countryName\";s:8:\"Pakistan\";s:12:\"isPickupCity\";b:1;s:14:\"isDeliveryCity\";b:1;}i:253;a:4:{s:19:\"operationalCityName\";s:9:\"JEHANGIRA\";s:11:\"countryName\";s:8:\"Pakistan\";s:12:\"isPickupCity\";b:1;s:14:\"isDeliveryCity\";b:1;}i:254;a:4:{s:19:\"operationalCityName\";s:13:\"JHABRAN MANDI\";s:11:\"countryName\";s:8:\"Pakistan\";s:12:\"isPickupCity\";b:1;s:14:\"isDeliveryCity\";b:1;}i:255;a:4:{s:19:\"operationalCityName\";s:5:\"JHANG\";s:11:\"countryName\";s:8:\"Pakistan\";s:12:\"isPickupCity\";b:1;s:14:\"isDeliveryCity\";b:1;}i:256;a:4:{s:19:\"operationalCityName\";s:6:\"JHELUM\";s:11:\"countryName\";s:8:\"Pakistan\";s:12:\"isPickupCity\";b:1;s:14:\"isDeliveryCity\";b:1;}i:257;a:4:{s:19:\"operationalCityName\";s:4:\"JHOL\";s:11:\"countryName\";s:8:\"Pakistan\";s:12:\"isPickupCity\";b:1;s:14:\"isDeliveryCity\";b:1;}i:258;a:4:{s:19:\"operationalCityName\";s:6:\"JHUDDO\";s:11:\"countryName\";s:8:\"Pakistan\";s:12:\"isPickupCity\";b:1;s:14:\"isDeliveryCity\";b:1;}i:259;a:4:{s:19:\"operationalCityName\";s:9:\"JOHARABAD\";s:11:\"countryName\";s:8:\"Pakistan\";s:12:\"isPickupCity\";b:1;s:14:\"isDeliveryCity\";b:1;}i:260;a:4:{s:19:\"operationalCityName\";s:4:\"JOHI\";s:11:\"countryName\";s:8:\"Pakistan\";s:12:\"isPickupCity\";b:1;s:14:\"isDeliveryCity\";b:1;}i:261;a:4:{s:19:\"operationalCityName\";s:6:\"JUTANA\";s:11:\"countryName\";s:8:\"Pakistan\";s:12:\"isPickupCity\";b:1;s:14:\"isDeliveryCity\";b:1;}i:262;a:4:{s:19:\"operationalCityName\";s:9:\"KABIRWALA\";s:11:\"countryName\";s:8:\"Pakistan\";s:12:\"isPickupCity\";b:1;s:14:\"isDeliveryCity\";b:1;}i:263;a:4:{s:19:\"operationalCityName\";s:10:\"KACHA KHOO\";s:11:\"countryName\";s:8:\"Pakistan\";s:12:\"isPickupCity\";b:1;s:14:\"isDeliveryCity\";b:1;}i:264;a:4:{s:19:\"operationalCityName\";s:7:\"KACHURA\";s:11:\"countryName\";s:8:\"Pakistan\";s:12:\"isPickupCity\";b:1;s:14:\"isDeliveryCity\";b:1;}i:265;a:4:{s:19:\"operationalCityName\";s:6:\"KADHAN\";s:11:\"countryName\";s:8:\"Pakistan\";s:12:\"isPickupCity\";b:1;s:14:\"isDeliveryCity\";b:1;}i:266;a:4:{s:19:\"operationalCityName\";s:7:\"KAHAUTA\";s:11:\"countryName\";s:8:\"Pakistan\";s:12:\"isPickupCity\";b:1;s:14:\"isDeliveryCity\";b:1;}i:267;a:4:{s:19:\"operationalCityName\";s:19:\"KAIRPUR NATHIN SHAH\";s:11:\"countryName\";s:8:\"Pakistan\";s:12:\"isPickupCity\";b:1;s:14:\"isDeliveryCity\";b:1;}i:268;a:4:{s:19:\"operationalCityName\";s:9:\"KALASWALA\";s:11:\"countryName\";s:8:\"Pakistan\";s:12:\"isPickupCity\";b:1;s:14:\"isDeliveryCity\";b:1;}i:269;a:4:{s:19:\"operationalCityName\";s:5:\"KALAT\";s:11:\"countryName\";s:8:\"Pakistan\";s:12:\"isPickupCity\";b:1;s:14:\"isDeliveryCity\";b:1;}i:270;a:4:{s:19:\"operationalCityName\";s:10:\"KALI MITTI\";s:11:\"countryName\";s:8:\"Pakistan\";s:12:\"isPickupCity\";b:1;s:14:\"isDeliveryCity\";b:1;}i:271;a:4:{s:19:\"operationalCityName\";s:12:\"KALLAR KAHAR\";s:11:\"countryName\";s:8:\"Pakistan\";s:12:\"isPickupCity\";b:1;s:14:\"isDeliveryCity\";b:1;}i:272;a:4:{s:19:\"operationalCityName\";s:14:\"KALLAR SYEDDAN\";s:11:\"countryName\";s:8:\"Pakistan\";s:12:\"isPickupCity\";b:1;s:14:\"isDeliveryCity\";b:1;}i:273;a:4:{s:19:\"operationalCityName\";s:9:\"KALOR KOT\";s:11:\"countryName\";s:8:\"Pakistan\";s:12:\"isPickupCity\";b:1;s:14:\"isDeliveryCity\";b:1;}i:274;a:4:{s:19:\"operationalCityName\";s:7:\"KAMALIA\";s:11:\"countryName\";s:8:\"Pakistan\";s:12:\"isPickupCity\";b:1;s:14:\"isDeliveryCity\";b:1;}i:275;a:4:{s:19:\"operationalCityName\";s:6:\"KAMOKE\";s:11:\"countryName\";s:8:\"Pakistan\";s:12:\"isPickupCity\";b:1;s:14:\"isDeliveryCity\";b:1;}i:276;a:4:{s:19:\"operationalCityName\";s:5:\"KAMRA\";s:11:\"countryName\";s:8:\"Pakistan\";s:12:\"isPickupCity\";b:1;s:14:\"isDeliveryCity\";b:1;}i:277;a:4:{s:19:\"operationalCityName\";s:7:\"KAMRIAL\";s:11:\"countryName\";s:8:\"Pakistan\";s:12:\"isPickupCity\";b:1;s:14:\"isDeliveryCity\";b:1;}i:278;a:4:{s:19:\"operationalCityName\";s:8:\"KAND KOT\";s:11:\"countryName\";s:8:\"Pakistan\";s:12:\"isPickupCity\";b:1;s:14:\"isDeliveryCity\";b:1;}i:279;a:4:{s:19:\"operationalCityName\";s:8:\"KANDIARO\";s:11:\"countryName\";s:8:\"Pakistan\";s:12:\"isPickupCity\";b:1;s:14:\"isDeliveryCity\";b:1;}i:280;a:4:{s:19:\"operationalCityName\";s:10:\"KANGAN PUR\";s:11:\"countryName\";s:8:\"Pakistan\";s:12:\"isPickupCity\";b:1;s:14:\"isDeliveryCity\";b:1;}i:281;a:4:{s:19:\"operationalCityName\";s:6:\"KANGRA\";s:11:\"countryName\";s:8:\"Pakistan\";s:12:\"isPickupCity\";b:1;s:14:\"isDeliveryCity\";b:1;}i:282;a:4:{s:19:\"operationalCityName\";s:5:\"KANJU\";s:11:\"countryName\";s:8:\"Pakistan\";s:12:\"isPickupCity\";b:1;s:14:\"isDeliveryCity\";b:1;}i:283;a:4:{s:19:\"operationalCityName\";s:6:\"KANOHA\";s:11:\"countryName\";s:8:\"Pakistan\";s:12:\"isPickupCity\";b:1;s:14:\"isDeliveryCity\";b:1;}i:284;a:4:{s:19:\"operationalCityName\";s:6:\"KANYAL\";s:11:\"countryName\";s:8:\"Pakistan\";s:12:\"isPickupCity\";b:1;s:14:\"isDeliveryCity\";b:1;}i:285;a:4:{s:19:\"operationalCityName\";s:17:\"KAPCO POWER PLANT\";s:11:\"countryName\";s:8:\"Pakistan\";s:12:\"isPickupCity\";b:1;s:14:\"isDeliveryCity\";b:1;}i:286;a:4:{s:19:\"operationalCityName\";s:7:\"Karachi\";s:11:\"countryName\";s:8:\"Pakistan\";s:12:\"isPickupCity\";b:1;s:14:\"isDeliveryCity\";b:1;}i:287;a:4:{s:19:\"operationalCityName\";s:5:\"KARAK\";s:11:\"countryName\";s:8:\"Pakistan\";s:12:\"isPickupCity\";b:1;s:14:\"isDeliveryCity\";b:1;}i:288;a:4:{s:19:\"operationalCityName\";s:9:\"KARAM PUR\";s:11:\"countryName\";s:8:\"Pakistan\";s:12:\"isPickupCity\";b:1;s:14:\"isDeliveryCity\";b:1;}i:289;a:4:{s:19:\"operationalCityName\";s:13:\"KARIALA JALIB\";s:11:\"countryName\";s:8:\"Pakistan\";s:12:\"isPickupCity\";b:1;s:14:\"isDeliveryCity\";b:1;}i:290;a:4:{s:19:\"operationalCityName\";s:11:\"KAROOR PAKA\";s:11:\"countryName\";s:8:\"Pakistan\";s:12:\"isPickupCity\";b:1;s:14:\"isDeliveryCity\";b:1;}i:291;a:4:{s:19:\"operationalCityName\";s:15:\"KAROR LAL EASAN\";s:11:\"countryName\";s:8:\"Pakistan\";s:12:\"isPickupCity\";b:1;s:14:\"isDeliveryCity\";b:1;}i:292;a:4:{s:19:\"operationalCityName\";s:13:\"KASHMIR POINT\";s:11:\"countryName\";s:8:\"Pakistan\";s:12:\"isPickupCity\";b:1;s:14:\"isDeliveryCity\";b:1;}i:293;a:4:{s:19:\"operationalCityName\";s:8:\"KASHMORE\";s:11:\"countryName\";s:8:\"Pakistan\";s:12:\"isPickupCity\";b:1;s:14:\"isDeliveryCity\";b:1;}i:294;a:4:{s:19:\"operationalCityName\";s:8:\"KASSOWAL\";s:11:\"countryName\";s:8:\"Pakistan\";s:12:\"isPickupCity\";b:1;s:14:\"isDeliveryCity\";b:1;}i:295;a:4:{s:19:\"operationalCityName\";s:5:\"KASUR\";s:11:\"countryName\";s:8:\"Pakistan\";s:12:\"isPickupCity\";b:1;s:14:\"isDeliveryCity\";b:1;}i:296;a:4:{s:19:\"operationalCityName\";s:7:\"KATHORE\";s:11:\"countryName\";s:8:\"Pakistan\";s:12:\"isPickupCity\";b:1;s:14:\"isDeliveryCity\";b:1;}i:297;a:4:{s:19:\"operationalCityName\";s:5:\"KERIS\";s:11:\"countryName\";s:8:\"Pakistan\";s:12:\"isPickupCity\";b:1;s:14:\"isDeliveryCity\";b:1;}i:298;a:4:{s:19:\"operationalCityName\";s:8:\"KHAIRPUR\";s:11:\"countryName\";s:8:\"Pakistan\";s:12:\"isPickupCity\";b:1;s:14:\"isDeliveryCity\";b:1;}i:299;a:4:{s:19:\"operationalCityName\";s:15:\"KHAIRPUR MEERUS\";s:11:\"countryName\";s:8:\"Pakistan\";s:12:\"isPickupCity\";b:1;s:14:\"isDeliveryCity\";b:1;}i:300;a:4:{s:19:\"operationalCityName\";s:17:\"KHAIRPUR TAMEWALI\";s:11:\"countryName\";s:8:\"Pakistan\";s:12:\"isPickupCity\";b:1;s:14:\"isDeliveryCity\";b:1;}i:301;a:4:{s:19:\"operationalCityName\";s:9:\"KHAN BELA\";s:11:\"countryName\";s:8:\"Pakistan\";s:12:\"isPickupCity\";b:1;s:14:\"isDeliveryCity\";b:1;}i:302;a:4:{s:19:\"operationalCityName\";s:9:\"KHAN GHAR\";s:11:\"countryName\";s:8:\"Pakistan\";s:12:\"isPickupCity\";b:1;s:14:\"isDeliveryCity\";b:1;}i:303;a:4:{s:19:\"operationalCityName\";s:8:\"KHANEWAL\";s:11:\"countryName\";s:8:\"Pakistan\";s:12:\"isPickupCity\";b:1;s:14:\"isDeliveryCity\";b:1;}i:304;a:4:{s:19:\"operationalCityName\";s:13:\"KHANKA DOGRAN\";s:11:\"countryName\";s:8:\"Pakistan\";s:12:\"isPickupCity\";b:1;s:14:\"isDeliveryCity\";b:1;}i:305;a:4:{s:19:\"operationalCityName\";s:7:\"KHANPUR\";s:11:\"countryName\";s:8:\"Pakistan\";s:12:\"isPickupCity\";b:1;s:14:\"isDeliveryCity\";b:1;}i:306;a:4:{s:19:\"operationalCityName\";s:13:\"KHANPUR MAHAR\";s:11:\"countryName\";s:8:\"Pakistan\";s:12:\"isPickupCity\";b:1;s:14:\"isDeliveryCity\";b:1;}i:307;a:4:{s:19:\"operationalCityName\";s:6:\"KHAPLU\";s:11:\"countryName\";s:8:\"Pakistan\";s:12:\"isPickupCity\";b:1;s:14:\"isDeliveryCity\";b:1;}i:308;a:4:{s:19:\"operationalCityName\";s:7:\"KHARIAN\";s:11:\"countryName\";s:8:\"Pakistan\";s:12:\"isPickupCity\";b:1;s:14:\"isDeliveryCity\";b:1;}i:309;a:4:{s:19:\"operationalCityName\";s:8:\"KHARMANG\";s:11:\"countryName\";s:8:\"Pakistan\";s:12:\"isPickupCity\";b:1;s:14:\"isDeliveryCity\";b:1;}i:310;a:4:{s:19:\"operationalCityName\";s:11:\"KHAS BEHAAL\";s:11:\"countryName\";s:8:\"Pakistan\";s:12:\"isPickupCity\";b:1;s:14:\"isDeliveryCity\";b:1;}i:311;a:4:{s:19:\"operationalCityName\";s:5:\"KHAUR\";s:11:\"countryName\";s:8:\"Pakistan\";s:12:\"isPickupCity\";b:1;s:14:\"isDeliveryCity\";b:1;}i:312;a:4:{s:19:\"operationalCityName\";s:10:\"KHIDARWALA\";s:11:\"countryName\";s:8:\"Pakistan\";s:12:\"isPickupCity\";b:1;s:14:\"isDeliveryCity\";b:1;}i:313;a:4:{s:19:\"operationalCityName\";s:13:\"KHOAZA KHAILA\";s:11:\"countryName\";s:8:\"Pakistan\";s:12:\"isPickupCity\";b:1;s:14:\"isDeliveryCity\";b:1;}i:314;a:4:{s:19:\"operationalCityName\";s:6:\"KHOSKI\";s:11:\"countryName\";s:8:\"Pakistan\";s:12:\"isPickupCity\";b:1;s:14:\"isDeliveryCity\";b:1;}i:315;a:4:{s:19:\"operationalCityName\";s:12:\"KHUDIAN KHAS\";s:11:\"countryName\";s:8:\"Pakistan\";s:12:\"isPickupCity\";b:1;s:14:\"isDeliveryCity\";b:1;}i:316;a:4:{s:19:\"operationalCityName\";s:6:\"KHUNDA\";s:11:\"countryName\";s:8:\"Pakistan\";s:12:\"isPickupCity\";b:1;s:14:\"isDeliveryCity\";b:1;}i:317;a:4:{s:19:\"operationalCityName\";s:12:\"KHURRIANWALA\";s:11:\"countryName\";s:8:\"Pakistan\";s:12:\"isPickupCity\";b:1;s:14:\"isDeliveryCity\";b:1;}i:318;a:4:{s:19:\"operationalCityName\";s:7:\"KHUSHAB\";s:11:\"countryName\";s:8:\"Pakistan\";s:12:\"isPickupCity\";b:1;s:14:\"isDeliveryCity\";b:1;}i:319;a:4:{s:19:\"operationalCityName\";s:7:\"KHUZDAR\";s:11:\"countryName\";s:8:\"Pakistan\";s:12:\"isPickupCity\";b:1;s:14:\"isDeliveryCity\";b:1;}i:320;a:4:{s:19:\"operationalCityName\";s:6:\"KHWERA\";s:11:\"countryName\";s:8:\"Pakistan\";s:12:\"isPickupCity\";b:1;s:14:\"isDeliveryCity\";b:1;}i:321;a:4:{s:19:\"operationalCityName\";s:10:\"KINGRA MOR\";s:11:\"countryName\";s:8:\"Pakistan\";s:12:\"isPickupCity\";b:1;s:14:\"isDeliveryCity\";b:1;}i:322;a:4:{s:19:\"operationalCityName\";s:11:\"KML via CCW\";s:11:\"countryName\";s:8:\"Pakistan\";s:12:\"isPickupCity\";b:1;s:14:\"isDeliveryCity\";b:1;}i:323;a:4:{s:19:\"operationalCityName\";s:5:\"KOHAT\";s:11:\"countryName\";s:8:\"Pakistan\";s:12:\"isPickupCity\";b:1;s:14:\"isDeliveryCity\";b:1;}i:324;a:4:{s:19:\"operationalCityName\";s:15:\"KOT ABDUL MALIK\";s:11:\"countryName\";s:8:\"Pakistan\";s:12:\"isPickupCity\";b:1;s:14:\"isDeliveryCity\";b:1;}i:325;a:4:{s:19:\"operationalCityName\";s:8:\"KOT ADDU\";s:11:\"countryName\";s:8:\"Pakistan\";s:12:\"isPickupCity\";b:1;s:14:\"isDeliveryCity\";b:1;}i:326;a:4:{s:19:\"operationalCityName\";s:10:\"KOT BANGLO\";s:11:\"countryName\";s:8:\"Pakistan\";s:12:\"isPickupCity\";b:1;s:14:\"isDeliveryCity\";b:1;}i:327;a:4:{s:19:\"operationalCityName\";s:10:\"KOT CHUTTA\";s:11:\"countryName\";s:8:\"Pakistan\";s:12:\"isPickupCity\";b:1;s:14:\"isDeliveryCity\";b:1;}i:328;a:4:{s:19:\"operationalCityName\";s:14:\"KOT FATEH KHAN\";s:11:\"countryName\";s:8:\"Pakistan\";s:12:\"isPickupCity\";b:1;s:14:\"isDeliveryCity\";b:1;}i:329;a:4:{s:19:\"operationalCityName\";s:19:\"KOT GHULAM MUHAMMAD\";s:11:\"countryName\";s:8:\"Pakistan\";s:12:\"isPickupCity\";b:1;s:14:\"isDeliveryCity\";b:1;}i:330;a:4:{s:19:\"operationalCityName\";s:10:\"KOT MITHAN\";s:11:\"countryName\";s:8:\"Pakistan\";s:12:\"isPickupCity\";b:1;s:14:\"isDeliveryCity\";b:1;}i:331;a:4:{s:19:\"operationalCityName\";s:9:\"KOT MOMIN\";s:11:\"countryName\";s:8:\"Pakistan\";s:12:\"isPickupCity\";b:1;s:14:\"isDeliveryCity\";b:1;}i:332;a:4:{s:19:\"operationalCityName\";s:13:\"KOT PINDI DAS\";s:11:\"countryName\";s:8:\"Pakistan\";s:12:\"isPickupCity\";b:1;s:14:\"isDeliveryCity\";b:1;}i:333;a:4:{s:19:\"operationalCityName\";s:8:\"KOT QAZI\";s:11:\"countryName\";s:8:\"Pakistan\";s:12:\"isPickupCity\";b:1;s:14:\"isDeliveryCity\";b:1;}i:334;a:4:{s:19:\"operationalCityName\";s:16:\"KOT RADHA KISHAN\";s:11:\"countryName\";s:8:\"Pakistan\";s:12:\"isPickupCity\";b:1;s:14:\"isDeliveryCity\";b:1;}i:335;a:4:{s:19:\"operationalCityName\";s:11:\"KOT SAMABAH\";s:11:\"countryName\";s:8:\"Pakistan\";s:12:\"isPickupCity\";b:1;s:14:\"isDeliveryCity\";b:1;}i:336;a:4:{s:19:\"operationalCityName\";s:19:\"KOTLA ARAB ALI KHAN\";s:11:\"countryName\";s:8:\"Pakistan\";s:12:\"isPickupCity\";b:1;s:14:\"isDeliveryCity\";b:1;}i:337;a:4:{s:19:\"operationalCityName\";s:11:\"KOTLI (AJK)\";s:11:\"countryName\";s:8:\"Pakistan\";s:12:\"isPickupCity\";b:1;s:14:\"isDeliveryCity\";b:1;}i:338;a:4:{s:19:\"operationalCityName\";s:12:\"KOTLI BEHRAM\";s:11:\"countryName\";s:8:\"Pakistan\";s:12:\"isPickupCity\";b:1;s:14:\"isDeliveryCity\";b:1;}i:339;a:4:{s:19:\"operationalCityName\";s:13:\"KOTLI LOHARAN\";s:11:\"countryName\";s:8:\"Pakistan\";s:12:\"isPickupCity\";b:1;s:14:\"isDeliveryCity\";b:1;}i:340;a:4:{s:19:\"operationalCityName\";s:5:\"KOTRI\";s:11:\"countryName\";s:8:\"Pakistan\";s:12:\"isPickupCity\";b:1;s:14:\"isDeliveryCity\";b:1;}i:341;a:4:{s:19:\"operationalCityName\";s:7:\"KUCHLAK\";s:11:\"countryName\";s:8:\"Pakistan\";s:12:\"isPickupCity\";b:1;s:14:\"isDeliveryCity\";b:1;}i:342;a:4:{s:19:\"operationalCityName\";s:7:\"KULACHI\";s:11:\"countryName\";s:8:\"Pakistan\";s:12:\"isPickupCity\";b:1;s:14:\"isDeliveryCity\";b:1;}i:343;a:4:{s:19:\"operationalCityName\";s:7:\"KULDANA\";s:11:\"countryName\";s:8:\"Pakistan\";s:12:\"isPickupCity\";b:1;s:14:\"isDeliveryCity\";b:1;}i:344;a:4:{s:19:\"operationalCityName\";s:8:\"KULLUWAL\";s:11:\"countryName\";s:8:\"Pakistan\";s:12:\"isPickupCity\";b:1;s:14:\"isDeliveryCity\";b:1;}i:345;a:4:{s:19:\"operationalCityName\";s:4:\"KUMB\";s:11:\"countryName\";s:8:\"Pakistan\";s:12:\"isPickupCity\";b:1;s:14:\"isDeliveryCity\";b:1;}i:346;a:4:{s:19:\"operationalCityName\";s:7:\"KUNDIAN\";s:11:\"countryName\";s:8:\"Pakistan\";s:12:\"isPickupCity\";b:1;s:14:\"isDeliveryCity\";b:1;}i:347;a:4:{s:19:\"operationalCityName\";s:6:\"KUNJAH\";s:11:\"countryName\";s:8:\"Pakistan\";s:12:\"isPickupCity\";b:1;s:14:\"isDeliveryCity\";b:1;}i:348;a:4:{s:19:\"operationalCityName\";s:5:\"KUNRI\";s:11:\"countryName\";s:8:\"Pakistan\";s:12:\"isPickupCity\";b:1;s:14:\"isDeliveryCity\";b:1;}i:349;a:4:{s:19:\"operationalCityName\";s:6:\"Lahore\";s:11:\"countryName\";s:8:\"Pakistan\";s:12:\"isPickupCity\";b:1;s:14:\"isDeliveryCity\";b:1;}i:350;a:4:{s:19:\"operationalCityName\";s:12:\"LAKKI MARWAT\";s:11:\"countryName\";s:8:\"Pakistan\";s:12:\"isPickupCity\";b:1;s:14:\"isDeliveryCity\";b:1;}i:351;a:4:{s:19:\"operationalCityName\";s:9:\"LALA MUSA\";s:11:\"countryName\";s:8:\"Pakistan\";s:12:\"isPickupCity\";b:1;s:14:\"isDeliveryCity\";b:1;}i:352;a:4:{s:19:\"operationalCityName\";s:6:\"LALIAN\";s:11:\"countryName\";s:8:\"Pakistan\";s:12:\"isPickupCity\";b:1;s:14:\"isDeliveryCity\";b:1;}i:353;a:4:{s:19:\"operationalCityName\";s:7:\"LALLIAN\";s:11:\"countryName\";s:8:\"Pakistan\";s:12:\"isPickupCity\";b:1;s:14:\"isDeliveryCity\";b:1;}i:354;a:4:{s:19:\"operationalCityName\";s:8:\"LALLIANI\";s:11:\"countryName\";s:8:\"Pakistan\";s:12:\"isPickupCity\";b:1;s:14:\"isDeliveryCity\";b:1;}i:355;a:4:{s:19:\"operationalCityName\";s:22:\"LALPIR (THERMAL POWER)\";s:11:\"countryName\";s:8:\"Pakistan\";s:12:\"isPickupCity\";b:1;s:14:\"isDeliveryCity\";b:1;}i:356;a:4:{s:19:\"operationalCityName\";s:7:\"LARKANA\";s:11:\"countryName\";s:8:\"Pakistan\";s:12:\"isPickupCity\";b:1;s:14:\"isDeliveryCity\";b:1;}i:357;a:4:{s:19:\"operationalCityName\";s:4:\"LAWA\";s:11:\"countryName\";s:8:\"Pakistan\";s:12:\"isPickupCity\";b:1;s:14:\"isDeliveryCity\";b:1;}i:358;a:4:{s:19:\"operationalCityName\";s:12:\"LAWRENCE PUR\";s:11:\"countryName\";s:8:\"Pakistan\";s:12:\"isPickupCity\";b:1;s:14:\"isDeliveryCity\";b:1;}i:359;a:4:{s:19:\"operationalCityName\";s:6:\"LAYYAH\";s:11:\"countryName\";s:8:\"Pakistan\";s:12:\"isPickupCity\";b:1;s:14:\"isDeliveryCity\";b:1;}i:360;a:4:{s:19:\"operationalCityName\";s:37:\"LIAQAT NATIONAL BAGH AKA COMPANY BAGH\";s:11:\"countryName\";s:8:\"Pakistan\";s:12:\"isPickupCity\";b:1;s:14:\"isDeliveryCity\";b:1;}i:361;a:4:{s:19:\"operationalCityName\";s:10:\"LIAQAT PUR\";s:11:\"countryName\";s:8:\"Pakistan\";s:12:\"isPickupCity\";b:1;s:14:\"isDeliveryCity\";b:1;}i:362;a:4:{s:19:\"operationalCityName\";s:11:\"LIAQUATABAD\";s:11:\"countryName\";s:8:\"Pakistan\";s:12:\"isPickupCity\";b:1;s:14:\"isDeliveryCity\";b:1;}i:363;a:4:{s:19:\"operationalCityName\";s:5:\"LILLA\";s:11:\"countryName\";s:8:\"Pakistan\";s:12:\"isPickupCity\";b:1;s:14:\"isDeliveryCity\";b:1;}i:364;a:4:{s:19:\"operationalCityName\";s:7:\"LODHRAN\";s:11:\"countryName\";s:8:\"Pakistan\";s:12:\"isPickupCity\";b:1;s:14:\"isDeliveryCity\";b:1;}i:365;a:4:{s:19:\"operationalCityName\";s:7:\"LORALAI\";s:11:\"countryName\";s:8:\"Pakistan\";s:12:\"isPickupCity\";b:1;s:14:\"isDeliveryCity\";b:1;}i:366;a:4:{s:19:\"operationalCityName\";s:11:\"LOWER BAZAR\";s:11:\"countryName\";s:8:\"Pakistan\";s:12:\"isPickupCity\";b:1;s:14:\"isDeliveryCity\";b:1;}i:367;a:4:{s:19:\"operationalCityName\";s:9:\"LOWER DIR\";s:11:\"countryName\";s:8:\"Pakistan\";s:12:\"isPickupCity\";b:1;s:14:\"isDeliveryCity\";b:1;}i:368;a:4:{s:19:\"operationalCityName\";s:10:\"LOWER TOPA\";s:11:\"countryName\";s:8:\"Pakistan\";s:12:\"isPickupCity\";b:1;s:14:\"isDeliveryCity\";b:1;}i:369;a:4:{s:19:\"operationalCityName\";s:8:\"MACHIKEY\";s:11:\"countryName\";s:8:\"Pakistan\";s:12:\"isPickupCity\";b:1;s:14:\"isDeliveryCity\";b:1;}i:370;a:4:{s:19:\"operationalCityName\";s:6:\"MAILSI\";s:11:\"countryName\";s:8:\"Pakistan\";s:12:\"isPickupCity\";b:1;s:14:\"isDeliveryCity\";b:1;}i:371;a:4:{s:19:\"operationalCityName\";s:12:\"MAIRA SHARIF\";s:11:\"countryName\";s:8:\"Pakistan\";s:12:\"isPickupCity\";b:1;s:14:\"isDeliveryCity\";b:1;}i:372;a:4:{s:19:\"operationalCityName\";s:10:\"MAJJU CHAK\";s:11:\"countryName\";s:8:\"Pakistan\";s:12:\"isPickupCity\";b:1;s:14:\"isDeliveryCity\";b:1;}i:373;a:4:{s:19:\"operationalCityName\";s:5:\"MAKLI\";s:11:\"countryName\";s:8:\"Pakistan\";s:12:\"isPickupCity\";b:1;s:14:\"isDeliveryCity\";b:1;}i:374;a:4:{s:19:\"operationalCityName\";s:8:\"MALAKAND\";s:11:\"countryName\";s:8:\"Pakistan\";s:12:\"isPickupCity\";b:1;s:14:\"isDeliveryCity\";b:1;}i:375;a:4:{s:19:\"operationalCityName\";s:8:\"MALAKWAL\";s:11:\"countryName\";s:8:\"Pakistan\";s:12:\"isPickupCity\";b:1;s:14:\"isDeliveryCity\";b:1;}i:376;a:4:{s:19:\"operationalCityName\";s:6:\"MAMDOT\";s:11:\"countryName\";s:8:\"Pakistan\";s:12:\"isPickupCity\";b:1;s:14:\"isDeliveryCity\";b:1;}i:377;a:4:{s:19:\"operationalCityName\";s:11:\"MAMU KANJAN\";s:11:\"countryName\";s:8:\"Pakistan\";s:12:\"isPickupCity\";b:1;s:14:\"isDeliveryCity\";b:1;}i:378;a:4:{s:19:\"operationalCityName\";s:8:\"MANA WLA\";s:11:\"countryName\";s:8:\"Pakistan\";s:12:\"isPickupCity\";b:1;s:14:\"isDeliveryCity\";b:1;}i:379;a:4:{s:19:\"operationalCityName\";s:8:\"MANAWALA\";s:11:\"countryName\";s:8:\"Pakistan\";s:12:\"isPickupCity\";b:1;s:14:\"isDeliveryCity\";b:1;}i:380;a:4:{s:19:\"operationalCityName\";s:15:\"MANDI BAHAUDDIN\";s:11:\"countryName\";s:8:\"Pakistan\";s:12:\"isPickupCity\";b:1;s:14:\"isDeliveryCity\";b:1;}i:381;a:4:{s:19:\"operationalCityName\";s:14:\"MANDI BUCHIANA\";s:11:\"countryName\";s:8:\"Pakistan\";s:12:\"isPickupCity\";b:1;s:14:\"isDeliveryCity\";b:1;}i:382;a:4:{s:19:\"operationalCityName\";s:17:\"MANDI SAFDAR ABAD\";s:11:\"countryName\";s:8:\"Pakistan\";s:12:\"isPickupCity\";b:1;s:14:\"isDeliveryCity\";b:1;}i:383;a:4:{s:19:\"operationalCityName\";s:16:\"MANDI USMAN WALA\";s:11:\"countryName\";s:8:\"Pakistan\";s:12:\"isPickupCity\";b:1;s:14:\"isDeliveryCity\";b:1;}i:384;a:4:{s:19:\"operationalCityName\";s:7:\"MANDIAN\";s:11:\"countryName\";s:8:\"Pakistan\";s:12:\"isPickupCity\";b:1;s:14:\"isDeliveryCity\";b:1;}i:385;a:4:{s:19:\"operationalCityName\";s:6:\"MANDRA\";s:11:\"countryName\";s:8:\"Pakistan\";s:12:\"isPickupCity\";b:1;s:14:\"isDeliveryCity\";b:1;}i:386;a:4:{s:19:\"operationalCityName\";s:11:\"MANGA MANDI\";s:11:\"countryName\";s:8:\"Pakistan\";s:12:\"isPickupCity\";b:1;s:14:\"isDeliveryCity\";b:1;}i:387;a:4:{s:19:\"operationalCityName\";s:12:\"MANGLA (AJK)\";s:11:\"countryName\";s:8:\"Pakistan\";s:12:\"isPickupCity\";b:1;s:14:\"isDeliveryCity\";b:1;}i:388;a:4:{s:19:\"operationalCityName\";s:18:\"MANGLA CANTT (AJK)\";s:11:\"countryName\";s:8:\"Pakistan\";s:12:\"isPickupCity\";b:1;s:14:\"isDeliveryCity\";b:1;}i:389;a:4:{s:19:\"operationalCityName\";s:7:\"MANKERA\";s:11:\"countryName\";s:8:\"Pakistan\";s:12:\"isPickupCity\";b:1;s:14:\"isDeliveryCity\";b:1;}i:390;a:4:{s:19:\"operationalCityName\";s:15:\"MANKYLA STATION\";s:11:\"countryName\";s:8:\"Pakistan\";s:12:\"isPickupCity\";b:1;s:14:\"isDeliveryCity\";b:1;}i:391;a:4:{s:19:\"operationalCityName\";s:8:\"MANSEHRA\";s:11:\"countryName\";s:8:\"Pakistan\";s:12:\"isPickupCity\";b:1;s:14:\"isDeliveryCity\";b:1;}i:392;a:4:{s:19:\"operationalCityName\";s:7:\"MANTHAL\";s:11:\"countryName\";s:8:\"Pakistan\";s:12:\"isPickupCity\";b:1;s:14:\"isDeliveryCity\";b:1;}i:393;a:4:{s:19:\"operationalCityName\";s:6:\"MARDAN\";s:11:\"countryName\";s:8:\"Pakistan\";s:12:\"isPickupCity\";b:1;s:14:\"isDeliveryCity\";b:1;}i:394;a:4:{s:19:\"operationalCityName\";s:4:\"MARI\";s:11:\"countryName\";s:8:\"Pakistan\";s:12:\"isPickupCity\";b:1;s:14:\"isDeliveryCity\";b:1;}i:395;a:4:{s:19:\"operationalCityName\";s:10:\"MASAR CAMP\";s:11:\"countryName\";s:8:\"Pakistan\";s:12:\"isPickupCity\";b:1;s:14:\"isDeliveryCity\";b:1;}i:396;a:4:{s:19:\"operationalCityName\";s:7:\"MASTUNG\";s:11:\"countryName\";s:8:\"Pakistan\";s:12:\"isPickupCity\";b:1;s:14:\"isDeliveryCity\";b:1;}i:397;a:4:{s:19:\"operationalCityName\";s:7:\"MATIARI\";s:11:\"countryName\";s:8:\"Pakistan\";s:12:\"isPickupCity\";b:1;s:14:\"isDeliveryCity\";b:1;}i:398;a:4:{s:19:\"operationalCityName\";s:5:\"MATLI\";s:11:\"countryName\";s:8:\"Pakistan\";s:12:\"isPickupCity\";b:1;s:14:\"isDeliveryCity\";b:1;}i:399;a:4:{s:19:\"operationalCityName\";s:5:\"MATTA\";s:11:\"countryName\";s:8:\"Pakistan\";s:12:\"isPickupCity\";b:1;s:14:\"isDeliveryCity\";b:1;}i:400;a:4:{s:19:\"operationalCityName\";s:9:\"MEHDIABAD\";s:11:\"countryName\";s:8:\"Pakistan\";s:12:\"isPickupCity\";b:1;s:14:\"isDeliveryCity\";b:1;}i:401;a:4:{s:19:\"operationalCityName\";s:5:\"MEHER\";s:11:\"countryName\";s:8:\"Pakistan\";s:12:\"isPickupCity\";b:1;s:14:\"isDeliveryCity\";b:1;}i:402;a:4:{s:19:\"operationalCityName\";s:11:\"MEHMOOD KOT\";s:11:\"countryName\";s:8:\"Pakistan\";s:12:\"isPickupCity\";b:1;s:14:\"isDeliveryCity\";b:1;}i:403;a:4:{s:19:\"operationalCityName\";s:10:\"MEHRAB PUR\";s:11:\"countryName\";s:8:\"Pakistan\";s:12:\"isPickupCity\";b:1;s:14:\"isDeliveryCity\";b:1;}i:404;a:4:{s:19:\"operationalCityName\";s:11:\"MIAN CHANNU\";s:11:\"countryName\";s:8:\"Pakistan\";s:12:\"isPickupCity\";b:1;s:14:\"isDeliveryCity\";b:1;}i:405;a:4:{s:19:\"operationalCityName\";s:19:\"MIAN WALI QURESHAIN\";s:11:\"countryName\";s:8:\"Pakistan\";s:12:\"isPickupCity\";b:1;s:14:\"isDeliveryCity\";b:1;}i:406;a:4:{s:19:\"operationalCityName\";s:5:\"MIANI\";s:11:\"countryName\";s:8:\"Pakistan\";s:12:\"isPickupCity\";b:1;s:14:\"isDeliveryCity\";b:1;}i:407;a:4:{s:19:\"operationalCityName\";s:8:\"MIANWALI\";s:11:\"countryName\";s:8:\"Pakistan\";s:12:\"isPickupCity\";b:1;s:14:\"isDeliveryCity\";b:1;}i:408;a:4:{s:19:\"operationalCityName\";s:15:\"MIANWALI BANGLA\";s:11:\"countryName\";s:8:\"Pakistan\";s:12:\"isPickupCity\";b:1;s:14:\"isDeliveryCity\";b:1;}i:409;a:4:{s:19:\"operationalCityName\";s:11:\"MINCHINABAD\";s:11:\"countryName\";s:8:\"Pakistan\";s:12:\"isPickupCity\";b:1;s:14:\"isDeliveryCity\";b:1;}i:410;a:4:{s:19:\"operationalCityName\";s:7:\"MINGORA\";s:11:\"countryName\";s:8:\"Pakistan\";s:12:\"isPickupCity\";b:1;s:14:\"isDeliveryCity\";b:1;}i:411;a:4:{s:19:\"operationalCityName\";s:15:\"MIR PUR METHELO\";s:11:\"countryName\";s:8:\"Pakistan\";s:12:\"isPickupCity\";b:1;s:14:\"isDeliveryCity\";b:1;}i:412;a:4:{s:19:\"operationalCityName\";s:10:\"MIRAK SIAL\";s:11:\"countryName\";s:8:\"Pakistan\";s:12:\"isPickupCity\";b:1;s:14:\"isDeliveryCity\";b:1;}i:413;a:4:{s:19:\"operationalCityName\";s:12:\"MIRPUR (AJK)\";s:11:\"countryName\";s:8:\"Pakistan\";s:12:\"isPickupCity\";b:1;s:14:\"isDeliveryCity\";b:1;}i:414;a:4:{s:19:\"operationalCityName\";s:14:\"MIRPUR BATHORO\";s:11:\"countryName\";s:8:\"Pakistan\";s:12:\"isPickupCity\";b:1;s:14:\"isDeliveryCity\";b:1;}i:415;a:4:{s:19:\"operationalCityName\";s:11:\"MIRPUR KHAS\";s:11:\"countryName\";s:8:\"Pakistan\";s:12:\"isPickupCity\";b:1;s:14:\"isDeliveryCity\";b:1;}i:416;a:4:{s:19:\"operationalCityName\";s:12:\"MIRPUR SAKRO\";s:11:\"countryName\";s:8:\"Pakistan\";s:12:\"isPickupCity\";b:1;s:14:\"isDeliveryCity\";b:1;}i:417;a:4:{s:19:\"operationalCityName\";s:12:\"MITHA TIWANA\";s:11:\"countryName\";s:8:\"Pakistan\";s:12:\"isPickupCity\";b:1;s:14:\"isDeliveryCity\";b:1;}i:418;a:4:{s:19:\"operationalCityName\";s:6:\"MITTHI\";s:11:\"countryName\";s:8:\"Pakistan\";s:12:\"isPickupCity\";b:1;s:14:\"isDeliveryCity\";b:1;}i:419;a:4:{s:19:\"operationalCityName\";s:14:\"MORE AIMANABAD\";s:11:\"countryName\";s:8:\"Pakistan\";s:12:\"isPickupCity\";b:1;s:14:\"isDeliveryCity\";b:1;}i:420;a:4:{s:19:\"operationalCityName\";s:11:\"MORE KHUNDA\";s:11:\"countryName\";s:8:\"Pakistan\";s:12:\"isPickupCity\";b:1;s:14:\"isDeliveryCity\";b:1;}i:421;a:4:{s:19:\"operationalCityName\";s:4:\"MORO\";s:11:\"countryName\";s:8:\"Pakistan\";s:12:\"isPickupCity\";b:1;s:14:\"isDeliveryCity\";b:1;}i:422;a:4:{s:19:\"operationalCityName\";s:5:\"MOTRA\";s:11:\"countryName\";s:8:\"Pakistan\";s:12:\"isPickupCity\";b:1;s:14:\"isDeliveryCity\";b:1;}i:423;a:4:{s:19:\"operationalCityName\";s:18:\"MUHAMMAD PANAH MOR\";s:11:\"countryName\";s:8:\"Pakistan\";s:12:\"isPickupCity\";b:1;s:14:\"isDeliveryCity\";b:1;}i:424;a:4:{s:19:\"operationalCityName\";s:6:\"MULTAN\";s:11:\"countryName\";s:8:\"Pakistan\";s:12:\"isPickupCity\";b:1;s:14:\"isDeliveryCity\";b:1;}i:425;a:4:{s:19:\"operationalCityName\";s:12:\"MULTAN KHURD\";s:11:\"countryName\";s:8:\"Pakistan\";s:12:\"isPickupCity\";b:1;s:14:\"isDeliveryCity\";b:1;}i:426;a:4:{s:19:\"operationalCityName\";s:5:\"MUNDA\";s:11:\"countryName\";s:8:\"Pakistan\";s:12:\"isPickupCity\";b:1;s:14:\"isDeliveryCity\";b:1;}i:427;a:4:{s:19:\"operationalCityName\";s:6:\"MURALI\";s:11:\"countryName\";s:8:\"Pakistan\";s:12:\"isPickupCity\";b:1;s:14:\"isDeliveryCity\";b:1;}i:428;a:4:{s:19:\"operationalCityName\";s:11:\"MURALI WALA\";s:11:\"countryName\";s:8:\"Pakistan\";s:12:\"isPickupCity\";b:1;s:14:\"isDeliveryCity\";b:1;}i:429;a:4:{s:19:\"operationalCityName\";s:11:\"MURALI WALA\";s:11:\"countryName\";s:8:\"Pakistan\";s:12:\"isPickupCity\";b:1;s:14:\"isDeliveryCity\";b:1;}i:430;a:4:{s:19:\"operationalCityName\";s:5:\"MURAT\";s:11:\"countryName\";s:8:\"Pakistan\";s:12:\"isPickupCity\";b:1;s:14:\"isDeliveryCity\";b:1;}i:431;a:4:{s:19:\"operationalCityName\";s:7:\"MURIDKE\";s:11:\"countryName\";s:8:\"Pakistan\";s:12:\"isPickupCity\";b:1;s:14:\"isDeliveryCity\";b:1;}i:432;a:4:{s:19:\"operationalCityName\";s:6:\"MURREE\";s:11:\"countryName\";s:8:\"Pakistan\";s:12:\"isPickupCity\";b:1;s:14:\"isDeliveryCity\";b:1;}i:433;a:4:{s:19:\"operationalCityName\";s:18:\"MUZAFFARABAD (AJK)\";s:11:\"countryName\";s:8:\"Pakistan\";s:12:\"isPickupCity\";b:1;s:14:\"isDeliveryCity\";b:1;}i:434;a:4:{s:19:\"operationalCityName\";s:12:\"MUZAFFARGARH\";s:11:\"countryName\";s:8:\"Pakistan\";s:12:\"isPickupCity\";b:1;s:14:\"isDeliveryCity\";b:1;}i:435;a:4:{s:19:\"operationalCityName\";s:11:\"NAKKA KAHUT\";s:11:\"countryName\";s:8:\"Pakistan\";s:12:\"isPickupCity\";b:1;s:14:\"isDeliveryCity\";b:1;}i:436;a:4:{s:19:\"operationalCityName\";s:13:\"NANKANA SAHIB\";s:11:\"countryName\";s:8:\"Pakistan\";s:12:\"isPickupCity\";b:1;s:14:\"isDeliveryCity\";b:1;}i:437;a:4:{s:19:\"operationalCityName\";s:12:\"NARANG MANDI\";s:11:\"countryName\";s:8:\"Pakistan\";s:12:\"isPickupCity\";b:1;s:14:\"isDeliveryCity\";b:1;}i:438;a:4:{s:19:\"operationalCityName\";s:7:\"NAROWAL\";s:11:\"countryName\";s:8:\"Pakistan\";s:12:\"isPickupCity\";b:1;s:14:\"isDeliveryCity\";b:1;}i:439;a:4:{s:19:\"operationalCityName\";s:8:\"NASARPUR\";s:11:\"countryName\";s:8:\"Pakistan\";s:12:\"isPickupCity\";b:1;s:14:\"isDeliveryCity\";b:1;}i:440;a:4:{s:19:\"operationalCityName\";s:9:\"NASIRABAD\";s:11:\"countryName\";s:8:\"Pakistan\";s:12:\"isPickupCity\";b:1;s:14:\"isDeliveryCity\";b:1;}i:441;a:4:{s:19:\"operationalCityName\";s:11:\"NATHIA GALI\";s:11:\"countryName\";s:8:\"Pakistan\";s:12:\"isPickupCity\";b:1;s:14:\"isDeliveryCity\";b:1;}i:442;a:4:{s:19:\"operationalCityName\";s:16:\"NAUSHAHRO FEROZE\";s:11:\"countryName\";s:8:\"Pakistan\";s:12:\"isPickupCity\";b:1;s:14:\"isDeliveryCity\";b:1;}i:443;a:4:{s:19:\"operationalCityName\";s:9:\"NAWABSHAH\";s:11:\"countryName\";s:8:\"Pakistan\";s:12:\"isPickupCity\";b:1;s:14:\"isDeliveryCity\";b:1;}i:444;a:4:{s:19:\"operationalCityName\";s:11:\"NAWAN SHEHR\";s:11:\"countryName\";s:8:\"Pakistan\";s:12:\"isPickupCity\";b:1;s:14:\"isDeliveryCity\";b:1;}i:445;a:4:{s:19:\"operationalCityName\";s:10:\"NAWAY KALI\";s:11:\"countryName\";s:8:\"Pakistan\";s:12:\"isPickupCity\";b:1;s:14:\"isDeliveryCity\";b:1;}i:446;a:4:{s:19:\"operationalCityName\";s:11:\"NAYA LAHORE\";s:11:\"countryName\";s:8:\"Pakistan\";s:12:\"isPickupCity\";b:1;s:14:\"isDeliveryCity\";b:1;}i:447;a:4:{s:19:\"operationalCityName\";s:19:\"NEW INDUSTRIAL AREA\";s:11:\"countryName\";s:8:\"Pakistan\";s:12:\"isPickupCity\";b:1;s:14:\"isDeliveryCity\";b:1;}i:448;a:4:{s:19:\"operationalCityName\";s:10:\"NEW MURREE\";s:11:\"countryName\";s:8:\"Pakistan\";s:12:\"isPickupCity\";b:1;s:14:\"isDeliveryCity\";b:1;}i:449;a:4:{s:19:\"operationalCityName\";s:9:\"NIZAMABAD\";s:11:\"countryName\";s:8:\"Pakistan\";s:12:\"isPickupCity\";b:1;s:14:\"isDeliveryCity\";b:1;}i:450;a:4:{s:19:\"operationalCityName\";s:6:\"NOKHAR\";s:11:\"countryName\";s:8:\"Pakistan\";s:12:\"isPickupCity\";b:1;s:14:\"isDeliveryCity\";b:1;}i:451;a:4:{s:19:\"operationalCityName\";s:10:\"NOMAN PORA\";s:11:\"countryName\";s:8:\"Pakistan\";s:12:\"isPickupCity\";b:1;s:14:\"isDeliveryCity\";b:1;}i:452;a:4:{s:19:\"operationalCityName\";s:5:\"NONAR\";s:11:\"countryName\";s:8:\"Pakistan\";s:12:\"isPickupCity\";b:1;s:14:\"isDeliveryCity\";b:1;}i:453;a:4:{s:19:\"operationalCityName\";s:11:\"NOOR COLONY\";s:11:\"countryName\";s:8:\"Pakistan\";s:12:\"isPickupCity\";b:1;s:14:\"isDeliveryCity\";b:1;}i:454;a:4:{s:19:\"operationalCityName\";s:8:\"NOOR KOT\";s:11:\"countryName\";s:8:\"Pakistan\";s:12:\"isPickupCity\";b:1;s:14:\"isDeliveryCity\";b:1;}i:455;a:4:{s:19:\"operationalCityName\";s:7:\"NOORPUR\";s:11:\"countryName\";s:8:\"Pakistan\";s:12:\"isPickupCity\";b:1;s:14:\"isDeliveryCity\";b:1;}i:456;a:4:{s:19:\"operationalCityName\";s:12:\"NOORPUR THAL\";s:11:\"countryName\";s:8:\"Pakistan\";s:12:\"isPickupCity\";b:1;s:14:\"isDeliveryCity\";b:1;}i:457;a:4:{s:19:\"operationalCityName\";s:8:\"NORIABAD\";s:11:\"countryName\";s:8:\"Pakistan\";s:12:\"isPickupCity\";b:1;s:14:\"isDeliveryCity\";b:1;}i:458;a:4:{s:19:\"operationalCityName\";s:8:\"NOWSHERA\";s:11:\"countryName\";s:8:\"Pakistan\";s:12:\"isPickupCity\";b:1;s:14:\"isDeliveryCity\";b:1;}i:459;a:4:{s:19:\"operationalCityName\";s:14:\"NOWSHERA KALAN\";s:11:\"countryName\";s:8:\"Pakistan\";s:12:\"isPickupCity\";b:1;s:14:\"isDeliveryCity\";b:1;}i:460;a:4:{s:19:\"operationalCityName\";s:15:\"NOWSHERA VIRKAN\";s:11:\"countryName\";s:8:\"Pakistan\";s:12:\"isPickupCity\";b:1;s:14:\"isDeliveryCity\";b:1;}i:461;a:4:{s:19:\"operationalCityName\";s:28:\"NRTC (TELECOM STAFF COLLEGE)\";s:11:\"countryName\";s:8:\"Pakistan\";s:12:\"isPickupCity\";b:1;s:14:\"isDeliveryCity\";b:1;}i:462;a:4:{s:19:\"operationalCityName\";s:7:\"NUDEARO\";s:11:\"countryName\";s:8:\"Pakistan\";s:12:\"isPickupCity\";b:1;s:14:\"isDeliveryCity\";b:1;}i:463;a:4:{s:19:\"operationalCityName\";s:6:\"NUSHKI\";s:11:\"countryName\";s:8:\"Pakistan\";s:12:\"isPickupCity\";b:1;s:14:\"isDeliveryCity\";b:1;}i:464;a:4:{s:19:\"operationalCityName\";s:5:\"OKARA\";s:11:\"countryName\";s:8:\"Pakistan\";s:12:\"isPickupCity\";b:1;s:14:\"isDeliveryCity\";b:1;}i:465;a:4:{s:19:\"operationalCityName\";s:8:\"OLD HALA\";s:11:\"countryName\";s:8:\"Pakistan\";s:12:\"isPickupCity\";b:1;s:14:\"isDeliveryCity\";b:1;}i:466;a:4:{s:19:\"operationalCityName\";s:6:\"OLDING\";s:11:\"countryName\";s:8:\"Pakistan\";s:12:\"isPickupCity\";b:1;s:14:\"isDeliveryCity\";b:1;}i:467;a:4:{s:19:\"operationalCityName\";s:25:\"P.O.F. (FACTORY & COLONY)\";s:11:\"countryName\";s:8:\"Pakistan\";s:12:\"isPickupCity\";b:1;s:14:\"isDeliveryCity\";b:1;}i:468;a:4:{s:19:\"operationalCityName\";s:4:\"PABI\";s:11:\"countryName\";s:8:\"Pakistan\";s:12:\"isPickupCity\";b:1;s:14:\"isDeliveryCity\";b:1;}i:469;a:4:{s:19:\"operationalCityName\";s:8:\"PACHNAND\";s:11:\"countryName\";s:8:\"Pakistan\";s:12:\"isPickupCity\";b:1;s:14:\"isDeliveryCity\";b:1;}i:470;a:4:{s:19:\"operationalCityName\";s:8:\"PAHARPUR\";s:11:\"countryName\";s:8:\"Pakistan\";s:12:\"isPickupCity\";b:1;s:14:\"isDeliveryCity\";b:1;}i:471;a:4:{s:19:\"operationalCityName\";s:11:\"PAKKA LARAN\";s:11:\"countryName\";s:8:\"Pakistan\";s:12:\"isPickupCity\";b:1;s:14:\"isDeliveryCity\";b:1;}i:472;a:4:{s:19:\"operationalCityName\";s:9:\"PAKPATTAN\";s:11:\"countryName\";s:8:\"Pakistan\";s:12:\"isPickupCity\";b:1;s:14:\"isDeliveryCity\";b:1;}i:473;a:4:{s:19:\"operationalCityName\";s:8:\"PANOAQIL\";s:11:\"countryName\";s:8:\"Pakistan\";s:12:\"isPickupCity\";b:1;s:14:\"isDeliveryCity\";b:1;}i:474;a:4:{s:19:\"operationalCityName\";s:5:\"PAROA\";s:11:\"countryName\";s:8:\"Pakistan\";s:12:\"isPickupCity\";b:1;s:14:\"isDeliveryCity\";b:1;}i:475;a:4:{s:19:\"operationalCityName\";s:7:\"PASROOR\";s:11:\"countryName\";s:8:\"Pakistan\";s:12:\"isPickupCity\";b:1;s:14:\"isDeliveryCity\";b:1;}i:476;a:4:{s:19:\"operationalCityName\";s:25:\"PASROOR ROAD AND VILLAGES\";s:11:\"countryName\";s:8:\"Pakistan\";s:12:\"isPickupCity\";b:1;s:14:\"isDeliveryCity\";b:1;}i:477;a:4:{s:19:\"operationalCityName\";s:6:\"PATOKI\";s:11:\"countryName\";s:8:\"Pakistan\";s:12:\"isPickupCity\";b:1;s:14:\"isDeliveryCity\";b:1;}i:478;a:4:{s:19:\"operationalCityName\";s:8:\"PATRIATA\";s:11:\"countryName\";s:8:\"Pakistan\";s:12:\"isPickupCity\";b:1;s:14:\"isDeliveryCity\";b:1;}i:479;a:4:{s:19:\"operationalCityName\";s:10:\"PEER MAHAL\";s:11:\"countryName\";s:8:\"Pakistan\";s:12:\"isPickupCity\";b:1;s:14:\"isDeliveryCity\";b:1;}i:480;a:4:{s:19:\"operationalCityName\";s:8:\"PESHAWAR\";s:11:\"countryName\";s:8:\"Pakistan\";s:12:\"isPickupCity\";b:1;s:14:\"isDeliveryCity\";b:1;}i:481;a:4:{s:19:\"operationalCityName\";s:4:\"PEZU\";s:11:\"countryName\";s:8:\"Pakistan\";s:12:\"isPickupCity\";b:1;s:14:\"isDeliveryCity\";b:1;}i:482;a:4:{s:19:\"operationalCityName\";s:8:\"PHAGWARI\";s:11:\"countryName\";s:8:\"Pakistan\";s:12:\"isPickupCity\";b:1;s:14:\"isDeliveryCity\";b:1;}i:483;a:4:{s:19:\"operationalCityName\";s:6:\"PHALIA\";s:11:\"countryName\";s:8:\"Pakistan\";s:12:\"isPickupCity\";b:1;s:14:\"isDeliveryCity\";b:1;}i:484;a:4:{s:19:\"operationalCityName\";s:11:\"PHOOL NAGAR\";s:11:\"countryName\";s:8:\"Pakistan\";s:12:\"isPickupCity\";b:1;s:14:\"isDeliveryCity\";b:1;}i:485;a:4:{s:19:\"operationalCityName\";s:8:\"PINANWAL\";s:11:\"countryName\";s:8:\"Pakistan\";s:12:\"isPickupCity\";b:1;s:14:\"isDeliveryCity\";b:1;}i:486;a:4:{s:19:\"operationalCityName\";s:15:\"PIND DADAN KHAN\";s:11:\"countryName\";s:8:\"Pakistan\";s:12:\"isPickupCity\";b:1;s:14:\"isDeliveryCity\";b:1;}i:487;a:4:{s:19:\"operationalCityName\";s:13:\"PINDI BHATIAN\";s:11:\"countryName\";s:8:\"Pakistan\";s:12:\"isPickupCity\";b:1;s:14:\"isDeliveryCity\";b:1;}i:488;a:4:{s:19:\"operationalCityName\";s:10:\"PINDI GHEB\";s:11:\"countryName\";s:8:\"Pakistan\";s:12:\"isPickupCity\";b:1;s:14:\"isDeliveryCity\";b:1;}i:489;a:4:{s:19:\"operationalCityName\";s:12:\"PINDI GUJRAN\";s:11:\"countryName\";s:8:\"Pakistan\";s:12:\"isPickupCity\";b:1;s:14:\"isDeliveryCity\";b:1;}i:490;a:4:{s:19:\"operationalCityName\";s:11:\"PINDI POINT\";s:11:\"countryName\";s:8:\"Pakistan\";s:12:\"isPickupCity\";b:1;s:14:\"isDeliveryCity\";b:1;}i:491;a:4:{s:19:\"operationalCityName\";s:14:\"PINDI SAID PUR\";s:11:\"countryName\";s:8:\"Pakistan\";s:12:\"isPickupCity\";b:1;s:14:\"isDeliveryCity\";b:1;}i:492;a:4:{s:19:\"operationalCityName\";s:6:\"PIPLAN\";s:11:\"countryName\";s:8:\"Pakistan\";s:12:\"isPickupCity\";b:1;s:14:\"isDeliveryCity\";b:1;}i:493;a:4:{s:19:\"operationalCityName\";s:8:\"PIR BABA\";s:11:\"countryName\";s:8:\"Pakistan\";s:12:\"isPickupCity\";b:1;s:14:\"isDeliveryCity\";b:1;}i:494;a:4:{s:19:\"operationalCityName\";s:12:\"PIRA FATEHAL\";s:11:\"countryName\";s:8:\"Pakistan\";s:12:\"isPickupCity\";b:1;s:14:\"isDeliveryCity\";b:1;}i:495;a:4:{s:19:\"operationalCityName\";s:8:\"PIRYALOI\";s:11:\"countryName\";s:8:\"Pakistan\";s:12:\"isPickupCity\";b:1;s:14:\"isDeliveryCity\";b:1;}i:496;a:4:{s:19:\"operationalCityName\";s:6:\"PISHIN\";s:11:\"countryName\";s:8:\"Pakistan\";s:12:\"isPickupCity\";b:1;s:14:\"isDeliveryCity\";b:1;}i:497;a:4:{s:19:\"operationalCityName\";s:6:\"PITARO\";s:11:\"countryName\";s:8:\"Pakistan\";s:12:\"isPickupCity\";b:1;s:14:\"isDeliveryCity\";b:1;}i:498;a:4:{s:19:\"operationalCityName\";s:9:\"PMA KAKUL\";s:11:\"countryName\";s:8:\"Pakistan\";s:12:\"isPickupCity\";b:1;s:14:\"isDeliveryCity\";b:1;}i:499;a:4:{s:19:\"operationalCityName\";s:12:\"POONCH (AJK)\";s:11:\"countryName\";s:8:\"Pakistan\";s:12:\"isPickupCity\";b:1;s:14:\"isDeliveryCity\";b:1;}i:500;a:4:{s:19:\"operationalCityName\";s:10:\"PUNGIRAYIN\";s:11:\"countryName\";s:8:\"Pakistan\";s:12:\"isPickupCity\";b:1;s:14:\"isDeliveryCity\";b:1;}i:501;a:4:{s:19:\"operationalCityName\";s:6:\"PUNWAN\";s:11:\"countryName\";s:8:\"Pakistan\";s:12:\"isPickupCity\";b:1;s:14:\"isDeliveryCity\";b:1;}i:502;a:4:{s:19:\"operationalCityName\";s:5:\"QABAL\";s:11:\"countryName\";s:8:\"Pakistan\";s:12:\"isPickupCity\";b:1;s:14:\"isDeliveryCity\";b:1;}i:503;a:4:{s:19:\"operationalCityName\";s:14:\"QABOOLA SHARIF\";s:11:\"countryName\";s:8:\"Pakistan\";s:12:\"isPickupCity\";b:1;s:14:\"isDeliveryCity\";b:1;}i:504;a:4:{s:19:\"operationalCityName\";s:15:\"QADIR PUR RAWAN\";s:11:\"countryName\";s:8:\"Pakistan\";s:12:\"isPickupCity\";b:1;s:14:\"isDeliveryCity\";b:1;}i:505;a:4:{s:19:\"operationalCityName\";s:8:\"QAIDABAD\";s:11:\"countryName\";s:8:\"Pakistan\";s:12:\"isPickupCity\";b:1;s:14:\"isDeliveryCity\";b:1;}i:506;a:4:{s:19:\"operationalCityName\";s:13:\"QAIM BHARWANA\";s:11:\"countryName\";s:8:\"Pakistan\";s:12:\"isPickupCity\";b:1;s:14:\"isDeliveryCity\";b:1;}i:507;a:4:{s:19:\"operationalCityName\";s:7:\"QAIMPUR\";s:11:\"countryName\";s:8:\"Pakistan\";s:12:\"isPickupCity\";b:1;s:14:\"isDeliveryCity\";b:1;}i:508;a:4:{s:19:\"operationalCityName\";s:10:\"QAMAR ABAD\";s:11:\"countryName\";s:8:\"Pakistan\";s:12:\"isPickupCity\";b:1;s:14:\"isDeliveryCity\";b:1;}i:509;a:4:{s:19:\"operationalCityName\";s:13:\"QAMAR MASHANI\";s:11:\"countryName\";s:8:\"Pakistan\";s:12:\"isPickupCity\";b:1;s:14:\"isDeliveryCity\";b:1;}i:510;a:4:{s:19:\"operationalCityName\";s:6:\"QAMBAR\";s:11:\"countryName\";s:8:\"Pakistan\";s:12:\"isPickupCity\";b:1;s:14:\"isDeliveryCity\";b:1;}i:511;a:4:{s:19:\"operationalCityName\";s:13:\"QASBA GUJRAT.\";s:11:\"countryName\";s:8:\"Pakistan\";s:12:\"isPickupCity\";b:1;s:14:\"isDeliveryCity\";b:1;}i:512;a:4:{s:19:\"operationalCityName\";s:10:\"QAZI AHMED\";s:11:\"countryName\";s:8:\"Pakistan\";s:12:\"isPickupCity\";b:1;s:14:\"isDeliveryCity\";b:1;}i:513;a:4:{s:19:\"operationalCityName\";s:15:\"QILA AHMED ABAD\";s:11:\"countryName\";s:8:\"Pakistan\";s:12:\"isPickupCity\";b:1;s:14:\"isDeliveryCity\";b:1;}i:514;a:4:{s:19:\"operationalCityName\";s:16:\"QILA DEEDAR SING\";s:11:\"countryName\";s:8:\"Pakistan\";s:12:\"isPickupCity\";b:1;s:14:\"isDeliveryCity\";b:1;}i:515;a:4:{s:19:\"operationalCityName\";s:15:\"QILA KALAR WALA\";s:11:\"countryName\";s:8:\"Pakistan\";s:12:\"isPickupCity\";b:1;s:14:\"isDeliveryCity\";b:1;}i:516;a:4:{s:19:\"operationalCityName\";s:15:\"QILA SAIB SINGH\";s:11:\"countryName\";s:8:\"Pakistan\";s:12:\"isPickupCity\";b:1;s:14:\"isDeliveryCity\";b:1;}i:517;a:4:{s:19:\"operationalCityName\";s:6:\"QUETTA\";s:11:\"countryName\";s:8:\"Pakistan\";s:12:\"isPickupCity\";b:1;s:14:\"isDeliveryCity\";b:1;}i:518;a:4:{s:19:\"operationalCityName\";s:5:\"RABAT\";s:11:\"countryName\";s:8:\"Pakistan\";s:12:\"isPickupCity\";b:1;s:14:\"isDeliveryCity\";b:1;}i:519;a:4:{s:19:\"operationalCityName\";s:11:\"RACHNA TOWN\";s:11:\"countryName\";s:8:\"Pakistan\";s:12:\"isPickupCity\";b:1;s:14:\"isDeliveryCity\";b:1;}i:520;a:4:{s:19:\"operationalCityName\";s:6:\"RADHAN\";s:11:\"countryName\";s:8:\"Pakistan\";s:12:\"isPickupCity\";b:1;s:14:\"isDeliveryCity\";b:1;}i:521;a:4:{s:19:\"operationalCityName\";s:14:\"RAHIM YAR KHAN\";s:11:\"countryName\";s:8:\"Pakistan\";s:12:\"isPickupCity\";b:1;s:14:\"isDeliveryCity\";b:1;}i:522;a:4:{s:19:\"operationalCityName\";s:7:\"RAIWIND\";s:11:\"countryName\";s:8:\"Pakistan\";s:12:\"isPickupCity\";b:1;s:14:\"isDeliveryCity\";b:1;}i:523;a:4:{s:19:\"operationalCityName\";s:9:\"RAJA JANG\";s:11:\"countryName\";s:8:\"Pakistan\";s:12:\"isPickupCity\";b:1;s:14:\"isDeliveryCity\";b:1;}i:524;a:4:{s:19:\"operationalCityName\";s:6:\"RAJANA\";s:11:\"countryName\";s:8:\"Pakistan\";s:12:\"isPickupCity\";b:1;s:14:\"isDeliveryCity\";b:1;}i:525;a:4:{s:19:\"operationalCityName\";s:8:\"RAJANPUR\";s:11:\"countryName\";s:8:\"Pakistan\";s:12:\"isPickupCity\";b:1;s:14:\"isDeliveryCity\";b:1;}i:526;a:4:{s:19:\"operationalCityName\";s:5:\"RAJAR\";s:11:\"countryName\";s:8:\"Pakistan\";s:12:\"isPickupCity\";b:1;s:14:\"isDeliveryCity\";b:1;}i:527;a:4:{s:19:\"operationalCityName\";s:5:\"RAMAK\";s:11:\"countryName\";s:8:\"Pakistan\";s:12:\"isPickupCity\";b:1;s:14:\"isDeliveryCity\";b:1;}i:528;a:4:{s:19:\"operationalCityName\";s:8:\"RANI PUR\";s:11:\"countryName\";s:8:\"Pakistan\";s:12:\"isPickupCity\";b:1;s:14:\"isDeliveryCity\";b:1;}i:529;a:4:{s:19:\"operationalCityName\";s:13:\"RAO KHAN WALA\";s:11:\"countryName\";s:8:\"Pakistan\";s:12:\"isPickupCity\";b:1;s:14:\"isDeliveryCity\";b:1;}i:530;a:4:{s:19:\"operationalCityName\";s:7:\"RASHAKI\";s:11:\"countryName\";s:8:\"Pakistan\";s:12:\"isPickupCity\";b:1;s:14:\"isDeliveryCity\";b:1;}i:531;a:4:{s:19:\"operationalCityName\";s:10:\"RATO DEARO\";s:11:\"countryName\";s:8:\"Pakistan\";s:12:\"isPickupCity\";b:1;s:14:\"isDeliveryCity\";b:1;}i:532;a:4:{s:19:\"operationalCityName\";s:15:\"RAWALAKOT (AJK)\";s:11:\"countryName\";s:8:\"Pakistan\";s:12:\"isPickupCity\";b:1;s:14:\"isDeliveryCity\";b:1;}i:533;a:4:{s:19:\"operationalCityName\";s:10:\"Rawalpindi\";s:11:\"countryName\";s:8:\"Pakistan\";s:12:\"isPickupCity\";b:1;s:14:\"isDeliveryCity\";b:1;}i:534;a:4:{s:19:\"operationalCityName\";s:5:\"RAWAT\";s:11:\"countryName\";s:8:\"Pakistan\";s:12:\"isPickupCity\";b:1;s:14:\"isDeliveryCity\";b:1;}i:535;a:4:{s:19:\"operationalCityName\";s:12:\"RENALA KHURD\";s:11:\"countryName\";s:8:\"Pakistan\";s:12:\"isPickupCity\";b:1;s:14:\"isDeliveryCity\";b:1;}i:536;a:4:{s:19:\"operationalCityName\";s:8:\"RISALPUR\";s:11:\"countryName\";s:8:\"Pakistan\";s:12:\"isPickupCity\";b:1;s:14:\"isDeliveryCity\";b:1;}i:537;a:4:{s:19:\"operationalCityName\";s:5:\"ROHRI\";s:11:\"countryName\";s:8:\"Pakistan\";s:12:\"isPickupCity\";b:1;s:14:\"isDeliveryCity\";b:1;}i:538;a:4:{s:19:\"operationalCityName\";s:6:\"ROUNDU\";s:11:\"countryName\";s:8:\"Pakistan\";s:12:\"isPickupCity\";b:1;s:14:\"isDeliveryCity\";b:1;}i:539;a:4:{s:19:\"operationalCityName\";s:5:\"RUBWA\";s:11:\"countryName\";s:8:\"Pakistan\";s:12:\"isPickupCity\";b:1;s:14:\"isDeliveryCity\";b:1;}i:540;a:4:{s:19:\"operationalCityName\";s:10:\"SABAZ PEER\";s:11:\"countryName\";s:8:\"Pakistan\";s:12:\"isPickupCity\";b:1;s:14:\"isDeliveryCity\";b:1;}i:541;a:4:{s:19:\"operationalCityName\";s:9:\"SADIQABAD\";s:11:\"countryName\";s:8:\"Pakistan\";s:12:\"isPickupCity\";b:1;s:14:\"isDeliveryCity\";b:1;}i:542;a:4:{s:19:\"operationalCityName\";s:7:\"SADPARA\";s:11:\"countryName\";s:8:\"Pakistan\";s:12:\"isPickupCity\";b:1;s:14:\"isDeliveryCity\";b:1;}i:543;a:4:{s:19:\"operationalCityName\";s:10:\"SAFDARABAD\";s:11:\"countryName\";s:8:\"Pakistan\";s:12:\"isPickupCity\";b:1;s:14:\"isDeliveryCity\";b:1;}i:544;a:4:{s:19:\"operationalCityName\";s:10:\"SAGHAR PUR\";s:11:\"countryName\";s:8:\"Pakistan\";s:12:\"isPickupCity\";b:1;s:14:\"isDeliveryCity\";b:1;}i:545;a:4:{s:19:\"operationalCityName\";s:7:\"SAHIWAL\";s:11:\"countryName\";s:8:\"Pakistan\";s:12:\"isPickupCity\";b:1;s:14:\"isDeliveryCity\";b:1;}i:546;a:4:{s:19:\"operationalCityName\";s:12:\"SAIDU SHARIF\";s:11:\"countryName\";s:8:\"Pakistan\";s:12:\"isPickupCity\";b:1;s:14:\"isDeliveryCity\";b:1;}i:547;a:4:{s:19:\"operationalCityName\";s:7:\"SAJAWAL\";s:11:\"countryName\";s:8:\"Pakistan\";s:12:\"isPickupCity\";b:1;s:14:\"isDeliveryCity\";b:1;}i:548;a:4:{s:19:\"operationalCityName\";s:7:\"SAKRAND\";s:11:\"countryName\";s:8:\"Pakistan\";s:12:\"isPickupCity\";b:1;s:14:\"isDeliveryCity\";b:1;}i:549;a:4:{s:19:\"operationalCityName\";s:9:\"SAMANDARI\";s:11:\"countryName\";s:8:\"Pakistan\";s:12:\"isPickupCity\";b:1;s:14:\"isDeliveryCity\";b:1;}i:550;a:4:{s:19:\"operationalCityName\";s:10:\"SAMAR BAGH\";s:11:\"countryName\";s:8:\"Pakistan\";s:12:\"isPickupCity\";b:1;s:14:\"isDeliveryCity\";b:1;}i:551;a:4:{s:19:\"operationalCityName\";s:6:\"SAMARO\";s:11:\"countryName\";s:8:\"Pakistan\";s:12:\"isPickupCity\";b:1;s:14:\"isDeliveryCity\";b:1;}i:552;a:4:{s:19:\"operationalCityName\";s:6:\"SAMOTE\";s:11:\"countryName\";s:8:\"Pakistan\";s:12:\"isPickupCity\";b:1;s:14:\"isDeliveryCity\";b:1;}i:553;a:4:{s:19:\"operationalCityName\";s:7:\"SANGHAR\";s:11:\"countryName\";s:8:\"Pakistan\";s:12:\"isPickupCity\";b:1;s:14:\"isDeliveryCity\";b:1;}i:554;a:4:{s:19:\"operationalCityName\";s:11:\"SANGLA HILL\";s:11:\"countryName\";s:8:\"Pakistan\";s:12:\"isPickupCity\";b:1;s:14:\"isDeliveryCity\";b:1;}i:555;a:4:{s:19:\"operationalCityName\";s:8:\"SANGWALA\";s:11:\"countryName\";s:8:\"Pakistan\";s:12:\"isPickupCity\";b:1;s:14:\"isDeliveryCity\";b:1;}i:556;a:4:{s:19:\"operationalCityName\";s:8:\"SANJHORO\";s:11:\"countryName\";s:8:\"Pakistan\";s:12:\"isPickupCity\";b:1;s:14:\"isDeliveryCity\";b:1;}i:557;a:4:{s:19:\"operationalCityName\";s:7:\"SANJWAL\";s:11:\"countryName\";s:8:\"Pakistan\";s:12:\"isPickupCity\";b:1;s:14:\"isDeliveryCity\";b:1;}i:558;a:4:{s:19:\"operationalCityName\";s:13:\"SARAYE NORANG\";s:11:\"countryName\";s:8:\"Pakistan\";s:12:\"isPickupCity\";b:1;s:14:\"isDeliveryCity\";b:1;}i:559;a:4:{s:19:\"operationalCityName\";s:11:\"SARDAR GARH\";s:11:\"countryName\";s:8:\"Pakistan\";s:12:\"isPickupCity\";b:1;s:14:\"isDeliveryCity\";b:1;}i:560;a:4:{s:19:\"operationalCityName\";s:9:\"SARDARYAB\";s:11:\"countryName\";s:8:\"Pakistan\";s:12:\"isPickupCity\";b:1;s:14:\"isDeliveryCity\";b:1;}i:561;a:4:{s:19:\"operationalCityName\";s:8:\"SARGODHA\";s:11:\"countryName\";s:8:\"Pakistan\";s:12:\"isPickupCity\";b:1;s:14:\"isDeliveryCity\";b:1;}i:562;a:4:{s:19:\"operationalCityName\";s:12:\"SARI ALAMGIR\";s:11:\"countryName\";s:8:\"Pakistan\";s:12:\"isPickupCity\";b:1;s:14:\"isDeliveryCity\";b:1;}i:563;a:4:{s:19:\"operationalCityName\";s:6:\"SAROBA\";s:11:\"countryName\";s:8:\"Pakistan\";s:12:\"isPickupCity\";b:1;s:14:\"isDeliveryCity\";b:1;}i:564;a:4:{s:19:\"operationalCityName\";s:6:\"SATRAH\";s:11:\"countryName\";s:8:\"Pakistan\";s:12:\"isPickupCity\";b:1;s:14:\"isDeliveryCity\";b:1;}i:565;a:4:{s:19:\"operationalCityName\";s:8:\"SATYYANA\";s:11:\"countryName\";s:8:\"Pakistan\";s:12:\"isPickupCity\";b:1;s:14:\"isDeliveryCity\";b:1;}i:566;a:4:{s:19:\"operationalCityName\";s:6:\"SAUWAL\";s:11:\"countryName\";s:8:\"Pakistan\";s:12:\"isPickupCity\";b:1;s:14:\"isDeliveryCity\";b:1;}i:567;a:4:{s:19:\"operationalCityName\";s:6:\"SAWABI\";s:11:\"countryName\";s:8:\"Pakistan\";s:12:\"isPickupCity\";b:1;s:14:\"isDeliveryCity\";b:1;}i:568;a:4:{s:19:\"operationalCityName\";s:10:\"SEHR BAGLA\";s:11:\"countryName\";s:8:\"Pakistan\";s:12:\"isPickupCity\";b:1;s:14:\"isDeliveryCity\";b:1;}i:569;a:4:{s:19:\"operationalCityName\";s:13:\"SEHWAN SHARIF\";s:11:\"countryName\";s:8:\"Pakistan\";s:12:\"isPickupCity\";b:1;s:14:\"isDeliveryCity\";b:1;}i:570;a:4:{s:19:\"operationalCityName\";s:6:\"SERMIK\";s:11:\"countryName\";s:8:\"Pakistan\";s:12:\"isPickupCity\";b:1;s:14:\"isDeliveryCity\";b:1;}i:571;a:4:{s:19:\"operationalCityName\";s:9:\"SHABQADAR\";s:11:\"countryName\";s:8:\"Pakistan\";s:12:\"isPickupCity\";b:1;s:14:\"isDeliveryCity\";b:1;}i:572;a:4:{s:19:\"operationalCityName\";s:10:\"SHADAD KOT\";s:11:\"countryName\";s:8:\"Pakistan\";s:12:\"isPickupCity\";b:1;s:14:\"isDeliveryCity\";b:1;}i:573;a:4:{s:19:\"operationalCityName\";s:8:\"SHADIWAL\";s:11:\"countryName\";s:8:\"Pakistan\";s:12:\"isPickupCity\";b:1;s:14:\"isDeliveryCity\";b:1;}i:574;a:4:{s:19:\"operationalCityName\";s:9:\"SHAH BAGH\";s:11:\"countryName\";s:8:\"Pakistan\";s:12:\"isPickupCity\";b:1;s:14:\"isDeliveryCity\";b:1;}i:575;a:4:{s:19:\"operationalCityName\";s:15:\"SHAH PUR CHAKAR\";s:11:\"countryName\";s:8:\"Pakistan\";s:12:\"isPickupCity\";b:1;s:14:\"isDeliveryCity\";b:1;}i:576;a:4:{s:19:\"operationalCityName\";s:11:\"SHAHDAD PUR\";s:11:\"countryName\";s:8:\"Pakistan\";s:12:\"isPickupCity\";b:1;s:14:\"isDeliveryCity\";b:1;}i:577;a:4:{s:19:\"operationalCityName\";s:13:\"SHAHDARA TOWN\";s:11:\"countryName\";s:8:\"Pakistan\";s:12:\"isPickupCity\";b:1;s:14:\"isDeliveryCity\";b:1;}i:578;a:4:{s:19:\"operationalCityName\";s:7:\"SHAHKOT\";s:11:\"countryName\";s:8:\"Pakistan\";s:12:\"isPickupCity\";b:1;s:14:\"isDeliveryCity\";b:1;}i:579;a:4:{s:19:\"operationalCityName\";s:15:\"SHAHPUR JAHANIA\";s:11:\"countryName\";s:8:\"Pakistan\";s:12:\"isPickupCity\";b:1;s:14:\"isDeliveryCity\";b:1;}i:580;a:4:{s:19:\"operationalCityName\";s:14:\"SHAHPUR SADDAR\";s:11:\"countryName\";s:8:\"Pakistan\";s:12:\"isPickupCity\";b:1;s:14:\"isDeliveryCity\";b:1;}i:581;a:4:{s:19:\"operationalCityName\";s:10:\"SHAKARGARH\";s:11:\"countryName\";s:8:\"Pakistan\";s:12:\"isPickupCity\";b:1;s:14:\"isDeliveryCity\";b:1;}i:582;a:4:{s:19:\"operationalCityName\";s:8:\"SHAM KOT\";s:11:\"countryName\";s:8:\"Pakistan\";s:12:\"isPickupCity\";b:1;s:14:\"isDeliveryCity\";b:1;}i:583;a:4:{s:19:\"operationalCityName\";s:10:\"SHAMS ABAD\";s:11:\"countryName\";s:8:\"Pakistan\";s:12:\"isPickupCity\";b:1;s:14:\"isDeliveryCity\";b:1;}i:584;a:4:{s:19:\"operationalCityName\";s:7:\"SHANGLA\";s:11:\"countryName\";s:8:\"Pakistan\";s:12:\"isPickupCity\";b:1;s:14:\"isDeliveryCity\";b:1;}i:585;a:4:{s:19:\"operationalCityName\";s:16:\"SHARAQPUR SHARIF\";s:11:\"countryName\";s:8:\"Pakistan\";s:12:\"isPickupCity\";b:1;s:14:\"isDeliveryCity\";b:1;}i:586;a:4:{s:19:\"operationalCityName\";s:6:\"SHEEDO\";s:11:\"countryName\";s:8:\"Pakistan\";s:12:\"isPickupCity\";b:1;s:14:\"isDeliveryCity\";b:1;}i:587;a:4:{s:19:\"operationalCityName\";s:20:\"SHEIKHOO SUGAR MILLS\";s:11:\"countryName\";s:8:\"Pakistan\";s:12:\"isPickupCity\";b:1;s:14:\"isDeliveryCity\";b:1;}i:588;a:4:{s:19:\"operationalCityName\";s:11:\"SHEIKHUPURA\";s:11:\"countryName\";s:8:\"Pakistan\";s:12:\"isPickupCity\";b:1;s:14:\"isDeliveryCity\";b:1;}i:589;a:4:{s:19:\"operationalCityName\";s:8:\"SHERGARH\";s:11:\"countryName\";s:8:\"Pakistan\";s:12:\"isPickupCity\";b:1;s:14:\"isDeliveryCity\";b:1;}i:590;a:4:{s:19:\"operationalCityName\";s:9:\"SHERINGAL\";s:11:\"countryName\";s:8:\"Pakistan\";s:12:\"isPickupCity\";b:1;s:14:\"isDeliveryCity\";b:1;}i:591;a:4:{s:19:\"operationalCityName\";s:10:\"SHEWA ADDA\";s:11:\"countryName\";s:8:\"Pakistan\";s:12:\"isPickupCity\";b:1;s:14:\"isDeliveryCity\";b:1;}i:592;a:4:{s:19:\"operationalCityName\";s:6:\"SHIGAR\";s:11:\"countryName\";s:8:\"Pakistan\";s:12:\"isPickupCity\";b:1;s:14:\"isDeliveryCity\";b:1;}i:593;a:4:{s:19:\"operationalCityName\";s:9:\"SHIKARPUR\";s:11:\"countryName\";s:8:\"Pakistan\";s:12:\"isPickupCity\";b:1;s:14:\"isDeliveryCity\";b:1;}i:594;a:4:{s:19:\"operationalCityName\";s:11:\"SHIMLA HILL\";s:11:\"countryName\";s:8:\"Pakistan\";s:12:\"isPickupCity\";b:1;s:14:\"isDeliveryCity\";b:1;}i:595;a:4:{s:19:\"operationalCityName\";s:7:\"SHORKOT\";s:11:\"countryName\";s:8:\"Pakistan\";s:12:\"isPickupCity\";b:1;s:14:\"isDeliveryCity\";b:1;}i:596;a:4:{s:19:\"operationalCityName\";s:18:\"SHORKOT CANTONMENT\";s:11:\"countryName\";s:8:\"Pakistan\";s:12:\"isPickupCity\";b:1;s:14:\"isDeliveryCity\";b:1;}i:597;a:4:{s:19:\"operationalCityName\";s:8:\"SHUJABAD\";s:11:\"countryName\";s:8:\"Pakistan\";s:12:\"isPickupCity\";b:1;s:14:\"isDeliveryCity\";b:1;}i:598;a:4:{s:19:\"operationalCityName\";s:7:\"SIALKOT\";s:11:\"countryName\";s:8:\"Pakistan\";s:12:\"isPickupCity\";b:1;s:14:\"isDeliveryCity\";b:1;}i:599;a:4:{s:19:\"operationalCityName\";s:4:\"SIBI\";s:11:\"countryName\";s:8:\"Pakistan\";s:12:\"isPickupCity\";b:1;s:14:\"isDeliveryCity\";b:1;}i:600;a:4:{s:19:\"operationalCityName\";s:6:\"SIHALA\";s:11:\"countryName\";s:8:\"Pakistan\";s:12:\"isPickupCity\";b:1;s:14:\"isDeliveryCity\";b:1;}i:601;a:4:{s:19:\"operationalCityName\";s:12:\"SIKANDARABAD\";s:11:\"countryName\";s:8:\"Pakistan\";s:12:\"isPickupCity\";b:1;s:14:\"isDeliveryCity\";b:1;}i:602;a:4:{s:19:\"operationalCityName\";s:9:\"SILANWALI\";s:11:\"countryName\";s:8:\"Pakistan\";s:12:\"isPickupCity\";b:1;s:14:\"isDeliveryCity\";b:1;}i:603;a:4:{s:19:\"operationalCityName\";s:8:\"SINJHORO\";s:11:\"countryName\";s:8:\"Pakistan\";s:12:\"isPickupCity\";b:1;s:14:\"isDeliveryCity\";b:1;}i:604;a:4:{s:19:\"operationalCityName\";s:13:\"SIR SUBA SHAH\";s:11:\"countryName\";s:8:\"Pakistan\";s:12:\"isPickupCity\";b:1;s:14:\"isDeliveryCity\";b:1;}i:605;a:4:{s:19:\"operationalCityName\";s:14:\"SIRAYE MUHAJIR\";s:11:\"countryName\";s:8:\"Pakistan\";s:12:\"isPickupCity\";b:1;s:14:\"isDeliveryCity\";b:1;}i:606;a:4:{s:19:\"operationalCityName\";s:6:\"SKARDU\";s:11:\"countryName\";s:8:\"Pakistan\";s:12:\"isPickupCity\";b:1;s:14:\"isDeliveryCity\";b:1;}i:607;a:4:{s:19:\"operationalCityName\";s:23:\"SMAAL IND ESTATE. DASKA\";s:11:\"countryName\";s:8:\"Pakistan\";s:12:\"isPickupCity\";b:1;s:14:\"isDeliveryCity\";b:1;}i:608;a:4:{s:19:\"operationalCityName\";s:24:\"SOHAWA ONLY MAIN GT ROAD\";s:11:\"countryName\";s:8:\"Pakistan\";s:12:\"isPickupCity\";b:1;s:14:\"isDeliveryCity\";b:1;}i:609;a:4:{s:19:\"operationalCityName\";s:15:\"SUDHANOTI (AJK)\";s:11:\"countryName\";s:8:\"Pakistan\";s:12:\"isPickupCity\";b:1;s:14:\"isDeliveryCity\";b:1;}i:610;a:4:{s:19:\"operationalCityName\";s:6:\"SUKKUR\";s:11:\"countryName\";s:8:\"Pakistan\";s:12:\"isPickupCity\";b:1;s:14:\"isDeliveryCity\";b:1;}i:611;a:4:{s:19:\"operationalCityName\";s:8:\"SUMBRIAL\";s:11:\"countryName\";s:8:\"Pakistan\";s:12:\"isPickupCity\";b:1;s:14:\"isDeliveryCity\";b:1;}i:612;a:4:{s:19:\"operationalCityName\";s:11:\"SUNDER ADDA\";s:11:\"countryName\";s:8:\"Pakistan\";s:12:\"isPickupCity\";b:1;s:14:\"isDeliveryCity\";b:1;}i:613;a:4:{s:19:\"operationalCityName\";s:5:\"SWABI\";s:11:\"countryName\";s:8:\"Pakistan\";s:12:\"isPickupCity\";b:1;s:14:\"isDeliveryCity\";b:1;}i:614;a:4:{s:19:\"operationalCityName\";s:4:\"SWAT\";s:11:\"countryName\";s:8:\"Pakistan\";s:12:\"isPickupCity\";b:1;s:14:\"isDeliveryCity\";b:1;}i:615;a:4:{s:19:\"operationalCityName\";s:9:\"SYED WALA\";s:11:\"countryName\";s:8:\"Pakistan\";s:12:\"isPickupCity\";b:1;s:14:\"isDeliveryCity\";b:1;}i:616;a:4:{s:19:\"operationalCityName\";s:9:\"TAJA BARA\";s:11:\"countryName\";s:8:\"Pakistan\";s:12:\"isPickupCity\";b:1;s:14:\"isDeliveryCity\";b:1;}i:617;a:4:{s:19:\"operationalCityName\";s:12:\"TAKHT-E-BHAI\";s:11:\"countryName\";s:8:\"Pakistan\";s:12:\"isPickupCity\";b:1;s:14:\"isDeliveryCity\";b:1;}i:618;a:4:{s:19:\"operationalCityName\";s:8:\"TALAGUNG\";s:11:\"countryName\";s:8:\"Pakistan\";s:12:\"isPickupCity\";b:1;s:14:\"isDeliveryCity\";b:1;}i:619;a:4:{s:19:\"operationalCityName\";s:6:\"TALASH\";s:11:\"countryName\";s:8:\"Pakistan\";s:12:\"isPickupCity\";b:1;s:14:\"isDeliveryCity\";b:1;}i:620;a:4:{s:19:\"operationalCityName\";s:6:\"TALHAR\";s:11:\"countryName\";s:8:\"Pakistan\";s:12:\"isPickupCity\";b:1;s:14:\"isDeliveryCity\";b:1;}i:621;a:4:{s:19:\"operationalCityName\";s:8:\"TALVANDI\";s:11:\"countryName\";s:8:\"Pakistan\";s:12:\"isPickupCity\";b:1;s:14:\"isDeliveryCity\";b:1;}i:622;a:4:{s:19:\"operationalCityName\";s:6:\"TAMMAN\";s:11:\"countryName\";s:8:\"Pakistan\";s:12:\"isPickupCity\";b:1;s:14:\"isDeliveryCity\";b:1;}i:623;a:4:{s:19:\"operationalCityName\";s:11:\"TANDLIAWALA\";s:11:\"countryName\";s:8:\"Pakistan\";s:12:\"isPickupCity\";b:1;s:14:\"isDeliveryCity\";b:1;}i:624;a:4:{s:19:\"operationalCityName\";s:10:\"TANDO ADAM\";s:11:\"countryName\";s:8:\"Pakistan\";s:12:\"isPickupCity\";b:1;s:14:\"isDeliveryCity\";b:1;}i:625;a:4:{s:19:\"operationalCityName\";s:14:\"TANDO ALLAHYAR\";s:11:\"countryName\";s:8:\"Pakistan\";s:12:\"isPickupCity\";b:1;s:14:\"isDeliveryCity\";b:1;}i:626;a:4:{s:19:\"operationalCityName\";s:10:\"TANDO BAGO\";s:11:\"countryName\";s:8:\"Pakistan\";s:12:\"isPickupCity\";b:1;s:14:\"isDeliveryCity\";b:1;}i:627;a:4:{s:19:\"operationalCityName\";s:16:\"TANDO GHULAM ALI\";s:11:\"countryName\";s:8:\"Pakistan\";s:12:\"isPickupCity\";b:1;s:14:\"isDeliveryCity\";b:1;}i:628;a:4:{s:19:\"operationalCityName\";s:9:\"TANDO JAM\";s:11:\"countryName\";s:8:\"Pakistan\";s:12:\"isPickupCity\";b:1;s:14:\"isDeliveryCity\";b:1;}i:629;a:4:{s:19:\"operationalCityName\";s:18:\"TANDO JAN MUHAMMAD\";s:11:\"countryName\";s:8:\"Pakistan\";s:12:\"isPickupCity\";b:1;s:14:\"isDeliveryCity\";b:1;}i:630;a:4:{s:19:\"operationalCityName\";s:15:\"TANDO MOHD KHAN\";s:11:\"countryName\";s:8:\"Pakistan\";s:12:\"isPickupCity\";b:1;s:14:\"isDeliveryCity\";b:1;}i:631;a:4:{s:19:\"operationalCityName\";s:5:\"TANGI\";s:11:\"countryName\";s:8:\"Pakistan\";s:12:\"isPickupCity\";b:1;s:14:\"isDeliveryCity\";b:1;}i:632;a:4:{s:19:\"operationalCityName\";s:4:\"TANK\";s:11:\"countryName\";s:8:\"Pakistan\";s:12:\"isPickupCity\";b:1;s:14:\"isDeliveryCity\";b:1;}i:633;a:4:{s:19:\"operationalCityName\";s:11:\"TARBELA DAM\";s:11:\"countryName\";s:8:\"Pakistan\";s:12:\"isPickupCity\";b:1;s:14:\"isDeliveryCity\";b:1;}i:634;a:4:{s:19:\"operationalCityName\";s:6:\"TARNOL\";s:11:\"countryName\";s:8:\"Pakistan\";s:12:\"isPickupCity\";b:1;s:14:\"isDeliveryCity\";b:1;}i:635;a:4:{s:19:\"operationalCityName\";s:13:\"TAUNSA SHARIF\";s:11:\"countryName\";s:8:\"Pakistan\";s:12:\"isPickupCity\";b:1;s:14:\"isDeliveryCity\";b:1;}i:636;a:4:{s:19:\"operationalCityName\";s:5:\"TAXLA\";s:11:\"countryName\";s:8:\"Pakistan\";s:12:\"isPickupCity\";b:1;s:14:\"isDeliveryCity\";b:1;}i:637;a:4:{s:19:\"operationalCityName\";s:4:\"TEHI\";s:11:\"countryName\";s:8:\"Pakistan\";s:12:\"isPickupCity\";b:1;s:14:\"isDeliveryCity\";b:1;}i:638;a:4:{s:19:\"operationalCityName\";s:12:\"THARI MIRWAH\";s:11:\"countryName\";s:8:\"Pakistan\";s:12:\"isPickupCity\";b:1;s:14:\"isDeliveryCity\";b:1;}i:639;a:4:{s:19:\"operationalCityName\";s:6:\"THATTA\";s:11:\"countryName\";s:8:\"Pakistan\";s:12:\"isPickupCity\";b:1;s:14:\"isDeliveryCity\";b:1;}i:640;a:4:{s:19:\"operationalCityName\";s:23:\"THEENG MORE (ALLAHABAD)\";s:11:\"countryName\";s:8:\"Pakistan\";s:12:\"isPickupCity\";b:1;s:14:\"isDeliveryCity\";b:1;}i:641;a:4:{s:19:\"operationalCityName\";s:16:\"THOA MEHRAM KHAN\";s:11:\"countryName\";s:8:\"Pakistan\";s:12:\"isPickupCity\";b:1;s:14:\"isDeliveryCity\";b:1;}i:642;a:4:{s:19:\"operationalCityName\";s:10:\"THUL HAMZA\";s:11:\"countryName\";s:8:\"Pakistan\";s:12:\"isPickupCity\";b:1;s:14:\"isDeliveryCity\";b:1;}i:643;a:4:{s:19:\"operationalCityName\";s:5:\"THULL\";s:11:\"countryName\";s:8:\"Pakistan\";s:12:\"isPickupCity\";b:1;s:14:\"isDeliveryCity\";b:1;}i:644;a:4:{s:19:\"operationalCityName\";s:16:\"TIBBA SULTANPURA\";s:11:\"countryName\";s:8:\"Pakistan\";s:12:\"isPickupCity\";b:1;s:14:\"isDeliveryCity\";b:1;}i:645;a:4:{s:19:\"operationalCityName\";s:10:\"TIMARGARAH\";s:11:\"countryName\";s:8:\"Pakistan\";s:12:\"isPickupCity\";b:1;s:14:\"isDeliveryCity\";b:1;}i:646;a:4:{s:19:\"operationalCityName\";s:14:\"TOBA TEK SINGH\";s:11:\"countryName\";s:8:\"Pakistan\";s:12:\"isPickupCity\";b:1;s:14:\"isDeliveryCity\";b:1;}i:647;a:4:{s:19:\"operationalCityName\";s:5:\"TOBAH\";s:11:\"countryName\";s:8:\"Pakistan\";s:12:\"isPickupCity\";b:1;s:14:\"isDeliveryCity\";b:1;}i:648;a:4:{s:19:\"operationalCityName\";s:32:\"TOPI (GIK UNIVERSITY AREA ONLY)*\";s:11:\"countryName\";s:8:\"Pakistan\";s:12:\"isPickupCity\";b:1;s:14:\"isDeliveryCity\";b:1;}i:649;a:4:{s:19:\"operationalCityName\";s:21:\"TRANDA MOHAMMAD PANAH\";s:11:\"countryName\";s:8:\"Pakistan\";s:12:\"isPickupCity\";b:1;s:14:\"isDeliveryCity\";b:1;}i:650;a:4:{s:19:\"operationalCityName\";s:17:\"TRANDA SAWAY KHAN\";s:11:\"countryName\";s:8:\"Pakistan\";s:12:\"isPickupCity\";b:1;s:14:\"isDeliveryCity\";b:1;}i:651;a:4:{s:19:\"operationalCityName\";s:4:\"TRET\";s:11:\"countryName\";s:8:\"Pakistan\";s:12:\"isPickupCity\";b:1;s:14:\"isDeliveryCity\";b:1;}i:652;a:4:{s:19:\"operationalCityName\";s:7:\"TULAMBA\";s:11:\"countryName\";s:8:\"Pakistan\";s:12:\"isPickupCity\";b:1;s:14:\"isDeliveryCity\";b:1;}i:653;a:4:{s:19:\"operationalCityName\";s:6:\"TURBAT\";s:11:\"countryName\";s:8:\"Pakistan\";s:12:\"isPickupCity\";b:1;s:14:\"isDeliveryCity\";b:1;}i:654;a:4:{s:19:\"operationalCityName\";s:5:\"UBARO\";s:11:\"countryName\";s:8:\"Pakistan\";s:12:\"isPickupCity\";b:1;s:14:\"isDeliveryCity\";b:1;}i:655;a:4:{s:19:\"operationalCityName\";s:9:\"UCH SHRIF\";s:11:\"countryName\";s:8:\"Pakistan\";s:12:\"isPickupCity\";b:1;s:14:\"isDeliveryCity\";b:1;}i:656;a:4:{s:19:\"operationalCityName\";s:6:\"UGGOKE\";s:11:\"countryName\";s:8:\"Pakistan\";s:12:\"isPickupCity\";b:1;s:14:\"isDeliveryCity\";b:1;}i:657;a:4:{s:19:\"operationalCityName\";s:7:\"UMERKOT\";s:11:\"countryName\";s:8:\"Pakistan\";s:12:\"isPickupCity\";b:1;s:14:\"isDeliveryCity\";b:1;}i:658;a:4:{s:19:\"operationalCityName\";s:13:\"USTA MUHAMMAD\";s:11:\"countryName\";s:8:\"Pakistan\";s:12:\"isPickupCity\";b:1;s:14:\"isDeliveryCity\";b:1;}i:659;a:4:{s:19:\"operationalCityName\";s:5:\"UTHAL\";s:11:\"countryName\";s:8:\"Pakistan\";s:12:\"isPickupCity\";b:1;s:14:\"isDeliveryCity\";b:1;}i:660;a:4:{s:19:\"operationalCityName\";s:6:\"VEHARI\";s:11:\"countryName\";s:8:\"Pakistan\";s:12:\"isPickupCity\";b:1;s:14:\"isDeliveryCity\";b:1;}i:661;a:4:{s:19:\"operationalCityName\";s:12:\"VILLAGE SIAL\";s:11:\"countryName\";s:8:\"Pakistan\";s:12:\"isPickupCity\";b:1;s:14:\"isDeliveryCity\";b:1;}i:662;a:4:{s:19:\"operationalCityName\";s:11:\"WADA MACHHI\";s:11:\"countryName\";s:8:\"Pakistan\";s:12:\"isPickupCity\";b:1;s:14:\"isDeliveryCity\";b:1;}i:663;a:4:{s:19:\"operationalCityName\";s:9:\"WAH CANTT\";s:11:\"countryName\";s:8:\"Pakistan\";s:12:\"isPickupCity\";b:1;s:14:\"isDeliveryCity\";b:1;}i:664;a:4:{s:19:\"operationalCityName\";s:6:\"WAHNDO\";s:11:\"countryName\";s:8:\"Pakistan\";s:12:\"isPickupCity\";b:1;s:14:\"isDeliveryCity\";b:1;}i:665;a:4:{s:19:\"operationalCityName\";s:13:\"WAN RAHDA RAM\";s:11:\"countryName\";s:8:\"Pakistan\";s:12:\"isPickupCity\";b:1;s:14:\"isDeliveryCity\";b:1;}i:666;a:4:{s:19:\"operationalCityName\";s:18:\"WAPDA COLONY (AJK)\";s:11:\"countryName\";s:8:\"Pakistan\";s:12:\"isPickupCity\";b:1;s:14:\"isDeliveryCity\";b:1;}i:667;a:4:{s:19:\"operationalCityName\";s:9:\"WARBATTAN\";s:11:\"countryName\";s:8:\"Pakistan\";s:12:\"isPickupCity\";b:1;s:14:\"isDeliveryCity\";b:1;}i:668;a:4:{s:19:\"operationalCityName\";s:11:\"WARYAM WALA\";s:11:\"countryName\";s:8:\"Pakistan\";s:12:\"isPickupCity\";b:1;s:14:\"isDeliveryCity\";b:1;}i:669;a:4:{s:19:\"operationalCityName\";s:9:\"WAZIRABAD\";s:11:\"countryName\";s:8:\"Pakistan\";s:12:\"isPickupCity\";b:1;s:14:\"isDeliveryCity\";b:1;}i:670;a:4:{s:19:\"operationalCityName\";s:6:\"WINDER\";s:11:\"countryName\";s:8:\"Pakistan\";s:12:\"isPickupCity\";b:1;s:14:\"isDeliveryCity\";b:1;}i:671;a:4:{s:19:\"operationalCityName\";s:6:\"YAZMAN\";s:11:\"countryName\";s:8:\"Pakistan\";s:12:\"isPickupCity\";b:1;s:14:\"isDeliveryCity\";b:1;}i:672;a:4:{s:19:\"operationalCityName\";s:8:\"ZAFARWAL\";s:11:\"countryName\";s:8:\"Pakistan\";s:12:\"isPickupCity\";b:1;s:14:\"isDeliveryCity\";b:1;}i:673;a:4:{s:19:\"operationalCityName\";s:9:\"ZAHIR PIR\";s:11:\"countryName\";s:8:\"Pakistan\";s:12:\"isPickupCity\";b:1;s:14:\"isDeliveryCity\";b:1;}i:674;a:4:{s:19:\"operationalCityName\";s:4:\"ZHOB\";s:11:\"countryName\";s:8:\"Pakistan\";s:12:\"isPickupCity\";b:1;s:14:\"isDeliveryCity\";b:1;}}}', 1730221985);

-- --------------------------------------------------------

--
-- Table structure for table `cache_locks`
--

CREATE TABLE `cache_locks` (
  `key` varchar(255) NOT NULL,
  `owner` varchar(255) NOT NULL,
  `expiration` int(11) NOT NULL
) ENGINE=InnoDB DEFAULT CHARSET=utf8mb4 COLLATE=utf8mb4_unicode_ci;

-- --------------------------------------------------------

--
-- Table structure for table `categories`
--

CREATE TABLE `categories` (
  `id` bigint(20) UNSIGNED NOT NULL,
  `status` tinyint(1) NOT NULL,
  `category` varchar(255) NOT NULL,
  `subcategory_id` bigint(20) UNSIGNED DEFAULT NULL,
  `created_at` timestamp NULL DEFAULT NULL,
  `updated_at` timestamp NULL DEFAULT NULL
) ENGINE=InnoDB DEFAULT CHARSET=utf8mb4 COLLATE=utf8mb4_unicode_ci;

--
-- Dumping data for table `categories`
--

INSERT INTO `categories` (`id`, `status`, `category`, `subcategory_id`, `created_at`, `updated_at`) VALUES
(1, 1, 'Scarves', NULL, '2024-09-09 10:21:08', '2024-09-09 10:21:08'),
(2, 1, 'Pins', NULL, '2024-09-09 10:21:18', '2024-09-09 10:21:18'),
(3, 1, 'Shawl', NULL, '2024-09-09 10:21:24', '2024-09-09 10:21:24'),
(4, 1, 'Caps', NULL, '2024-09-09 10:21:28', '2024-09-09 10:21:28'),
(5, 1, 'Sleeves', NULL, '2024-09-26 10:19:28', '2024-09-26 10:19:28'),
(6, 1, 'Shimmer', NULL, '2024-09-26 11:36:24', '2024-09-26 11:36:24'),
(7, 1, 'Strollers ', NULL, '2024-09-26 11:59:42', '2024-09-26 11:59:42');

-- --------------------------------------------------------

--
-- Table structure for table `category_product`
--

CREATE TABLE `category_product` (
  `id` bigint(20) UNSIGNED NOT NULL,
  `product_id` bigint(20) UNSIGNED NOT NULL,
  `category_id` bigint(20) UNSIGNED NOT NULL,
  `created_at` timestamp NULL DEFAULT NULL,
  `updated_at` timestamp NULL DEFAULT NULL
) ENGINE=InnoDB DEFAULT CHARSET=utf8mb4 COLLATE=utf8mb4_unicode_ci;

--
-- Dumping data for table `category_product`
--

INSERT INTO `category_product` (`id`, `product_id`, `category_id`, `created_at`, `updated_at`) VALUES
(8, 153, 5, NULL, NULL),
(9, 154, 5, NULL, NULL),
(11, 157, 6, NULL, NULL),
(12, 157, 4, NULL, NULL),
(13, 158, 4, NULL, NULL),
(14, 159, 7, NULL, NULL);

-- --------------------------------------------------------

--
-- Table structure for table `colors`
--

CREATE TABLE `colors` (
  `id` bigint(20) UNSIGNED NOT NULL,
  `color` varchar(255) NOT NULL,
  `status` tinyint(1) NOT NULL,
  `created_at` timestamp NULL DEFAULT NULL,
  `updated_at` timestamp NULL DEFAULT NULL
) ENGINE=InnoDB DEFAULT CHARSET=utf8mb4 COLLATE=utf8mb4_unicode_ci;

--
-- Dumping data for table `colors`
--

INSERT INTO `colors` (`id`, `color`, `status`, `created_at`, `updated_at`) VALUES
(1, 'lightpink', 1, '2024-09-09 10:23:24', '2024-09-09 10:23:24'),
(2, 'gray', 1, '2024-09-09 10:23:29', '2024-09-09 10:23:29'),
(3, 'blue', 1, '2024-09-09 10:23:51', '2024-09-09 10:23:51'),
(4, 'purple', 1, '2024-09-09 10:23:56', '2024-09-09 10:23:56'),
(5, 'white', 1, '2024-09-09 10:31:24', '2024-09-09 10:31:24'),
(6, 'black&gold', 1, '2024-09-09 10:32:14', '2024-09-09 10:32:14'),
(7, 'beige', 1, '2024-09-09 10:34:13', '2024-09-09 10:34:13'),
(8, 'black&beige', 1, '2024-09-09 10:34:32', '2024-09-09 10:34:32'),
(9, 'Hotpink', 1, '2024-09-26 10:25:45', '2024-09-26 10:25:45'),
(10, 'lightblue', 1, '2024-09-26 10:26:00', '2024-09-26 10:26:00'),
(11, 'orange', 1, '2024-09-26 10:26:12', '2024-09-26 10:26:12'),
(12, 'black', 1, '2024-09-26 10:37:10', '2024-09-26 10:37:10'),
(13, 'banana', 1, '2024-09-26 11:33:31', '2024-09-26 11:33:31'),
(14, 'Skin', 1, '2024-09-26 11:38:42', '2024-09-26 11:38:42'),
(15, 'green', 1, '2024-09-26 12:01:22', '2024-09-26 12:01:22'),
(16, 'red', 1, '2024-09-26 12:01:48', '2024-09-26 12:01:48'),
(17, 'Cool Colors', 1, '2024-09-26 12:02:56', '2024-09-26 12:02:56');

-- --------------------------------------------------------

--
-- Table structure for table `colors_id_to_images`
--

CREATE TABLE `colors_id_to_images` (
  `id` bigint(20) UNSIGNED NOT NULL,
  `color_id` bigint(20) UNSIGNED NOT NULL,
  `created_at` timestamp NULL DEFAULT NULL,
  `updated_at` timestamp NULL DEFAULT NULL
) ENGINE=InnoDB DEFAULT CHARSET=utf8mb4 COLLATE=utf8mb4_unicode_ci;

-- --------------------------------------------------------

--
-- Table structure for table `failed_jobs`
--

CREATE TABLE `failed_jobs` (
  `id` bigint(20) UNSIGNED NOT NULL,
  `uuid` varchar(255) NOT NULL,
  `connection` text NOT NULL,
  `queue` text NOT NULL,
  `payload` longtext NOT NULL,
  `exception` longtext NOT NULL,
  `failed_at` timestamp NOT NULL DEFAULT current_timestamp()
) ENGINE=InnoDB DEFAULT CHARSET=utf8mb4 COLLATE=utf8mb4_unicode_ci;

-- --------------------------------------------------------

--
-- Table structure for table `images`
--

CREATE TABLE `images` (
  `id` bigint(20) UNSIGNED NOT NULL,
  `color` varchar(255) DEFAULT NULL,
  `image` varchar(255) NOT NULL,
  `product_id` bigint(20) UNSIGNED NOT NULL,
  `created_at` timestamp NULL DEFAULT NULL,
  `updated_at` timestamp NULL DEFAULT NULL,
  `color_id` bigint(20) UNSIGNED DEFAULT NULL
) ENGINE=InnoDB DEFAULT CHARSET=utf8mb4 COLLATE=utf8mb4_unicode_ci;

--
-- Dumping data for table `images`
--

INSERT INTO `images` (`id`, `color`, `image`, `product_id`, `created_at`, `updated_at`, `color_id`) VALUES
(18, '1', '01J8QF94439R4BRNJ8GG7J8897.jpg', 153, '2024-09-26 10:30:32', '2024-09-26 10:30:32', NULL),
(19, '10', '01J8QF9453S4AQRAGQEY9D3AJR.jpg', 153, '2024-09-26 10:30:32', '2024-09-26 10:30:32', NULL),
(20, '9', '01J8QF945AQZJ78SJCY4WGJ692.jpg', 153, '2024-09-26 10:30:32', '2024-09-26 10:30:32', NULL),
(21, '10', '01J8QF945G3CBNCSPW0FQBBDV0.jpg', 153, '2024-09-26 10:30:32', '2024-09-26 10:30:32', NULL),
(22, '11', '01J8QF945NKEYH2DGJ87442CEW.jpg', 153, '2024-09-26 10:30:32', '2024-09-26 10:30:32', NULL),
(23, '10', '01J8QF945WZ3CYT3HVA13F8WJR.jpg', 153, '2024-09-26 10:30:32', '2024-09-26 10:30:32', NULL),
(24, '9', '01J8QF9464VPKX372ZSPVSSSVZ.jpg', 153, '2024-09-26 10:30:32', '2024-09-26 10:30:32', NULL),
(25, '12', '01J8QFMSF7PN3Q4Q9WYJDXPKDM.jpg', 154, '2024-09-26 10:36:55', '2024-09-26 10:44:04', NULL),
(26, '12', '01J8QFMSFFJT9GH53FAGXDXPC6.jpg', 154, '2024-09-26 10:36:55', '2024-09-26 10:44:04', NULL),
(27, '12', '01J8QFMSFQM9QK2V3YKXEZQA7C.jpg', 154, '2024-09-26 10:36:55', '2024-09-26 10:44:04', NULL),
(28, '12', '01J8QFMSG0BH4RZ4VDNYZDSKJF.jpg', 154, '2024-09-26 10:36:55', '2024-09-26 10:44:04', NULL),
(29, '12', '01J8QFMSG8EQAAEEJQ8P7TFM26.jpg', 154, '2024-09-26 10:36:55', '2024-09-26 10:44:04', NULL),
(32, '14', '01J8QKR7KZ73X4FMA0QG7MBRM7.jpg', 157, '2024-09-26 11:48:42', '2024-09-26 11:48:42', NULL),
(33, '5', '01J8QKR7M8XK4SJZQM6ZT7QKH8.jpg', 157, '2024-09-26 11:48:42', '2024-09-26 11:48:42', NULL),
(34, '5', '01J8QM222QEBB6WN8BZAK85G3Z.jpg', 158, '2024-09-26 11:54:04', '2024-09-26 11:54:04', NULL),
(35, '12', '01J8QM2230MV19H8PQJDJK6QX0.jpg', 158, '2024-09-26 11:54:04', '2024-09-26 11:54:04', NULL),
(36, '14', '01J8QM22376JKCYSRFK0TZP499.jpg', 158, '2024-09-26 11:54:04', '2024-09-26 11:54:04', NULL),
(37, '14', '01J8QMK9Y6FD9QP596Q4AA3NDG.jpg', 159, '2024-09-26 12:03:29', '2024-09-26 12:03:29', NULL),
(38, '15', '01J8QMK9YEHPQH8ZVNB9J4GKZ4.jpg', 159, '2024-09-26 12:03:29', '2024-09-26 12:03:29', NULL),
(39, '16', '01J8QMK9YQ40G381GGH9HY2YV0.jpg', 159, '2024-09-26 12:03:29', '2024-09-26 12:03:29', NULL),
(40, '2', '01J8QMKA0CWEN9ZFB68151P0H5.jpg', 159, '2024-09-26 12:03:29', '2024-09-26 12:03:29', NULL),
(41, '3', '01J8QMKA0N5GDASMRXPN8B2DGM.jpg', 159, '2024-09-26 12:03:29', '2024-09-26 12:03:29', NULL),
(42, '17', '01J8QMKA0ZPRW93J6T0SDEKS2Y.jpg', 159, '2024-09-26 12:03:29', '2024-09-26 12:03:29', NULL),
(43, '4', '01J8QMKA17ZZG21FX6EHGYNKTT.jpg', 159, '2024-09-26 12:03:29', '2024-09-26 12:03:29', NULL);

-- --------------------------------------------------------

--
-- Table structure for table `jobs`
--

CREATE TABLE `jobs` (
  `id` bigint(20) UNSIGNED NOT NULL,
  `queue` varchar(255) NOT NULL,
  `payload` longtext NOT NULL,
  `attempts` tinyint(3) UNSIGNED NOT NULL,
  `reserved_at` int(10) UNSIGNED DEFAULT NULL,
  `available_at` int(10) UNSIGNED NOT NULL,
  `created_at` int(10) UNSIGNED NOT NULL
) ENGINE=InnoDB DEFAULT CHARSET=utf8mb4 COLLATE=utf8mb4_unicode_ci;

--
-- Dumping data for table `jobs`
--

INSERT INTO `jobs` (`id`, `queue`, `payload`, `attempts`, `reserved_at`, `available_at`, `created_at`) VALUES
(2, 'default', '{\"uuid\":\"e292855f-ecce-4192-93e1-25bb7a2e04fb\",\"displayName\":\"App\\\\Mail\\\\PlacedOrder\",\"job\":\"Illuminate\\\\Queue\\\\CallQueuedHandler@call\",\"maxTries\":null,\"maxExceptions\":null,\"failOnTimeout\":false,\"backoff\":null,\"timeout\":null,\"retryUntil\":null,\"data\":{\"commandName\":\"Illuminate\\\\Mail\\\\SendQueuedMailable\",\"command\":\"O:34:\\\"Illuminate\\\\Mail\\\\SendQueuedMailable\\\":15:{s:8:\\\"mailable\\\";O:20:\\\"App\\\\Mail\\\\PlacedOrder\\\":3:{s:9:\\\"\\u0000*\\u0000orders\\\";a:1:{i:0;a:13:{s:2:\\\"id\\\";i:103;s:5:\\\"title\\\";s:3:\\\"TSA\\\";s:5:\\\"price\\\";i:75;s:9:\\\"new_price\\\";i:173;s:11:\\\"description\\\";s:227:\\\"Debitis numquam quod excepturi omnis aliquam aperiam. Ducimus eos id modi recusandae officia. Mollitia et voluptates non autem aliquid ex quisquam. Quis unde non voluptatem commodi delectus voluptatem. Et earum vel et autem id.\\\";s:8:\\\"quantity\\\";i:1;s:6:\\\"status\\\";i:0;s:10:\\\"created_at\\\";s:27:\\\"2024-09-12T21:56:38.000000Z\\\";s:10:\\\"updated_at\\\";s:27:\\\"2024-09-16T17:34:37.000000Z\\\";s:8:\\\"color_id\\\";N;s:17:\\\"extra_description\\\";s:90:\\\"<p>It is amazing scarf.... You must buy it<\\/p><ul><li>Database<\\/li><li>Migration<\\/li><\\/ul>\\\";s:12:\\\"orders_count\\\";i:0;s:6:\\\"images\\\";a:1:{i:0;a:7:{s:2:\\\"id\\\";i:17;s:5:\\\"color\\\";a:5:{s:2:\\\"id\\\";i:1;s:5:\\\"color\\\";s:9:\\\"lightpink\\\";s:6:\\\"status\\\";i:1;s:10:\\\"created_at\\\";s:27:\\\"2024-09-09T15:23:24.000000Z\\\";s:10:\\\"updated_at\\\";s:27:\\\"2024-09-09T15:23:24.000000Z\\\";}s:5:\\\"image\\\";s:30:\\\"01J7XYD3X1BGF5MV98QH320CHX.jpg\\\";s:10:\\\"product_id\\\";i:103;s:10:\\\"created_at\\\";s:27:\\\"2024-09-16T17:34:37.000000Z\\\";s:10:\\\"updated_at\\\";s:27:\\\"2024-09-16T17:34:37.000000Z\\\";s:8:\\\"color_id\\\";N;}}}}s:2:\\\"to\\\";a:1:{i:0;a:2:{s:4:\\\"name\\\";N;s:7:\\\"address\\\";s:22:\\\"habbas2121@outlook.com\\\";}}s:6:\\\"mailer\\\";s:4:\\\"smtp\\\";}s:5:\\\"tries\\\";N;s:7:\\\"timeout\\\";N;s:13:\\\"maxExceptions\\\";N;s:17:\\\"shouldBeEncrypted\\\";b:0;s:10:\\\"connection\\\";N;s:5:\\\"queue\\\";N;s:5:\\\"delay\\\";N;s:11:\\\"afterCommit\\\";N;s:10:\\\"middleware\\\";a:0:{}s:7:\\\"chained\\\";a:0:{}s:15:\\\"chainConnection\\\";N;s:10:\\\"chainQueue\\\";N;s:19:\\\"chainCatchCallbacks\\\";N;s:3:\\\"job\\\";N;}\"}}', 0, NULL, 1726688107, 1726688107),
(3, 'default', '{\"uuid\":\"a6ecb489-0784-4739-931f-f79ae7ba1177\",\"displayName\":\"App\\\\Mail\\\\PlacedOrder\",\"job\":\"Illuminate\\\\Queue\\\\CallQueuedHandler@call\",\"maxTries\":null,\"maxExceptions\":null,\"failOnTimeout\":false,\"backoff\":null,\"timeout\":null,\"retryUntil\":null,\"data\":{\"commandName\":\"Illuminate\\\\Mail\\\\SendQueuedMailable\",\"command\":\"O:34:\\\"Illuminate\\\\Mail\\\\SendQueuedMailable\\\":15:{s:8:\\\"mailable\\\";O:20:\\\"App\\\\Mail\\\\PlacedOrder\\\":3:{s:9:\\\"\\u0000*\\u0000orders\\\";a:1:{i:0;a:12:{s:2:\\\"id\\\";i:1;s:5:\\\"title\\\";s:23:\\\"China chiffon georgate \\\";s:5:\\\"price\\\";i:550;s:9:\\\"new_price\\\";N;s:11:\\\"description\\\";s:61:\\\"China chiffon georgate \\nSize 34 ×72\\nContect 👉 03002862366\\\";s:8:\\\"quantity\\\";i:1;s:6:\\\"status\\\";i:0;s:10:\\\"created_at\\\";s:27:\\\"2024-09-09T15:27:31.000000Z\\\";s:10:\\\"updated_at\\\";s:27:\\\"2024-09-09T15:27:31.000000Z\\\";s:8:\\\"color_id\\\";N;s:17:\\\"extra_description\\\";s:68:\\\"<p>China chiffon georgate&nbsp;<\\/p><p>Size 34 ×72<\\/p><p>Contect<\\/p>\\\";s:6:\\\"images\\\";a:7:{i:0;a:7:{s:2:\\\"id\\\";i:1;s:5:\\\"color\\\";a:5:{s:2:\\\"id\\\";i:1;s:5:\\\"color\\\";s:9:\\\"lightpink\\\";s:6:\\\"status\\\";i:1;s:10:\\\"created_at\\\";s:27:\\\"2024-09-09T15:23:24.000000Z\\\";s:10:\\\"updated_at\\\";s:27:\\\"2024-09-09T15:23:24.000000Z\\\";}s:5:\\\"image\\\";s:30:\\\"01J7BPBBYF69TF8DVA1GSYQC9N.jpg\\\";s:10:\\\"product_id\\\";i:1;s:10:\\\"created_at\\\";s:27:\\\"2024-09-09T15:27:31.000000Z\\\";s:10:\\\"updated_at\\\";s:27:\\\"2024-09-09T15:27:31.000000Z\\\";s:8:\\\"color_id\\\";N;}i:1;a:7:{s:2:\\\"id\\\";i:2;s:5:\\\"color\\\";a:5:{s:2:\\\"id\\\";i:2;s:5:\\\"color\\\";s:4:\\\"gray\\\";s:6:\\\"status\\\";i:1;s:10:\\\"created_at\\\";s:27:\\\"2024-09-09T15:23:29.000000Z\\\";s:10:\\\"updated_at\\\";s:27:\\\"2024-09-09T15:23:29.000000Z\\\";}s:5:\\\"image\\\";s:30:\\\"01J7BPBBYYSY31NV4AAEZ75Q8P.jpg\\\";s:10:\\\"product_id\\\";i:1;s:10:\\\"created_at\\\";s:27:\\\"2024-09-09T15:27:31.000000Z\\\";s:10:\\\"updated_at\\\";s:27:\\\"2024-09-09T15:27:31.000000Z\\\";s:8:\\\"color_id\\\";N;}i:2;a:7:{s:2:\\\"id\\\";i:3;s:5:\\\"color\\\";a:5:{s:2:\\\"id\\\";i:4;s:5:\\\"color\\\";s:6:\\\"purple\\\";s:6:\\\"status\\\";i:1;s:10:\\\"created_at\\\";s:27:\\\"2024-09-09T15:23:56.000000Z\\\";s:10:\\\"updated_at\\\";s:27:\\\"2024-09-09T15:23:56.000000Z\\\";}s:5:\\\"image\\\";s:30:\\\"01J7BPBBZ5NTHR9SR6FNVWDYQM.jpg\\\";s:10:\\\"product_id\\\";i:1;s:10:\\\"created_at\\\";s:27:\\\"2024-09-09T15:27:31.000000Z\\\";s:10:\\\"updated_at\\\";s:27:\\\"2024-09-09T15:27:31.000000Z\\\";s:8:\\\"color_id\\\";N;}i:3;a:7:{s:2:\\\"id\\\";i:4;s:5:\\\"color\\\";a:5:{s:2:\\\"id\\\";i:2;s:5:\\\"color\\\";s:4:\\\"gray\\\";s:6:\\\"status\\\";i:1;s:10:\\\"created_at\\\";s:27:\\\"2024-09-09T15:23:29.000000Z\\\";s:10:\\\"updated_at\\\";s:27:\\\"2024-09-09T15:23:29.000000Z\\\";}s:5:\\\"image\\\";s:30:\\\"01J7BPBBZCQRQZHM5XVVD0H22X.jpg\\\";s:10:\\\"product_id\\\";i:1;s:10:\\\"created_at\\\";s:27:\\\"2024-09-09T15:27:31.000000Z\\\";s:10:\\\"updated_at\\\";s:27:\\\"2024-09-09T15:27:31.000000Z\\\";s:8:\\\"color_id\\\";N;}i:4;a:7:{s:2:\\\"id\\\";i:5;s:5:\\\"color\\\";a:5:{s:2:\\\"id\\\";i:3;s:5:\\\"color\\\";s:4:\\\"blue\\\";s:6:\\\"status\\\";i:1;s:10:\\\"created_at\\\";s:27:\\\"2024-09-09T15:23:51.000000Z\\\";s:10:\\\"updated_at\\\";s:27:\\\"2024-09-09T15:23:51.000000Z\\\";}s:5:\\\"image\\\";s:30:\\\"01J7BPBC0B2SXC2KSGQEFES0HY.jpg\\\";s:10:\\\"product_id\\\";i:1;s:10:\\\"created_at\\\";s:27:\\\"2024-09-09T15:27:31.000000Z\\\";s:10:\\\"updated_at\\\";s:27:\\\"2024-09-09T15:27:31.000000Z\\\";s:8:\\\"color_id\\\";N;}i:5;a:7:{s:2:\\\"id\\\";i:6;s:5:\\\"color\\\";a:5:{s:2:\\\"id\\\";i:1;s:5:\\\"color\\\";s:9:\\\"lightpink\\\";s:6:\\\"status\\\";i:1;s:10:\\\"created_at\\\";s:27:\\\"2024-09-09T15:23:24.000000Z\\\";s:10:\\\"updated_at\\\";s:27:\\\"2024-09-09T15:23:24.000000Z\\\";}s:5:\\\"image\\\";s:30:\\\"01J7BPBC0Q7656G5Q49ZDASFPD.jpg\\\";s:10:\\\"product_id\\\";i:1;s:10:\\\"created_at\\\";s:27:\\\"2024-09-09T15:27:31.000000Z\\\";s:10:\\\"updated_at\\\";s:27:\\\"2024-09-09T15:27:31.000000Z\\\";s:8:\\\"color_id\\\";N;}i:6;a:7:{s:2:\\\"id\\\";i:7;s:5:\\\"color\\\";a:5:{s:2:\\\"id\\\";i:4;s:5:\\\"color\\\";s:6:\\\"purple\\\";s:6:\\\"status\\\";i:1;s:10:\\\"created_at\\\";s:27:\\\"2024-09-09T15:23:56.000000Z\\\";s:10:\\\"updated_at\\\";s:27:\\\"2024-09-09T15:23:56.000000Z\\\";}s:5:\\\"image\\\";s:30:\\\"01J7BPBC0XMDM5RCY3QYWRY2D9.jpg\\\";s:10:\\\"product_id\\\";i:1;s:10:\\\"created_at\\\";s:27:\\\"2024-09-09T15:27:31.000000Z\\\";s:10:\\\"updated_at\\\";s:27:\\\"2024-09-09T15:27:31.000000Z\\\";s:8:\\\"color_id\\\";N;}}}}s:2:\\\"to\\\";a:1:{i:0;a:2:{s:4:\\\"name\\\";N;s:7:\\\"address\\\";s:22:\\\"habbas2121@outlook.com\\\";}}s:6:\\\"mailer\\\";s:4:\\\"smtp\\\";}s:5:\\\"tries\\\";N;s:7:\\\"timeout\\\";N;s:13:\\\"maxExceptions\\\";N;s:17:\\\"shouldBeEncrypted\\\";b:0;s:10:\\\"connection\\\";N;s:5:\\\"queue\\\";N;s:5:\\\"delay\\\";N;s:11:\\\"afterCommit\\\";N;s:10:\\\"middleware\\\";a:0:{}s:7:\\\"chained\\\";a:0:{}s:15:\\\"chainConnection\\\";N;s:10:\\\"chainQueue\\\";N;s:19:\\\"chainCatchCallbacks\\\";N;s:3:\\\"job\\\";N;}\"}}', 0, NULL, 1726688645, 1726688645),
(4, 'default', '{\"uuid\":\"8f6f3155-d91d-41b4-a416-a24c08874ea9\",\"displayName\":\"App\\\\Mail\\\\PlacedOrder\",\"job\":\"Illuminate\\\\Queue\\\\CallQueuedHandler@call\",\"maxTries\":null,\"maxExceptions\":null,\"failOnTimeout\":false,\"backoff\":null,\"timeout\":null,\"retryUntil\":null,\"data\":{\"commandName\":\"Illuminate\\\\Mail\\\\SendQueuedMailable\",\"command\":\"O:34:\\\"Illuminate\\\\Mail\\\\SendQueuedMailable\\\":15:{s:8:\\\"mailable\\\";O:20:\\\"App\\\\Mail\\\\PlacedOrder\\\":3:{s:9:\\\"\\u0000*\\u0000orders\\\";a:1:{i:0;a:13:{s:2:\\\"id\\\";i:2;s:5:\\\"title\\\";s:16:\\\"Fancy Hijab Caps\\\";s:5:\\\"price\\\";i:1000;s:9:\\\"new_price\\\";N;s:11:\\\"description\\\";s:123:\\\"Fancy Hijab Caps\\n100 Design Available\\nFabric Soft Cotton Jersey \\nSize Standard \\n5 Caps Just 1,000 PKR. (shipping excluding)\\\";s:8:\\\"quantity\\\";i:1;s:6:\\\"status\\\";i:1;s:10:\\\"created_at\\\";s:27:\\\"2024-09-09T15:39:01.000000Z\\\";s:10:\\\"updated_at\\\";s:27:\\\"2024-09-12T18:59:37.000000Z\\\";s:8:\\\"color_id\\\";N;s:17:\\\"extra_description\\\";s:164:\\\"<p>Fancy Hijab Caps<\\/p><p>100 Design Available<\\/p><p>Fabric Soft Cotton Jersey&nbsp;<\\/p><p>Size Standard&nbsp;<\\/p><p>5 Caps Just 1,000 PKR. (shipping excluding)<\\/p>\\\";s:12:\\\"orders_count\\\";i:1;s:6:\\\"images\\\";a:9:{i:0;a:7:{s:2:\\\"id\\\";i:8;s:5:\\\"color\\\";N;s:5:\\\"image\\\";s:30:\\\"01J7BQ0E6VAJ60PF6MNN2KJHW8.jpg\\\";s:10:\\\"product_id\\\";i:2;s:10:\\\"created_at\\\";s:27:\\\"2024-09-09T15:39:01.000000Z\\\";s:10:\\\"updated_at\\\";s:27:\\\"2024-09-09T15:39:01.000000Z\\\";s:8:\\\"color_id\\\";N;}i:1;a:7:{s:2:\\\"id\\\";i:9;s:5:\\\"color\\\";a:5:{s:2:\\\"id\\\";i:7;s:5:\\\"color\\\";s:5:\\\"beige\\\";s:6:\\\"status\\\";i:1;s:10:\\\"created_at\\\";s:27:\\\"2024-09-09T15:34:13.000000Z\\\";s:10:\\\"updated_at\\\";s:27:\\\"2024-09-09T15:34:13.000000Z\\\";}s:5:\\\"image\\\";s:30:\\\"01J7BQ0E7YPA9DWP1M2N51GHS7.jpg\\\";s:10:\\\"product_id\\\";i:2;s:10:\\\"created_at\\\";s:27:\\\"2024-09-09T15:39:01.000000Z\\\";s:10:\\\"updated_at\\\";s:27:\\\"2024-09-09T15:39:01.000000Z\\\";s:8:\\\"color_id\\\";N;}i:2;a:7:{s:2:\\\"id\\\";i:10;s:5:\\\"color\\\";a:5:{s:2:\\\"id\\\";i:6;s:5:\\\"color\\\";s:10:\\\"black&gold\\\";s:6:\\\"status\\\";i:1;s:10:\\\"created_at\\\";s:27:\\\"2024-09-09T15:32:14.000000Z\\\";s:10:\\\"updated_at\\\";s:27:\\\"2024-09-09T15:32:14.000000Z\\\";}s:5:\\\"image\\\";s:30:\\\"01J7BQ0E8FE6Q1FTDGPKFR7178.jpg\\\";s:10:\\\"product_id\\\";i:2;s:10:\\\"created_at\\\";s:27:\\\"2024-09-09T15:39:01.000000Z\\\";s:10:\\\"updated_at\\\";s:27:\\\"2024-09-09T15:39:01.000000Z\\\";s:8:\\\"color_id\\\";N;}i:3;a:7:{s:2:\\\"id\\\";i:11;s:5:\\\"color\\\";a:5:{s:2:\\\"id\\\";i:7;s:5:\\\"color\\\";s:5:\\\"beige\\\";s:6:\\\"status\\\";i:1;s:10:\\\"created_at\\\";s:27:\\\"2024-09-09T15:34:13.000000Z\\\";s:10:\\\"updated_at\\\";s:27:\\\"2024-09-09T15:34:13.000000Z\\\";}s:5:\\\"image\\\";s:30:\\\"01J7BQ0E8X91P312PSQ8GS83BJ.jpg\\\";s:10:\\\"product_id\\\";i:2;s:10:\\\"created_at\\\";s:27:\\\"2024-09-09T15:39:01.000000Z\\\";s:10:\\\"updated_at\\\";s:27:\\\"2024-09-09T15:39:01.000000Z\\\";s:8:\\\"color_id\\\";N;}i:4;a:7:{s:2:\\\"id\\\";i:12;s:5:\\\"color\\\";a:5:{s:2:\\\"id\\\";i:3;s:5:\\\"color\\\";s:4:\\\"blue\\\";s:6:\\\"status\\\";i:1;s:10:\\\"created_at\\\";s:27:\\\"2024-09-09T15:23:51.000000Z\\\";s:10:\\\"updated_at\\\";s:27:\\\"2024-09-09T15:23:51.000000Z\\\";}s:5:\\\"image\\\";s:30:\\\"01J7BQ0E94DHHMK4MX68H02WMK.jpg\\\";s:10:\\\"product_id\\\";i:2;s:10:\\\"created_at\\\";s:27:\\\"2024-09-09T15:39:01.000000Z\\\";s:10:\\\"updated_at\\\";s:27:\\\"2024-09-09T15:39:01.000000Z\\\";s:8:\\\"color_id\\\";N;}i:5;a:7:{s:2:\\\"id\\\";i:13;s:5:\\\"color\\\";a:5:{s:2:\\\"id\\\";i:5;s:5:\\\"color\\\";s:5:\\\"white\\\";s:6:\\\"status\\\";i:1;s:10:\\\"created_at\\\";s:27:\\\"2024-09-09T15:31:24.000000Z\\\";s:10:\\\"updated_at\\\";s:27:\\\"2024-09-09T15:31:24.000000Z\\\";}s:5:\\\"image\\\";s:30:\\\"01J7BQ0E9E3CCMV0H07ADVJ0KJ.jpg\\\";s:10:\\\"product_id\\\";i:2;s:10:\\\"created_at\\\";s:27:\\\"2024-09-09T15:39:01.000000Z\\\";s:10:\\\"updated_at\\\";s:27:\\\"2024-09-09T15:39:01.000000Z\\\";s:8:\\\"color_id\\\";N;}i:6;a:7:{s:2:\\\"id\\\";i:14;s:5:\\\"color\\\";a:5:{s:2:\\\"id\\\";i:6;s:5:\\\"color\\\";s:10:\\\"black&gold\\\";s:6:\\\"status\\\";i:1;s:10:\\\"created_at\\\";s:27:\\\"2024-09-09T15:32:14.000000Z\\\";s:10:\\\"updated_at\\\";s:27:\\\"2024-09-09T15:32:14.000000Z\\\";}s:5:\\\"image\\\";s:30:\\\"01J7BQ0E9N5R1EVBCAE2ASJNYK.jpg\\\";s:10:\\\"product_id\\\";i:2;s:10:\\\"created_at\\\";s:27:\\\"2024-09-09T15:39:01.000000Z\\\";s:10:\\\"updated_at\\\";s:27:\\\"2024-09-09T15:39:01.000000Z\\\";s:8:\\\"color_id\\\";N;}i:7;a:7:{s:2:\\\"id\\\";i:15;s:5:\\\"color\\\";a:5:{s:2:\\\"id\\\";i:6;s:5:\\\"color\\\";s:10:\\\"black&gold\\\";s:6:\\\"status\\\";i:1;s:10:\\\"created_at\\\";s:27:\\\"2024-09-09T15:32:14.000000Z\\\";s:10:\\\"updated_at\\\";s:27:\\\"2024-09-09T15:32:14.000000Z\\\";}s:5:\\\"image\\\";s:30:\\\"01J7BQ0EA26TPFG5RPYDVMQPAY.jpg\\\";s:10:\\\"product_id\\\";i:2;s:10:\\\"created_at\\\";s:27:\\\"2024-09-09T15:39:01.000000Z\\\";s:10:\\\"updated_at\\\";s:27:\\\"2024-09-09T15:39:01.000000Z\\\";s:8:\\\"color_id\\\";N;}i:8;a:7:{s:2:\\\"id\\\";i:16;s:5:\\\"color\\\";a:5:{s:2:\\\"id\\\";i:6;s:5:\\\"color\\\";s:10:\\\"black&gold\\\";s:6:\\\"status\\\";i:1;s:10:\\\"created_at\\\";s:27:\\\"2024-09-09T15:32:14.000000Z\\\";s:10:\\\"updated_at\\\";s:27:\\\"2024-09-09T15:32:14.000000Z\\\";}s:5:\\\"image\\\";s:30:\\\"01J7BQ0EA8717DAJM7XHK7QH79.jpg\\\";s:10:\\\"product_id\\\";i:2;s:10:\\\"created_at\\\";s:27:\\\"2024-09-09T15:39:01.000000Z\\\";s:10:\\\"updated_at\\\";s:27:\\\"2024-09-09T15:39:01.000000Z\\\";s:8:\\\"color_id\\\";N;}}}}s:2:\\\"to\\\";a:1:{i:0;a:2:{s:4:\\\"name\\\";N;s:7:\\\"address\\\";s:22:\\\"habbas2121@outlook.com\\\";}}s:6:\\\"mailer\\\";s:4:\\\"smtp\\\";}s:5:\\\"tries\\\";N;s:7:\\\"timeout\\\";N;s:13:\\\"maxExceptions\\\";N;s:17:\\\"shouldBeEncrypted\\\";b:0;s:10:\\\"connection\\\";N;s:5:\\\"queue\\\";N;s:5:\\\"delay\\\";N;s:11:\\\"afterCommit\\\";N;s:10:\\\"middleware\\\";a:0:{}s:7:\\\"chained\\\";a:0:{}s:15:\\\"chainConnection\\\";N;s:10:\\\"chainQueue\\\";N;s:19:\\\"chainCatchCallbacks\\\";N;s:3:\\\"job\\\";N;}\"}}', 0, NULL, 1726760948, 1726760948),
(5, 'default', '{\"uuid\":\"5e2abee9-2770-4796-bc25-f8394323017b\",\"displayName\":\"App\\\\Mail\\\\PlacedOrder\",\"job\":\"Illuminate\\\\Queue\\\\CallQueuedHandler@call\",\"maxTries\":null,\"maxExceptions\":null,\"failOnTimeout\":false,\"backoff\":null,\"timeout\":null,\"retryUntil\":null,\"data\":{\"commandName\":\"Illuminate\\\\Mail\\\\SendQueuedMailable\",\"command\":\"O:34:\\\"Illuminate\\\\Mail\\\\SendQueuedMailable\\\":15:{s:8:\\\"mailable\\\";O:20:\\\"App\\\\Mail\\\\PlacedOrder\\\":3:{s:9:\\\"\\u0000*\\u0000orders\\\";a:1:{i:0;a:13:{s:2:\\\"id\\\";i:2;s:5:\\\"title\\\";s:16:\\\"Fancy Hijab Caps\\\";s:5:\\\"price\\\";i:1000;s:9:\\\"new_price\\\";N;s:11:\\\"description\\\";s:123:\\\"Fancy Hijab Caps\\n100 Design Available\\nFabric Soft Cotton Jersey \\nSize Standard \\n5 Caps Just 1,000 PKR. (shipping excluding)\\\";s:8:\\\"quantity\\\";i:1;s:6:\\\"status\\\";i:1;s:10:\\\"created_at\\\";s:27:\\\"2024-09-09T15:39:01.000000Z\\\";s:10:\\\"updated_at\\\";s:27:\\\"2024-09-12T18:59:37.000000Z\\\";s:8:\\\"color_id\\\";N;s:17:\\\"extra_description\\\";s:164:\\\"<p>Fancy Hijab Caps<\\/p><p>100 Design Available<\\/p><p>Fabric Soft Cotton Jersey&nbsp;<\\/p><p>Size Standard&nbsp;<\\/p><p>5 Caps Just 1,000 PKR. (shipping excluding)<\\/p>\\\";s:12:\\\"orders_count\\\";i:2;s:6:\\\"images\\\";a:9:{i:0;a:7:{s:2:\\\"id\\\";i:8;s:5:\\\"color\\\";N;s:5:\\\"image\\\";s:30:\\\"01J7BQ0E6VAJ60PF6MNN2KJHW8.jpg\\\";s:10:\\\"product_id\\\";i:2;s:10:\\\"created_at\\\";s:27:\\\"2024-09-09T15:39:01.000000Z\\\";s:10:\\\"updated_at\\\";s:27:\\\"2024-09-09T15:39:01.000000Z\\\";s:8:\\\"color_id\\\";N;}i:1;a:7:{s:2:\\\"id\\\";i:9;s:5:\\\"color\\\";a:5:{s:2:\\\"id\\\";i:7;s:5:\\\"color\\\";s:5:\\\"beige\\\";s:6:\\\"status\\\";i:1;s:10:\\\"created_at\\\";s:27:\\\"2024-09-09T15:34:13.000000Z\\\";s:10:\\\"updated_at\\\";s:27:\\\"2024-09-09T15:34:13.000000Z\\\";}s:5:\\\"image\\\";s:30:\\\"01J7BQ0E7YPA9DWP1M2N51GHS7.jpg\\\";s:10:\\\"product_id\\\";i:2;s:10:\\\"created_at\\\";s:27:\\\"2024-09-09T15:39:01.000000Z\\\";s:10:\\\"updated_at\\\";s:27:\\\"2024-09-09T15:39:01.000000Z\\\";s:8:\\\"color_id\\\";N;}i:2;a:7:{s:2:\\\"id\\\";i:10;s:5:\\\"color\\\";a:5:{s:2:\\\"id\\\";i:6;s:5:\\\"color\\\";s:10:\\\"black&gold\\\";s:6:\\\"status\\\";i:1;s:10:\\\"created_at\\\";s:27:\\\"2024-09-09T15:32:14.000000Z\\\";s:10:\\\"updated_at\\\";s:27:\\\"2024-09-09T15:32:14.000000Z\\\";}s:5:\\\"image\\\";s:30:\\\"01J7BQ0E8FE6Q1FTDGPKFR7178.jpg\\\";s:10:\\\"product_id\\\";i:2;s:10:\\\"created_at\\\";s:27:\\\"2024-09-09T15:39:01.000000Z\\\";s:10:\\\"updated_at\\\";s:27:\\\"2024-09-09T15:39:01.000000Z\\\";s:8:\\\"color_id\\\";N;}i:3;a:7:{s:2:\\\"id\\\";i:11;s:5:\\\"color\\\";a:5:{s:2:\\\"id\\\";i:7;s:5:\\\"color\\\";s:5:\\\"beige\\\";s:6:\\\"status\\\";i:1;s:10:\\\"created_at\\\";s:27:\\\"2024-09-09T15:34:13.000000Z\\\";s:10:\\\"updated_at\\\";s:27:\\\"2024-09-09T15:34:13.000000Z\\\";}s:5:\\\"image\\\";s:30:\\\"01J7BQ0E8X91P312PSQ8GS83BJ.jpg\\\";s:10:\\\"product_id\\\";i:2;s:10:\\\"created_at\\\";s:27:\\\"2024-09-09T15:39:01.000000Z\\\";s:10:\\\"updated_at\\\";s:27:\\\"2024-09-09T15:39:01.000000Z\\\";s:8:\\\"color_id\\\";N;}i:4;a:7:{s:2:\\\"id\\\";i:12;s:5:\\\"color\\\";a:5:{s:2:\\\"id\\\";i:3;s:5:\\\"color\\\";s:4:\\\"blue\\\";s:6:\\\"status\\\";i:1;s:10:\\\"created_at\\\";s:27:\\\"2024-09-09T15:23:51.000000Z\\\";s:10:\\\"updated_at\\\";s:27:\\\"2024-09-09T15:23:51.000000Z\\\";}s:5:\\\"image\\\";s:30:\\\"01J7BQ0E94DHHMK4MX68H02WMK.jpg\\\";s:10:\\\"product_id\\\";i:2;s:10:\\\"created_at\\\";s:27:\\\"2024-09-09T15:39:01.000000Z\\\";s:10:\\\"updated_at\\\";s:27:\\\"2024-09-09T15:39:01.000000Z\\\";s:8:\\\"color_id\\\";N;}i:5;a:7:{s:2:\\\"id\\\";i:13;s:5:\\\"color\\\";a:5:{s:2:\\\"id\\\";i:5;s:5:\\\"color\\\";s:5:\\\"white\\\";s:6:\\\"status\\\";i:1;s:10:\\\"created_at\\\";s:27:\\\"2024-09-09T15:31:24.000000Z\\\";s:10:\\\"updated_at\\\";s:27:\\\"2024-09-09T15:31:24.000000Z\\\";}s:5:\\\"image\\\";s:30:\\\"01J7BQ0E9E3CCMV0H07ADVJ0KJ.jpg\\\";s:10:\\\"product_id\\\";i:2;s:10:\\\"created_at\\\";s:27:\\\"2024-09-09T15:39:01.000000Z\\\";s:10:\\\"updated_at\\\";s:27:\\\"2024-09-09T15:39:01.000000Z\\\";s:8:\\\"color_id\\\";N;}i:6;a:7:{s:2:\\\"id\\\";i:14;s:5:\\\"color\\\";a:5:{s:2:\\\"id\\\";i:6;s:5:\\\"color\\\";s:10:\\\"black&gold\\\";s:6:\\\"status\\\";i:1;s:10:\\\"created_at\\\";s:27:\\\"2024-09-09T15:32:14.000000Z\\\";s:10:\\\"updated_at\\\";s:27:\\\"2024-09-09T15:32:14.000000Z\\\";}s:5:\\\"image\\\";s:30:\\\"01J7BQ0E9N5R1EVBCAE2ASJNYK.jpg\\\";s:10:\\\"product_id\\\";i:2;s:10:\\\"created_at\\\";s:27:\\\"2024-09-09T15:39:01.000000Z\\\";s:10:\\\"updated_at\\\";s:27:\\\"2024-09-09T15:39:01.000000Z\\\";s:8:\\\"color_id\\\";N;}i:7;a:7:{s:2:\\\"id\\\";i:15;s:5:\\\"color\\\";a:5:{s:2:\\\"id\\\";i:6;s:5:\\\"color\\\";s:10:\\\"black&gold\\\";s:6:\\\"status\\\";i:1;s:10:\\\"created_at\\\";s:27:\\\"2024-09-09T15:32:14.000000Z\\\";s:10:\\\"updated_at\\\";s:27:\\\"2024-09-09T15:32:14.000000Z\\\";}s:5:\\\"image\\\";s:30:\\\"01J7BQ0EA26TPFG5RPYDVMQPAY.jpg\\\";s:10:\\\"product_id\\\";i:2;s:10:\\\"created_at\\\";s:27:\\\"2024-09-09T15:39:01.000000Z\\\";s:10:\\\"updated_at\\\";s:27:\\\"2024-09-09T15:39:01.000000Z\\\";s:8:\\\"color_id\\\";N;}i:8;a:7:{s:2:\\\"id\\\";i:16;s:5:\\\"color\\\";a:5:{s:2:\\\"id\\\";i:6;s:5:\\\"color\\\";s:10:\\\"black&gold\\\";s:6:\\\"status\\\";i:1;s:10:\\\"created_at\\\";s:27:\\\"2024-09-09T15:32:14.000000Z\\\";s:10:\\\"updated_at\\\";s:27:\\\"2024-09-09T15:32:14.000000Z\\\";}s:5:\\\"image\\\";s:30:\\\"01J7BQ0EA8717DAJM7XHK7QH79.jpg\\\";s:10:\\\"product_id\\\";i:2;s:10:\\\"created_at\\\";s:27:\\\"2024-09-09T15:39:01.000000Z\\\";s:10:\\\"updated_at\\\";s:27:\\\"2024-09-09T15:39:01.000000Z\\\";s:8:\\\"color_id\\\";N;}}}}s:2:\\\"to\\\";a:1:{i:0;a:2:{s:4:\\\"name\\\";N;s:7:\\\"address\\\";s:22:\\\"habbas2121@outlook.com\\\";}}s:6:\\\"mailer\\\";s:4:\\\"smtp\\\";}s:5:\\\"tries\\\";N;s:7:\\\"timeout\\\";N;s:13:\\\"maxExceptions\\\";N;s:17:\\\"shouldBeEncrypted\\\";b:0;s:10:\\\"connection\\\";N;s:5:\\\"queue\\\";N;s:5:\\\"delay\\\";N;s:11:\\\"afterCommit\\\";N;s:10:\\\"middleware\\\";a:0:{}s:7:\\\"chained\\\";a:0:{}s:15:\\\"chainConnection\\\";N;s:10:\\\"chainQueue\\\";N;s:19:\\\"chainCatchCallbacks\\\";N;s:3:\\\"job\\\";N;}\"}}', 0, NULL, 1726761035, 1726761035),
(6, 'default', '{\"uuid\":\"8dd99395-dc2a-45e7-a6ec-1f2c27202eb3\",\"displayName\":\"App\\\\Mail\\\\PlacedOrder\",\"job\":\"Illuminate\\\\Queue\\\\CallQueuedHandler@call\",\"maxTries\":null,\"maxExceptions\":null,\"failOnTimeout\":false,\"backoff\":null,\"timeout\":null,\"retryUntil\":null,\"data\":{\"commandName\":\"Illuminate\\\\Mail\\\\SendQueuedMailable\",\"command\":\"O:34:\\\"Illuminate\\\\Mail\\\\SendQueuedMailable\\\":15:{s:8:\\\"mailable\\\";O:20:\\\"App\\\\Mail\\\\PlacedOrder\\\":3:{s:9:\\\"\\u0000*\\u0000orders\\\";a:5:{i:0;a:12:{s:2:\\\"id\\\";i:1;s:5:\\\"title\\\";s:23:\\\"China chiffon georgate \\\";s:5:\\\"price\\\";i:550;s:9:\\\"new_price\\\";N;s:11:\\\"description\\\";s:61:\\\"China chiffon georgate \\nSize 34 ×72\\nContect 👉 03002862366\\\";s:8:\\\"quantity\\\";i:1;s:6:\\\"status\\\";i:0;s:10:\\\"created_at\\\";s:27:\\\"2024-09-09T15:27:31.000000Z\\\";s:10:\\\"updated_at\\\";s:27:\\\"2024-09-09T15:27:31.000000Z\\\";s:8:\\\"color_id\\\";N;s:17:\\\"extra_description\\\";s:68:\\\"<p>China chiffon georgate&nbsp;<\\/p><p>Size 34 ×72<\\/p><p>Contect<\\/p>\\\";s:6:\\\"images\\\";a:7:{i:0;a:7:{s:2:\\\"id\\\";i:1;s:5:\\\"color\\\";a:5:{s:2:\\\"id\\\";i:1;s:5:\\\"color\\\";s:9:\\\"lightpink\\\";s:6:\\\"status\\\";i:1;s:10:\\\"created_at\\\";s:27:\\\"2024-09-09T15:23:24.000000Z\\\";s:10:\\\"updated_at\\\";s:27:\\\"2024-09-09T15:23:24.000000Z\\\";}s:5:\\\"image\\\";s:30:\\\"01J7BPBBYF69TF8DVA1GSYQC9N.jpg\\\";s:10:\\\"product_id\\\";i:1;s:10:\\\"created_at\\\";s:27:\\\"2024-09-09T15:27:31.000000Z\\\";s:10:\\\"updated_at\\\";s:27:\\\"2024-09-09T15:27:31.000000Z\\\";s:8:\\\"color_id\\\";N;}i:1;a:7:{s:2:\\\"id\\\";i:2;s:5:\\\"color\\\";a:5:{s:2:\\\"id\\\";i:2;s:5:\\\"color\\\";s:4:\\\"gray\\\";s:6:\\\"status\\\";i:1;s:10:\\\"created_at\\\";s:27:\\\"2024-09-09T15:23:29.000000Z\\\";s:10:\\\"updated_at\\\";s:27:\\\"2024-09-09T15:23:29.000000Z\\\";}s:5:\\\"image\\\";s:30:\\\"01J7BPBBYYSY31NV4AAEZ75Q8P.jpg\\\";s:10:\\\"product_id\\\";i:1;s:10:\\\"created_at\\\";s:27:\\\"2024-09-09T15:27:31.000000Z\\\";s:10:\\\"updated_at\\\";s:27:\\\"2024-09-09T15:27:31.000000Z\\\";s:8:\\\"color_id\\\";N;}i:2;a:7:{s:2:\\\"id\\\";i:3;s:5:\\\"color\\\";a:5:{s:2:\\\"id\\\";i:4;s:5:\\\"color\\\";s:6:\\\"purple\\\";s:6:\\\"status\\\";i:1;s:10:\\\"created_at\\\";s:27:\\\"2024-09-09T15:23:56.000000Z\\\";s:10:\\\"updated_at\\\";s:27:\\\"2024-09-09T15:23:56.000000Z\\\";}s:5:\\\"image\\\";s:30:\\\"01J7BPBBZ5NTHR9SR6FNVWDYQM.jpg\\\";s:10:\\\"product_id\\\";i:1;s:10:\\\"created_at\\\";s:27:\\\"2024-09-09T15:27:31.000000Z\\\";s:10:\\\"updated_at\\\";s:27:\\\"2024-09-09T15:27:31.000000Z\\\";s:8:\\\"color_id\\\";N;}i:3;a:7:{s:2:\\\"id\\\";i:4;s:5:\\\"color\\\";a:5:{s:2:\\\"id\\\";i:2;s:5:\\\"color\\\";s:4:\\\"gray\\\";s:6:\\\"status\\\";i:1;s:10:\\\"created_at\\\";s:27:\\\"2024-09-09T15:23:29.000000Z\\\";s:10:\\\"updated_at\\\";s:27:\\\"2024-09-09T15:23:29.000000Z\\\";}s:5:\\\"image\\\";s:30:\\\"01J7BPBBZCQRQZHM5XVVD0H22X.jpg\\\";s:10:\\\"product_id\\\";i:1;s:10:\\\"created_at\\\";s:27:\\\"2024-09-09T15:27:31.000000Z\\\";s:10:\\\"updated_at\\\";s:27:\\\"2024-09-09T15:27:31.000000Z\\\";s:8:\\\"color_id\\\";N;}i:4;a:7:{s:2:\\\"id\\\";i:5;s:5:\\\"color\\\";a:5:{s:2:\\\"id\\\";i:3;s:5:\\\"color\\\";s:4:\\\"blue\\\";s:6:\\\"status\\\";i:1;s:10:\\\"created_at\\\";s:27:\\\"2024-09-09T15:23:51.000000Z\\\";s:10:\\\"updated_at\\\";s:27:\\\"2024-09-09T15:23:51.000000Z\\\";}s:5:\\\"image\\\";s:30:\\\"01J7BPBC0B2SXC2KSGQEFES0HY.jpg\\\";s:10:\\\"product_id\\\";i:1;s:10:\\\"created_at\\\";s:27:\\\"2024-09-09T15:27:31.000000Z\\\";s:10:\\\"updated_at\\\";s:27:\\\"2024-09-09T15:27:31.000000Z\\\";s:8:\\\"color_id\\\";N;}i:5;a:7:{s:2:\\\"id\\\";i:6;s:5:\\\"color\\\";a:5:{s:2:\\\"id\\\";i:1;s:5:\\\"color\\\";s:9:\\\"lightpink\\\";s:6:\\\"status\\\";i:1;s:10:\\\"created_at\\\";s:27:\\\"2024-09-09T15:23:24.000000Z\\\";s:10:\\\"updated_at\\\";s:27:\\\"2024-09-09T15:23:24.000000Z\\\";}s:5:\\\"image\\\";s:30:\\\"01J7BPBC0Q7656G5Q49ZDASFPD.jpg\\\";s:10:\\\"product_id\\\";i:1;s:10:\\\"created_at\\\";s:27:\\\"2024-09-09T15:27:31.000000Z\\\";s:10:\\\"updated_at\\\";s:27:\\\"2024-09-09T15:27:31.000000Z\\\";s:8:\\\"color_id\\\";N;}i:6;a:7:{s:2:\\\"id\\\";i:7;s:5:\\\"color\\\";a:5:{s:2:\\\"id\\\";i:4;s:5:\\\"color\\\";s:6:\\\"purple\\\";s:6:\\\"status\\\";i:1;s:10:\\\"created_at\\\";s:27:\\\"2024-09-09T15:23:56.000000Z\\\";s:10:\\\"updated_at\\\";s:27:\\\"2024-09-09T15:23:56.000000Z\\\";}s:5:\\\"image\\\";s:30:\\\"01J7BPBC0XMDM5RCY3QYWRY2D9.jpg\\\";s:10:\\\"product_id\\\";i:1;s:10:\\\"created_at\\\";s:27:\\\"2024-09-09T15:27:31.000000Z\\\";s:10:\\\"updated_at\\\";s:27:\\\"2024-09-09T15:27:31.000000Z\\\";s:8:\\\"color_id\\\";N;}}}i:1;a:12:{s:2:\\\"id\\\";i:2;s:5:\\\"title\\\";s:16:\\\"Fancy Hijab Caps\\\";s:5:\\\"price\\\";i:1000;s:9:\\\"new_price\\\";N;s:11:\\\"description\\\";s:123:\\\"Fancy Hijab Caps\\n100 Design Available\\nFabric Soft Cotton Jersey \\nSize Standard \\n5 Caps Just 1,000 PKR. (shipping excluding)\\\";s:8:\\\"quantity\\\";i:2;s:6:\\\"status\\\";i:1;s:10:\\\"created_at\\\";s:27:\\\"2024-09-09T15:39:01.000000Z\\\";s:10:\\\"updated_at\\\";s:27:\\\"2024-09-12T18:59:37.000000Z\\\";s:8:\\\"color_id\\\";N;s:17:\\\"extra_description\\\";s:164:\\\"<p>Fancy Hijab Caps<\\/p><p>100 Design Available<\\/p><p>Fabric Soft Cotton Jersey&nbsp;<\\/p><p>Size Standard&nbsp;<\\/p><p>5 Caps Just 1,000 PKR. (shipping excluding)<\\/p>\\\";s:6:\\\"images\\\";a:9:{i:0;a:7:{s:2:\\\"id\\\";i:8;s:5:\\\"color\\\";N;s:5:\\\"image\\\";s:30:\\\"01J7BQ0E6VAJ60PF6MNN2KJHW8.jpg\\\";s:10:\\\"product_id\\\";i:2;s:10:\\\"created_at\\\";s:27:\\\"2024-09-09T15:39:01.000000Z\\\";s:10:\\\"updated_at\\\";s:27:\\\"2024-09-09T15:39:01.000000Z\\\";s:8:\\\"color_id\\\";N;}i:1;a:7:{s:2:\\\"id\\\";i:9;s:5:\\\"color\\\";a:5:{s:2:\\\"id\\\";i:7;s:5:\\\"color\\\";s:5:\\\"beige\\\";s:6:\\\"status\\\";i:1;s:10:\\\"created_at\\\";s:27:\\\"2024-09-09T15:34:13.000000Z\\\";s:10:\\\"updated_at\\\";s:27:\\\"2024-09-09T15:34:13.000000Z\\\";}s:5:\\\"image\\\";s:30:\\\"01J7BQ0E7YPA9DWP1M2N51GHS7.jpg\\\";s:10:\\\"product_id\\\";i:2;s:10:\\\"created_at\\\";s:27:\\\"2024-09-09T15:39:01.000000Z\\\";s:10:\\\"updated_at\\\";s:27:\\\"2024-09-09T15:39:01.000000Z\\\";s:8:\\\"color_id\\\";N;}i:2;a:7:{s:2:\\\"id\\\";i:10;s:5:\\\"color\\\";a:5:{s:2:\\\"id\\\";i:6;s:5:\\\"color\\\";s:10:\\\"black&gold\\\";s:6:\\\"status\\\";i:1;s:10:\\\"created_at\\\";s:27:\\\"2024-09-09T15:32:14.000000Z\\\";s:10:\\\"updated_at\\\";s:27:\\\"2024-09-09T15:32:14.000000Z\\\";}s:5:\\\"image\\\";s:30:\\\"01J7BQ0E8FE6Q1FTDGPKFR7178.jpg\\\";s:10:\\\"product_id\\\";i:2;s:10:\\\"created_at\\\";s:27:\\\"2024-09-09T15:39:01.000000Z\\\";s:10:\\\"updated_at\\\";s:27:\\\"2024-09-09T15:39:01.000000Z\\\";s:8:\\\"color_id\\\";N;}i:3;a:7:{s:2:\\\"id\\\";i:11;s:5:\\\"color\\\";a:5:{s:2:\\\"id\\\";i:7;s:5:\\\"color\\\";s:5:\\\"beige\\\";s:6:\\\"status\\\";i:1;s:10:\\\"created_at\\\";s:27:\\\"2024-09-09T15:34:13.000000Z\\\";s:10:\\\"updated_at\\\";s:27:\\\"2024-09-09T15:34:13.000000Z\\\";}s:5:\\\"image\\\";s:30:\\\"01J7BQ0E8X91P312PSQ8GS83BJ.jpg\\\";s:10:\\\"product_id\\\";i:2;s:10:\\\"created_at\\\";s:27:\\\"2024-09-09T15:39:01.000000Z\\\";s:10:\\\"updated_at\\\";s:27:\\\"2024-09-09T15:39:01.000000Z\\\";s:8:\\\"color_id\\\";N;}i:4;a:7:{s:2:\\\"id\\\";i:12;s:5:\\\"color\\\";a:5:{s:2:\\\"id\\\";i:3;s:5:\\\"color\\\";s:4:\\\"blue\\\";s:6:\\\"status\\\";i:1;s:10:\\\"created_at\\\";s:27:\\\"2024-09-09T15:23:51.000000Z\\\";s:10:\\\"updated_at\\\";s:27:\\\"2024-09-09T15:23:51.000000Z\\\";}s:5:\\\"image\\\";s:30:\\\"01J7BQ0E94DHHMK4MX68H02WMK.jpg\\\";s:10:\\\"product_id\\\";i:2;s:10:\\\"created_at\\\";s:27:\\\"2024-09-09T15:39:01.000000Z\\\";s:10:\\\"updated_at\\\";s:27:\\\"2024-09-09T15:39:01.000000Z\\\";s:8:\\\"color_id\\\";N;}i:5;a:7:{s:2:\\\"id\\\";i:13;s:5:\\\"color\\\";a:5:{s:2:\\\"id\\\";i:5;s:5:\\\"color\\\";s:5:\\\"white\\\";s:6:\\\"status\\\";i:1;s:10:\\\"created_at\\\";s:27:\\\"2024-09-09T15:31:24.000000Z\\\";s:10:\\\"updated_at\\\";s:27:\\\"2024-09-09T15:31:24.000000Z\\\";}s:5:\\\"image\\\";s:30:\\\"01J7BQ0E9E3CCMV0H07ADVJ0KJ.jpg\\\";s:10:\\\"product_id\\\";i:2;s:10:\\\"created_at\\\";s:27:\\\"2024-09-09T15:39:01.000000Z\\\";s:10:\\\"updated_at\\\";s:27:\\\"2024-09-09T15:39:01.000000Z\\\";s:8:\\\"color_id\\\";N;}i:6;a:7:{s:2:\\\"id\\\";i:14;s:5:\\\"color\\\";a:5:{s:2:\\\"id\\\";i:6;s:5:\\\"color\\\";s:10:\\\"black&gold\\\";s:6:\\\"status\\\";i:1;s:10:\\\"created_at\\\";s:27:\\\"2024-09-09T15:32:14.000000Z\\\";s:10:\\\"updated_at\\\";s:27:\\\"2024-09-09T15:32:14.000000Z\\\";}s:5:\\\"image\\\";s:30:\\\"01J7BQ0E9N5R1EVBCAE2ASJNYK.jpg\\\";s:10:\\\"product_id\\\";i:2;s:10:\\\"created_at\\\";s:27:\\\"2024-09-09T15:39:01.000000Z\\\";s:10:\\\"updated_at\\\";s:27:\\\"2024-09-09T15:39:01.000000Z\\\";s:8:\\\"color_id\\\";N;}i:7;a:7:{s:2:\\\"id\\\";i:15;s:5:\\\"color\\\";a:5:{s:2:\\\"id\\\";i:6;s:5:\\\"color\\\";s:10:\\\"black&gold\\\";s:6:\\\"status\\\";i:1;s:10:\\\"created_at\\\";s:27:\\\"2024-09-09T15:32:14.000000Z\\\";s:10:\\\"updated_at\\\";s:27:\\\"2024-09-09T15:32:14.000000Z\\\";}s:5:\\\"image\\\";s:30:\\\"01J7BQ0EA26TPFG5RPYDVMQPAY.jpg\\\";s:10:\\\"product_id\\\";i:2;s:10:\\\"created_at\\\";s:27:\\\"2024-09-09T15:39:01.000000Z\\\";s:10:\\\"updated_at\\\";s:27:\\\"2024-09-09T15:39:01.000000Z\\\";s:8:\\\"color_id\\\";N;}i:8;a:7:{s:2:\\\"id\\\";i:16;s:5:\\\"color\\\";a:5:{s:2:\\\"id\\\";i:6;s:5:\\\"color\\\";s:10:\\\"black&gold\\\";s:6:\\\"status\\\";i:1;s:10:\\\"created_at\\\";s:27:\\\"2024-09-09T15:32:14.000000Z\\\";s:10:\\\"updated_at\\\";s:27:\\\"2024-09-09T15:32:14.000000Z\\\";}s:5:\\\"image\\\";s:30:\\\"01J7BQ0EA8717DAJM7XHK7QH79.jpg\\\";s:10:\\\"product_id\\\";i:2;s:10:\\\"created_at\\\";s:27:\\\"2024-09-09T15:39:01.000000Z\\\";s:10:\\\"updated_at\\\";s:27:\\\"2024-09-09T15:39:01.000000Z\\\";s:8:\\\"color_id\\\";N;}}}i:2;a:12:{s:2:\\\"id\\\";i:103;s:5:\\\"title\\\";s:3:\\\"TSA\\\";s:5:\\\"price\\\";i:75;s:9:\\\"new_price\\\";i:173;s:11:\\\"description\\\";s:227:\\\"Debitis numquam quod excepturi omnis aliquam aperiam. Ducimus eos id modi recusandae officia. Mollitia et voluptates non autem aliquid ex quisquam. Quis unde non voluptatem commodi delectus voluptatem. Et earum vel et autem id.\\\";s:8:\\\"quantity\\\";i:3;s:6:\\\"status\\\";i:0;s:10:\\\"created_at\\\";s:27:\\\"2024-09-12T21:56:38.000000Z\\\";s:10:\\\"updated_at\\\";s:27:\\\"2024-09-16T17:34:37.000000Z\\\";s:8:\\\"color_id\\\";N;s:17:\\\"extra_description\\\";s:90:\\\"<p>It is amazing scarf.... You must buy it<\\/p><ul><li>Database<\\/li><li>Migration<\\/li><\\/ul>\\\";s:6:\\\"images\\\";a:1:{i:0;a:7:{s:2:\\\"id\\\";i:17;s:5:\\\"color\\\";a:5:{s:2:\\\"id\\\";i:1;s:5:\\\"color\\\";s:9:\\\"lightpink\\\";s:6:\\\"status\\\";i:1;s:10:\\\"created_at\\\";s:27:\\\"2024-09-09T15:23:24.000000Z\\\";s:10:\\\"updated_at\\\";s:27:\\\"2024-09-09T15:23:24.000000Z\\\";}s:5:\\\"image\\\";s:30:\\\"01J7XYD3X1BGF5MV98QH320CHX.jpg\\\";s:10:\\\"product_id\\\";i:103;s:10:\\\"created_at\\\";s:27:\\\"2024-09-16T17:34:37.000000Z\\\";s:10:\\\"updated_at\\\";s:27:\\\"2024-09-16T17:34:37.000000Z\\\";s:8:\\\"color_id\\\";N;}}}i:3;a:12:{s:2:\\\"id\\\";i:104;s:5:\\\"title\\\";s:21:\\\"Statistical Assistant\\\";s:5:\\\"price\\\";i:125;s:9:\\\"new_price\\\";i:141;s:11:\\\"description\\\";s:192:\\\"Doloremque repellat et et sed amet. Non repellendus sint eius earum consequuntur. Enim vero voluptatibus ea quisquam architecto non. Veniam mollitia nihil eligendi voluptatum omnis id ut quos.\\\";s:8:\\\"quantity\\\";i:1;s:6:\\\"status\\\";i:1;s:10:\\\"created_at\\\";s:27:\\\"2024-09-12T21:56:38.000000Z\\\";s:10:\\\"updated_at\\\";s:27:\\\"2024-09-12T21:56:38.000000Z\\\";s:8:\\\"color_id\\\";N;s:17:\\\"extra_description\\\";s:90:\\\"<p>It is amazing scarf.... You must buy it<\\/p><ul><li>Database<\\/li><li>Migration<\\/li><\\/ul>\\\";s:6:\\\"images\\\";a:0:{}}i:4;a:12:{s:2:\\\"id\\\";i:107;s:5:\\\"title\\\";s:29:\\\"Industrial Machinery Mechanic\\\";s:5:\\\"price\\\";i:23;s:9:\\\"new_price\\\";i:193;s:11:\\\"description\\\";s:170:\\\"Qui est aut ut impedit dignissimos fugiat. Enim sed alias fugit eaque fugit sed. Animi voluptatem pariatur aut quae suscipit. Inventore laudantium et autem assumenda aut.\\\";s:8:\\\"quantity\\\";i:1;s:6:\\\"status\\\";i:1;s:10:\\\"created_at\\\";s:27:\\\"2024-09-12T21:56:38.000000Z\\\";s:10:\\\"updated_at\\\";s:27:\\\"2024-09-12T21:56:38.000000Z\\\";s:8:\\\"color_id\\\";N;s:17:\\\"extra_description\\\";s:90:\\\"<p>It is amazing scarf.... You must buy it<\\/p><ul><li>Database<\\/li><li>Migration<\\/li><\\/ul>\\\";s:6:\\\"images\\\";a:0:{}}}s:2:\\\"to\\\";a:1:{i:0;a:2:{s:4:\\\"name\\\";N;s:7:\\\"address\\\";s:22:\\\"habbas2121@outlook.com\\\";}}s:6:\\\"mailer\\\";s:4:\\\"smtp\\\";}s:5:\\\"tries\\\";N;s:7:\\\"timeout\\\";N;s:13:\\\"maxExceptions\\\";N;s:17:\\\"shouldBeEncrypted\\\";b:0;s:10:\\\"connection\\\";N;s:5:\\\"queue\\\";N;s:5:\\\"delay\\\";N;s:11:\\\"afterCommit\\\";N;s:10:\\\"middleware\\\";a:0:{}s:7:\\\"chained\\\";a:0:{}s:15:\\\"chainConnection\\\";N;s:10:\\\"chainQueue\\\";N;s:19:\\\"chainCatchCallbacks\\\";N;s:3:\\\"job\\\";N;}\"}}', 0, NULL, 1726761192, 1726761192),
(7, 'default', '{\"uuid\":\"1c687879-1302-4ab3-b2b4-be033d915ab9\",\"displayName\":\"App\\\\Mail\\\\PlacedOrder\",\"job\":\"Illuminate\\\\Queue\\\\CallQueuedHandler@call\",\"maxTries\":null,\"maxExceptions\":null,\"failOnTimeout\":false,\"backoff\":null,\"timeout\":null,\"retryUntil\":null,\"data\":{\"commandName\":\"Illuminate\\\\Mail\\\\SendQueuedMailable\",\"command\":\"O:34:\\\"Illuminate\\\\Mail\\\\SendQueuedMailable\\\":15:{s:8:\\\"mailable\\\";O:20:\\\"App\\\\Mail\\\\PlacedOrder\\\":3:{s:9:\\\"\\u0000*\\u0000orders\\\";a:5:{i:0;a:12:{s:2:\\\"id\\\";i:1;s:5:\\\"title\\\";s:23:\\\"China chiffon georgate \\\";s:5:\\\"price\\\";i:550;s:9:\\\"new_price\\\";N;s:11:\\\"description\\\";s:61:\\\"China chiffon georgate \\nSize 34 ×72\\nContect 👉 03002862366\\\";s:8:\\\"quantity\\\";i:1;s:6:\\\"status\\\";i:0;s:10:\\\"created_at\\\";s:27:\\\"2024-09-09T15:27:31.000000Z\\\";s:10:\\\"updated_at\\\";s:27:\\\"2024-09-09T15:27:31.000000Z\\\";s:8:\\\"color_id\\\";N;s:17:\\\"extra_description\\\";s:68:\\\"<p>China chiffon georgate&nbsp;<\\/p><p>Size 34 ×72<\\/p><p>Contect<\\/p>\\\";s:6:\\\"images\\\";a:7:{i:0;a:7:{s:2:\\\"id\\\";i:1;s:5:\\\"color\\\";a:5:{s:2:\\\"id\\\";i:1;s:5:\\\"color\\\";s:9:\\\"lightpink\\\";s:6:\\\"status\\\";i:1;s:10:\\\"created_at\\\";s:27:\\\"2024-09-09T15:23:24.000000Z\\\";s:10:\\\"updated_at\\\";s:27:\\\"2024-09-09T15:23:24.000000Z\\\";}s:5:\\\"image\\\";s:30:\\\"01J7BPBBYF69TF8DVA1GSYQC9N.jpg\\\";s:10:\\\"product_id\\\";i:1;s:10:\\\"created_at\\\";s:27:\\\"2024-09-09T15:27:31.000000Z\\\";s:10:\\\"updated_at\\\";s:27:\\\"2024-09-09T15:27:31.000000Z\\\";s:8:\\\"color_id\\\";N;}i:1;a:7:{s:2:\\\"id\\\";i:2;s:5:\\\"color\\\";a:5:{s:2:\\\"id\\\";i:2;s:5:\\\"color\\\";s:4:\\\"gray\\\";s:6:\\\"status\\\";i:1;s:10:\\\"created_at\\\";s:27:\\\"2024-09-09T15:23:29.000000Z\\\";s:10:\\\"updated_at\\\";s:27:\\\"2024-09-09T15:23:29.000000Z\\\";}s:5:\\\"image\\\";s:30:\\\"01J7BPBBYYSY31NV4AAEZ75Q8P.jpg\\\";s:10:\\\"product_id\\\";i:1;s:10:\\\"created_at\\\";s:27:\\\"2024-09-09T15:27:31.000000Z\\\";s:10:\\\"updated_at\\\";s:27:\\\"2024-09-09T15:27:31.000000Z\\\";s:8:\\\"color_id\\\";N;}i:2;a:7:{s:2:\\\"id\\\";i:3;s:5:\\\"color\\\";a:5:{s:2:\\\"id\\\";i:4;s:5:\\\"color\\\";s:6:\\\"purple\\\";s:6:\\\"status\\\";i:1;s:10:\\\"created_at\\\";s:27:\\\"2024-09-09T15:23:56.000000Z\\\";s:10:\\\"updated_at\\\";s:27:\\\"2024-09-09T15:23:56.000000Z\\\";}s:5:\\\"image\\\";s:30:\\\"01J7BPBBZ5NTHR9SR6FNVWDYQM.jpg\\\";s:10:\\\"product_id\\\";i:1;s:10:\\\"created_at\\\";s:27:\\\"2024-09-09T15:27:31.000000Z\\\";s:10:\\\"updated_at\\\";s:27:\\\"2024-09-09T15:27:31.000000Z\\\";s:8:\\\"color_id\\\";N;}i:3;a:7:{s:2:\\\"id\\\";i:4;s:5:\\\"color\\\";a:5:{s:2:\\\"id\\\";i:2;s:5:\\\"color\\\";s:4:\\\"gray\\\";s:6:\\\"status\\\";i:1;s:10:\\\"created_at\\\";s:27:\\\"2024-09-09T15:23:29.000000Z\\\";s:10:\\\"updated_at\\\";s:27:\\\"2024-09-09T15:23:29.000000Z\\\";}s:5:\\\"image\\\";s:30:\\\"01J7BPBBZCQRQZHM5XVVD0H22X.jpg\\\";s:10:\\\"product_id\\\";i:1;s:10:\\\"created_at\\\";s:27:\\\"2024-09-09T15:27:31.000000Z\\\";s:10:\\\"updated_at\\\";s:27:\\\"2024-09-09T15:27:31.000000Z\\\";s:8:\\\"color_id\\\";N;}i:4;a:7:{s:2:\\\"id\\\";i:5;s:5:\\\"color\\\";a:5:{s:2:\\\"id\\\";i:3;s:5:\\\"color\\\";s:4:\\\"blue\\\";s:6:\\\"status\\\";i:1;s:10:\\\"created_at\\\";s:27:\\\"2024-09-09T15:23:51.000000Z\\\";s:10:\\\"updated_at\\\";s:27:\\\"2024-09-09T15:23:51.000000Z\\\";}s:5:\\\"image\\\";s:30:\\\"01J7BPBC0B2SXC2KSGQEFES0HY.jpg\\\";s:10:\\\"product_id\\\";i:1;s:10:\\\"created_at\\\";s:27:\\\"2024-09-09T15:27:31.000000Z\\\";s:10:\\\"updated_at\\\";s:27:\\\"2024-09-09T15:27:31.000000Z\\\";s:8:\\\"color_id\\\";N;}i:5;a:7:{s:2:\\\"id\\\";i:6;s:5:\\\"color\\\";a:5:{s:2:\\\"id\\\";i:1;s:5:\\\"color\\\";s:9:\\\"lightpink\\\";s:6:\\\"status\\\";i:1;s:10:\\\"created_at\\\";s:27:\\\"2024-09-09T15:23:24.000000Z\\\";s:10:\\\"updated_at\\\";s:27:\\\"2024-09-09T15:23:24.000000Z\\\";}s:5:\\\"image\\\";s:30:\\\"01J7BPBC0Q7656G5Q49ZDASFPD.jpg\\\";s:10:\\\"product_id\\\";i:1;s:10:\\\"created_at\\\";s:27:\\\"2024-09-09T15:27:31.000000Z\\\";s:10:\\\"updated_at\\\";s:27:\\\"2024-09-09T15:27:31.000000Z\\\";s:8:\\\"color_id\\\";N;}i:6;a:7:{s:2:\\\"id\\\";i:7;s:5:\\\"color\\\";a:5:{s:2:\\\"id\\\";i:4;s:5:\\\"color\\\";s:6:\\\"purple\\\";s:6:\\\"status\\\";i:1;s:10:\\\"created_at\\\";s:27:\\\"2024-09-09T15:23:56.000000Z\\\";s:10:\\\"updated_at\\\";s:27:\\\"2024-09-09T15:23:56.000000Z\\\";}s:5:\\\"image\\\";s:30:\\\"01J7BPBC0XMDM5RCY3QYWRY2D9.jpg\\\";s:10:\\\"product_id\\\";i:1;s:10:\\\"created_at\\\";s:27:\\\"2024-09-09T15:27:31.000000Z\\\";s:10:\\\"updated_at\\\";s:27:\\\"2024-09-09T15:27:31.000000Z\\\";s:8:\\\"color_id\\\";N;}}}i:1;a:12:{s:2:\\\"id\\\";i:2;s:5:\\\"title\\\";s:16:\\\"Fancy Hijab Caps\\\";s:5:\\\"price\\\";i:1000;s:9:\\\"new_price\\\";N;s:11:\\\"description\\\";s:123:\\\"Fancy Hijab Caps\\n100 Design Available\\nFabric Soft Cotton Jersey \\nSize Standard \\n5 Caps Just 1,000 PKR. (shipping excluding)\\\";s:8:\\\"quantity\\\";i:2;s:6:\\\"status\\\";i:1;s:10:\\\"created_at\\\";s:27:\\\"2024-09-09T15:39:01.000000Z\\\";s:10:\\\"updated_at\\\";s:27:\\\"2024-09-12T18:59:37.000000Z\\\";s:8:\\\"color_id\\\";N;s:17:\\\"extra_description\\\";s:164:\\\"<p>Fancy Hijab Caps<\\/p><p>100 Design Available<\\/p><p>Fabric Soft Cotton Jersey&nbsp;<\\/p><p>Size Standard&nbsp;<\\/p><p>5 Caps Just 1,000 PKR. (shipping excluding)<\\/p>\\\";s:6:\\\"images\\\";a:9:{i:0;a:7:{s:2:\\\"id\\\";i:8;s:5:\\\"color\\\";N;s:5:\\\"image\\\";s:30:\\\"01J7BQ0E6VAJ60PF6MNN2KJHW8.jpg\\\";s:10:\\\"product_id\\\";i:2;s:10:\\\"created_at\\\";s:27:\\\"2024-09-09T15:39:01.000000Z\\\";s:10:\\\"updated_at\\\";s:27:\\\"2024-09-09T15:39:01.000000Z\\\";s:8:\\\"color_id\\\";N;}i:1;a:7:{s:2:\\\"id\\\";i:9;s:5:\\\"color\\\";a:5:{s:2:\\\"id\\\";i:7;s:5:\\\"color\\\";s:5:\\\"beige\\\";s:6:\\\"status\\\";i:1;s:10:\\\"created_at\\\";s:27:\\\"2024-09-09T15:34:13.000000Z\\\";s:10:\\\"updated_at\\\";s:27:\\\"2024-09-09T15:34:13.000000Z\\\";}s:5:\\\"image\\\";s:30:\\\"01J7BQ0E7YPA9DWP1M2N51GHS7.jpg\\\";s:10:\\\"product_id\\\";i:2;s:10:\\\"created_at\\\";s:27:\\\"2024-09-09T15:39:01.000000Z\\\";s:10:\\\"updated_at\\\";s:27:\\\"2024-09-09T15:39:01.000000Z\\\";s:8:\\\"color_id\\\";N;}i:2;a:7:{s:2:\\\"id\\\";i:10;s:5:\\\"color\\\";a:5:{s:2:\\\"id\\\";i:6;s:5:\\\"color\\\";s:10:\\\"black&gold\\\";s:6:\\\"status\\\";i:1;s:10:\\\"created_at\\\";s:27:\\\"2024-09-09T15:32:14.000000Z\\\";s:10:\\\"updated_at\\\";s:27:\\\"2024-09-09T15:32:14.000000Z\\\";}s:5:\\\"image\\\";s:30:\\\"01J7BQ0E8FE6Q1FTDGPKFR7178.jpg\\\";s:10:\\\"product_id\\\";i:2;s:10:\\\"created_at\\\";s:27:\\\"2024-09-09T15:39:01.000000Z\\\";s:10:\\\"updated_at\\\";s:27:\\\"2024-09-09T15:39:01.000000Z\\\";s:8:\\\"color_id\\\";N;}i:3;a:7:{s:2:\\\"id\\\";i:11;s:5:\\\"color\\\";a:5:{s:2:\\\"id\\\";i:7;s:5:\\\"color\\\";s:5:\\\"beige\\\";s:6:\\\"status\\\";i:1;s:10:\\\"created_at\\\";s:27:\\\"2024-09-09T15:34:13.000000Z\\\";s:10:\\\"updated_at\\\";s:27:\\\"2024-09-09T15:34:13.000000Z\\\";}s:5:\\\"image\\\";s:30:\\\"01J7BQ0E8X91P312PSQ8GS83BJ.jpg\\\";s:10:\\\"product_id\\\";i:2;s:10:\\\"created_at\\\";s:27:\\\"2024-09-09T15:39:01.000000Z\\\";s:10:\\\"updated_at\\\";s:27:\\\"2024-09-09T15:39:01.000000Z\\\";s:8:\\\"color_id\\\";N;}i:4;a:7:{s:2:\\\"id\\\";i:12;s:5:\\\"color\\\";a:5:{s:2:\\\"id\\\";i:3;s:5:\\\"color\\\";s:4:\\\"blue\\\";s:6:\\\"status\\\";i:1;s:10:\\\"created_at\\\";s:27:\\\"2024-09-09T15:23:51.000000Z\\\";s:10:\\\"updated_at\\\";s:27:\\\"2024-09-09T15:23:51.000000Z\\\";}s:5:\\\"image\\\";s:30:\\\"01J7BQ0E94DHHMK4MX68H02WMK.jpg\\\";s:10:\\\"product_id\\\";i:2;s:10:\\\"created_at\\\";s:27:\\\"2024-09-09T15:39:01.000000Z\\\";s:10:\\\"updated_at\\\";s:27:\\\"2024-09-09T15:39:01.000000Z\\\";s:8:\\\"color_id\\\";N;}i:5;a:7:{s:2:\\\"id\\\";i:13;s:5:\\\"color\\\";a:5:{s:2:\\\"id\\\";i:5;s:5:\\\"color\\\";s:5:\\\"white\\\";s:6:\\\"status\\\";i:1;s:10:\\\"created_at\\\";s:27:\\\"2024-09-09T15:31:24.000000Z\\\";s:10:\\\"updated_at\\\";s:27:\\\"2024-09-09T15:31:24.000000Z\\\";}s:5:\\\"image\\\";s:30:\\\"01J7BQ0E9E3CCMV0H07ADVJ0KJ.jpg\\\";s:10:\\\"product_id\\\";i:2;s:10:\\\"created_at\\\";s:27:\\\"2024-09-09T15:39:01.000000Z\\\";s:10:\\\"updated_at\\\";s:27:\\\"2024-09-09T15:39:01.000000Z\\\";s:8:\\\"color_id\\\";N;}i:6;a:7:{s:2:\\\"id\\\";i:14;s:5:\\\"color\\\";a:5:{s:2:\\\"id\\\";i:6;s:5:\\\"color\\\";s:10:\\\"black&gold\\\";s:6:\\\"status\\\";i:1;s:10:\\\"created_at\\\";s:27:\\\"2024-09-09T15:32:14.000000Z\\\";s:10:\\\"updated_at\\\";s:27:\\\"2024-09-09T15:32:14.000000Z\\\";}s:5:\\\"image\\\";s:30:\\\"01J7BQ0E9N5R1EVBCAE2ASJNYK.jpg\\\";s:10:\\\"product_id\\\";i:2;s:10:\\\"created_at\\\";s:27:\\\"2024-09-09T15:39:01.000000Z\\\";s:10:\\\"updated_at\\\";s:27:\\\"2024-09-09T15:39:01.000000Z\\\";s:8:\\\"color_id\\\";N;}i:7;a:7:{s:2:\\\"id\\\";i:15;s:5:\\\"color\\\";a:5:{s:2:\\\"id\\\";i:6;s:5:\\\"color\\\";s:10:\\\"black&gold\\\";s:6:\\\"status\\\";i:1;s:10:\\\"created_at\\\";s:27:\\\"2024-09-09T15:32:14.000000Z\\\";s:10:\\\"updated_at\\\";s:27:\\\"2024-09-09T15:32:14.000000Z\\\";}s:5:\\\"image\\\";s:30:\\\"01J7BQ0EA26TPFG5RPYDVMQPAY.jpg\\\";s:10:\\\"product_id\\\";i:2;s:10:\\\"created_at\\\";s:27:\\\"2024-09-09T15:39:01.000000Z\\\";s:10:\\\"updated_at\\\";s:27:\\\"2024-09-09T15:39:01.000000Z\\\";s:8:\\\"color_id\\\";N;}i:8;a:7:{s:2:\\\"id\\\";i:16;s:5:\\\"color\\\";a:5:{s:2:\\\"id\\\";i:6;s:5:\\\"color\\\";s:10:\\\"black&gold\\\";s:6:\\\"status\\\";i:1;s:10:\\\"created_at\\\";s:27:\\\"2024-09-09T15:32:14.000000Z\\\";s:10:\\\"updated_at\\\";s:27:\\\"2024-09-09T15:32:14.000000Z\\\";}s:5:\\\"image\\\";s:30:\\\"01J7BQ0EA8717DAJM7XHK7QH79.jpg\\\";s:10:\\\"product_id\\\";i:2;s:10:\\\"created_at\\\";s:27:\\\"2024-09-09T15:39:01.000000Z\\\";s:10:\\\"updated_at\\\";s:27:\\\"2024-09-09T15:39:01.000000Z\\\";s:8:\\\"color_id\\\";N;}}}i:2;a:12:{s:2:\\\"id\\\";i:103;s:5:\\\"title\\\";s:3:\\\"TSA\\\";s:5:\\\"price\\\";i:75;s:9:\\\"new_price\\\";i:173;s:11:\\\"description\\\";s:227:\\\"Debitis numquam quod excepturi omnis aliquam aperiam. Ducimus eos id modi recusandae officia. Mollitia et voluptates non autem aliquid ex quisquam. Quis unde non voluptatem commodi delectus voluptatem. Et earum vel et autem id.\\\";s:8:\\\"quantity\\\";i:3;s:6:\\\"status\\\";i:0;s:10:\\\"created_at\\\";s:27:\\\"2024-09-12T21:56:38.000000Z\\\";s:10:\\\"updated_at\\\";s:27:\\\"2024-09-16T17:34:37.000000Z\\\";s:8:\\\"color_id\\\";N;s:17:\\\"extra_description\\\";s:90:\\\"<p>It is amazing scarf.... You must buy it<\\/p><ul><li>Database<\\/li><li>Migration<\\/li><\\/ul>\\\";s:6:\\\"images\\\";a:1:{i:0;a:7:{s:2:\\\"id\\\";i:17;s:5:\\\"color\\\";a:5:{s:2:\\\"id\\\";i:1;s:5:\\\"color\\\";s:9:\\\"lightpink\\\";s:6:\\\"status\\\";i:1;s:10:\\\"created_at\\\";s:27:\\\"2024-09-09T15:23:24.000000Z\\\";s:10:\\\"updated_at\\\";s:27:\\\"2024-09-09T15:23:24.000000Z\\\";}s:5:\\\"image\\\";s:30:\\\"01J7XYD3X1BGF5MV98QH320CHX.jpg\\\";s:10:\\\"product_id\\\";i:103;s:10:\\\"created_at\\\";s:27:\\\"2024-09-16T17:34:37.000000Z\\\";s:10:\\\"updated_at\\\";s:27:\\\"2024-09-16T17:34:37.000000Z\\\";s:8:\\\"color_id\\\";N;}}}i:3;a:12:{s:2:\\\"id\\\";i:104;s:5:\\\"title\\\";s:21:\\\"Statistical Assistant\\\";s:5:\\\"price\\\";i:125;s:9:\\\"new_price\\\";i:141;s:11:\\\"description\\\";s:192:\\\"Doloremque repellat et et sed amet. Non repellendus sint eius earum consequuntur. Enim vero voluptatibus ea quisquam architecto non. Veniam mollitia nihil eligendi voluptatum omnis id ut quos.\\\";s:8:\\\"quantity\\\";i:1;s:6:\\\"status\\\";i:1;s:10:\\\"created_at\\\";s:27:\\\"2024-09-12T21:56:38.000000Z\\\";s:10:\\\"updated_at\\\";s:27:\\\"2024-09-12T21:56:38.000000Z\\\";s:8:\\\"color_id\\\";N;s:17:\\\"extra_description\\\";s:90:\\\"<p>It is amazing scarf.... You must buy it<\\/p><ul><li>Database<\\/li><li>Migration<\\/li><\\/ul>\\\";s:6:\\\"images\\\";a:0:{}}i:4;a:12:{s:2:\\\"id\\\";i:107;s:5:\\\"title\\\";s:29:\\\"Industrial Machinery Mechanic\\\";s:5:\\\"price\\\";i:23;s:9:\\\"new_price\\\";i:193;s:11:\\\"description\\\";s:170:\\\"Qui est aut ut impedit dignissimos fugiat. Enim sed alias fugit eaque fugit sed. Animi voluptatem pariatur aut quae suscipit. Inventore laudantium et autem assumenda aut.\\\";s:8:\\\"quantity\\\";i:1;s:6:\\\"status\\\";i:1;s:10:\\\"created_at\\\";s:27:\\\"2024-09-12T21:56:38.000000Z\\\";s:10:\\\"updated_at\\\";s:27:\\\"2024-09-12T21:56:38.000000Z\\\";s:8:\\\"color_id\\\";N;s:17:\\\"extra_description\\\";s:90:\\\"<p>It is amazing scarf.... You must buy it<\\/p><ul><li>Database<\\/li><li>Migration<\\/li><\\/ul>\\\";s:6:\\\"images\\\";a:0:{}}}s:2:\\\"to\\\";a:1:{i:0;a:2:{s:4:\\\"name\\\";N;s:7:\\\"address\\\";s:22:\\\"habbas2121@outlook.com\\\";}}s:6:\\\"mailer\\\";s:4:\\\"smtp\\\";}s:5:\\\"tries\\\";N;s:7:\\\"timeout\\\";N;s:13:\\\"maxExceptions\\\";N;s:17:\\\"shouldBeEncrypted\\\";b:0;s:10:\\\"connection\\\";N;s:5:\\\"queue\\\";N;s:5:\\\"delay\\\";N;s:11:\\\"afterCommit\\\";N;s:10:\\\"middleware\\\";a:0:{}s:7:\\\"chained\\\";a:0:{}s:15:\\\"chainConnection\\\";N;s:10:\\\"chainQueue\\\";N;s:19:\\\"chainCatchCallbacks\\\";N;s:3:\\\"job\\\";N;}\"}}', 0, NULL, 1726761818, 1726761818);
INSERT INTO `jobs` (`id`, `queue`, `payload`, `attempts`, `reserved_at`, `available_at`, `created_at`) VALUES
(8, 'default', '{\"uuid\":\"87c2103b-b051-46a6-af3a-6f3e07a805f7\",\"displayName\":\"App\\\\Mail\\\\PlacedOrder\",\"job\":\"Illuminate\\\\Queue\\\\CallQueuedHandler@call\",\"maxTries\":null,\"maxExceptions\":null,\"failOnTimeout\":false,\"backoff\":null,\"timeout\":null,\"retryUntil\":null,\"data\":{\"commandName\":\"Illuminate\\\\Mail\\\\SendQueuedMailable\",\"command\":\"O:34:\\\"Illuminate\\\\Mail\\\\SendQueuedMailable\\\":15:{s:8:\\\"mailable\\\";O:20:\\\"App\\\\Mail\\\\PlacedOrder\\\":3:{s:9:\\\"\\u0000*\\u0000orders\\\";a:2:{i:0;a:12:{s:2:\\\"id\\\";i:1;s:5:\\\"title\\\";s:23:\\\"China chiffon georgate \\\";s:5:\\\"price\\\";i:550;s:9:\\\"new_price\\\";N;s:11:\\\"description\\\";s:61:\\\"China chiffon georgate \\nSize 34 ×72\\nContect 👉 03002862366\\\";s:8:\\\"quantity\\\";i:1;s:6:\\\"status\\\";i:0;s:10:\\\"created_at\\\";s:27:\\\"2024-09-09T15:27:31.000000Z\\\";s:10:\\\"updated_at\\\";s:27:\\\"2024-09-09T15:27:31.000000Z\\\";s:8:\\\"color_id\\\";N;s:17:\\\"extra_description\\\";s:68:\\\"<p>China chiffon georgate&nbsp;<\\/p><p>Size 34 ×72<\\/p><p>Contect<\\/p>\\\";s:6:\\\"images\\\";a:7:{i:0;a:7:{s:2:\\\"id\\\";i:1;s:5:\\\"color\\\";a:5:{s:2:\\\"id\\\";i:1;s:5:\\\"color\\\";s:9:\\\"lightpink\\\";s:6:\\\"status\\\";i:1;s:10:\\\"created_at\\\";s:27:\\\"2024-09-09T15:23:24.000000Z\\\";s:10:\\\"updated_at\\\";s:27:\\\"2024-09-09T15:23:24.000000Z\\\";}s:5:\\\"image\\\";s:30:\\\"01J7BPBBYF69TF8DVA1GSYQC9N.jpg\\\";s:10:\\\"product_id\\\";i:1;s:10:\\\"created_at\\\";s:27:\\\"2024-09-09T15:27:31.000000Z\\\";s:10:\\\"updated_at\\\";s:27:\\\"2024-09-09T15:27:31.000000Z\\\";s:8:\\\"color_id\\\";N;}i:1;a:7:{s:2:\\\"id\\\";i:2;s:5:\\\"color\\\";a:5:{s:2:\\\"id\\\";i:2;s:5:\\\"color\\\";s:4:\\\"gray\\\";s:6:\\\"status\\\";i:1;s:10:\\\"created_at\\\";s:27:\\\"2024-09-09T15:23:29.000000Z\\\";s:10:\\\"updated_at\\\";s:27:\\\"2024-09-09T15:23:29.000000Z\\\";}s:5:\\\"image\\\";s:30:\\\"01J7BPBBYYSY31NV4AAEZ75Q8P.jpg\\\";s:10:\\\"product_id\\\";i:1;s:10:\\\"created_at\\\";s:27:\\\"2024-09-09T15:27:31.000000Z\\\";s:10:\\\"updated_at\\\";s:27:\\\"2024-09-09T15:27:31.000000Z\\\";s:8:\\\"color_id\\\";N;}i:2;a:7:{s:2:\\\"id\\\";i:3;s:5:\\\"color\\\";a:5:{s:2:\\\"id\\\";i:4;s:5:\\\"color\\\";s:6:\\\"purple\\\";s:6:\\\"status\\\";i:1;s:10:\\\"created_at\\\";s:27:\\\"2024-09-09T15:23:56.000000Z\\\";s:10:\\\"updated_at\\\";s:27:\\\"2024-09-09T15:23:56.000000Z\\\";}s:5:\\\"image\\\";s:30:\\\"01J7BPBBZ5NTHR9SR6FNVWDYQM.jpg\\\";s:10:\\\"product_id\\\";i:1;s:10:\\\"created_at\\\";s:27:\\\"2024-09-09T15:27:31.000000Z\\\";s:10:\\\"updated_at\\\";s:27:\\\"2024-09-09T15:27:31.000000Z\\\";s:8:\\\"color_id\\\";N;}i:3;a:7:{s:2:\\\"id\\\";i:4;s:5:\\\"color\\\";a:5:{s:2:\\\"id\\\";i:2;s:5:\\\"color\\\";s:4:\\\"gray\\\";s:6:\\\"status\\\";i:1;s:10:\\\"created_at\\\";s:27:\\\"2024-09-09T15:23:29.000000Z\\\";s:10:\\\"updated_at\\\";s:27:\\\"2024-09-09T15:23:29.000000Z\\\";}s:5:\\\"image\\\";s:30:\\\"01J7BPBBZCQRQZHM5XVVD0H22X.jpg\\\";s:10:\\\"product_id\\\";i:1;s:10:\\\"created_at\\\";s:27:\\\"2024-09-09T15:27:31.000000Z\\\";s:10:\\\"updated_at\\\";s:27:\\\"2024-09-09T15:27:31.000000Z\\\";s:8:\\\"color_id\\\";N;}i:4;a:7:{s:2:\\\"id\\\";i:5;s:5:\\\"color\\\";a:5:{s:2:\\\"id\\\";i:3;s:5:\\\"color\\\";s:4:\\\"blue\\\";s:6:\\\"status\\\";i:1;s:10:\\\"created_at\\\";s:27:\\\"2024-09-09T15:23:51.000000Z\\\";s:10:\\\"updated_at\\\";s:27:\\\"2024-09-09T15:23:51.000000Z\\\";}s:5:\\\"image\\\";s:30:\\\"01J7BPBC0B2SXC2KSGQEFES0HY.jpg\\\";s:10:\\\"product_id\\\";i:1;s:10:\\\"created_at\\\";s:27:\\\"2024-09-09T15:27:31.000000Z\\\";s:10:\\\"updated_at\\\";s:27:\\\"2024-09-09T15:27:31.000000Z\\\";s:8:\\\"color_id\\\";N;}i:5;a:7:{s:2:\\\"id\\\";i:6;s:5:\\\"color\\\";a:5:{s:2:\\\"id\\\";i:1;s:5:\\\"color\\\";s:9:\\\"lightpink\\\";s:6:\\\"status\\\";i:1;s:10:\\\"created_at\\\";s:27:\\\"2024-09-09T15:23:24.000000Z\\\";s:10:\\\"updated_at\\\";s:27:\\\"2024-09-09T15:23:24.000000Z\\\";}s:5:\\\"image\\\";s:30:\\\"01J7BPBC0Q7656G5Q49ZDASFPD.jpg\\\";s:10:\\\"product_id\\\";i:1;s:10:\\\"created_at\\\";s:27:\\\"2024-09-09T15:27:31.000000Z\\\";s:10:\\\"updated_at\\\";s:27:\\\"2024-09-09T15:27:31.000000Z\\\";s:8:\\\"color_id\\\";N;}i:6;a:7:{s:2:\\\"id\\\";i:7;s:5:\\\"color\\\";a:5:{s:2:\\\"id\\\";i:4;s:5:\\\"color\\\";s:6:\\\"purple\\\";s:6:\\\"status\\\";i:1;s:10:\\\"created_at\\\";s:27:\\\"2024-09-09T15:23:56.000000Z\\\";s:10:\\\"updated_at\\\";s:27:\\\"2024-09-09T15:23:56.000000Z\\\";}s:5:\\\"image\\\";s:30:\\\"01J7BPBC0XMDM5RCY3QYWRY2D9.jpg\\\";s:10:\\\"product_id\\\";i:1;s:10:\\\"created_at\\\";s:27:\\\"2024-09-09T15:27:31.000000Z\\\";s:10:\\\"updated_at\\\";s:27:\\\"2024-09-09T15:27:31.000000Z\\\";s:8:\\\"color_id\\\";N;}}}i:1;a:12:{s:2:\\\"id\\\";i:2;s:5:\\\"title\\\";s:16:\\\"Fancy Hijab Caps\\\";s:5:\\\"price\\\";i:1000;s:9:\\\"new_price\\\";N;s:11:\\\"description\\\";s:123:\\\"Fancy Hijab Caps\\n100 Design Available\\nFabric Soft Cotton Jersey \\nSize Standard \\n5 Caps Just 1,000 PKR. (shipping excluding)\\\";s:8:\\\"quantity\\\";i:1;s:6:\\\"status\\\";i:1;s:10:\\\"created_at\\\";s:27:\\\"2024-09-09T15:39:01.000000Z\\\";s:10:\\\"updated_at\\\";s:27:\\\"2024-09-12T18:59:37.000000Z\\\";s:8:\\\"color_id\\\";N;s:17:\\\"extra_description\\\";s:164:\\\"<p>Fancy Hijab Caps<\\/p><p>100 Design Available<\\/p><p>Fabric Soft Cotton Jersey&nbsp;<\\/p><p>Size Standard&nbsp;<\\/p><p>5 Caps Just 1,000 PKR. (shipping excluding)<\\/p>\\\";s:6:\\\"images\\\";a:9:{i:0;a:7:{s:2:\\\"id\\\";i:8;s:5:\\\"color\\\";N;s:5:\\\"image\\\";s:30:\\\"01J7BQ0E6VAJ60PF6MNN2KJHW8.jpg\\\";s:10:\\\"product_id\\\";i:2;s:10:\\\"created_at\\\";s:27:\\\"2024-09-09T15:39:01.000000Z\\\";s:10:\\\"updated_at\\\";s:27:\\\"2024-09-09T15:39:01.000000Z\\\";s:8:\\\"color_id\\\";N;}i:1;a:7:{s:2:\\\"id\\\";i:9;s:5:\\\"color\\\";a:5:{s:2:\\\"id\\\";i:7;s:5:\\\"color\\\";s:5:\\\"beige\\\";s:6:\\\"status\\\";i:1;s:10:\\\"created_at\\\";s:27:\\\"2024-09-09T15:34:13.000000Z\\\";s:10:\\\"updated_at\\\";s:27:\\\"2024-09-09T15:34:13.000000Z\\\";}s:5:\\\"image\\\";s:30:\\\"01J7BQ0E7YPA9DWP1M2N51GHS7.jpg\\\";s:10:\\\"product_id\\\";i:2;s:10:\\\"created_at\\\";s:27:\\\"2024-09-09T15:39:01.000000Z\\\";s:10:\\\"updated_at\\\";s:27:\\\"2024-09-09T15:39:01.000000Z\\\";s:8:\\\"color_id\\\";N;}i:2;a:7:{s:2:\\\"id\\\";i:10;s:5:\\\"color\\\";a:5:{s:2:\\\"id\\\";i:6;s:5:\\\"color\\\";s:10:\\\"black&gold\\\";s:6:\\\"status\\\";i:1;s:10:\\\"created_at\\\";s:27:\\\"2024-09-09T15:32:14.000000Z\\\";s:10:\\\"updated_at\\\";s:27:\\\"2024-09-09T15:32:14.000000Z\\\";}s:5:\\\"image\\\";s:30:\\\"01J7BQ0E8FE6Q1FTDGPKFR7178.jpg\\\";s:10:\\\"product_id\\\";i:2;s:10:\\\"created_at\\\";s:27:\\\"2024-09-09T15:39:01.000000Z\\\";s:10:\\\"updated_at\\\";s:27:\\\"2024-09-09T15:39:01.000000Z\\\";s:8:\\\"color_id\\\";N;}i:3;a:7:{s:2:\\\"id\\\";i:11;s:5:\\\"color\\\";a:5:{s:2:\\\"id\\\";i:7;s:5:\\\"color\\\";s:5:\\\"beige\\\";s:6:\\\"status\\\";i:1;s:10:\\\"created_at\\\";s:27:\\\"2024-09-09T15:34:13.000000Z\\\";s:10:\\\"updated_at\\\";s:27:\\\"2024-09-09T15:34:13.000000Z\\\";}s:5:\\\"image\\\";s:30:\\\"01J7BQ0E8X91P312PSQ8GS83BJ.jpg\\\";s:10:\\\"product_id\\\";i:2;s:10:\\\"created_at\\\";s:27:\\\"2024-09-09T15:39:01.000000Z\\\";s:10:\\\"updated_at\\\";s:27:\\\"2024-09-09T15:39:01.000000Z\\\";s:8:\\\"color_id\\\";N;}i:4;a:7:{s:2:\\\"id\\\";i:12;s:5:\\\"color\\\";a:5:{s:2:\\\"id\\\";i:3;s:5:\\\"color\\\";s:4:\\\"blue\\\";s:6:\\\"status\\\";i:1;s:10:\\\"created_at\\\";s:27:\\\"2024-09-09T15:23:51.000000Z\\\";s:10:\\\"updated_at\\\";s:27:\\\"2024-09-09T15:23:51.000000Z\\\";}s:5:\\\"image\\\";s:30:\\\"01J7BQ0E94DHHMK4MX68H02WMK.jpg\\\";s:10:\\\"product_id\\\";i:2;s:10:\\\"created_at\\\";s:27:\\\"2024-09-09T15:39:01.000000Z\\\";s:10:\\\"updated_at\\\";s:27:\\\"2024-09-09T15:39:01.000000Z\\\";s:8:\\\"color_id\\\";N;}i:5;a:7:{s:2:\\\"id\\\";i:13;s:5:\\\"color\\\";a:5:{s:2:\\\"id\\\";i:5;s:5:\\\"color\\\";s:5:\\\"white\\\";s:6:\\\"status\\\";i:1;s:10:\\\"created_at\\\";s:27:\\\"2024-09-09T15:31:24.000000Z\\\";s:10:\\\"updated_at\\\";s:27:\\\"2024-09-09T15:31:24.000000Z\\\";}s:5:\\\"image\\\";s:30:\\\"01J7BQ0E9E3CCMV0H07ADVJ0KJ.jpg\\\";s:10:\\\"product_id\\\";i:2;s:10:\\\"created_at\\\";s:27:\\\"2024-09-09T15:39:01.000000Z\\\";s:10:\\\"updated_at\\\";s:27:\\\"2024-09-09T15:39:01.000000Z\\\";s:8:\\\"color_id\\\";N;}i:6;a:7:{s:2:\\\"id\\\";i:14;s:5:\\\"color\\\";a:5:{s:2:\\\"id\\\";i:6;s:5:\\\"color\\\";s:10:\\\"black&gold\\\";s:6:\\\"status\\\";i:1;s:10:\\\"created_at\\\";s:27:\\\"2024-09-09T15:32:14.000000Z\\\";s:10:\\\"updated_at\\\";s:27:\\\"2024-09-09T15:32:14.000000Z\\\";}s:5:\\\"image\\\";s:30:\\\"01J7BQ0E9N5R1EVBCAE2ASJNYK.jpg\\\";s:10:\\\"product_id\\\";i:2;s:10:\\\"created_at\\\";s:27:\\\"2024-09-09T15:39:01.000000Z\\\";s:10:\\\"updated_at\\\";s:27:\\\"2024-09-09T15:39:01.000000Z\\\";s:8:\\\"color_id\\\";N;}i:7;a:7:{s:2:\\\"id\\\";i:15;s:5:\\\"color\\\";a:5:{s:2:\\\"id\\\";i:6;s:5:\\\"color\\\";s:10:\\\"black&gold\\\";s:6:\\\"status\\\";i:1;s:10:\\\"created_at\\\";s:27:\\\"2024-09-09T15:32:14.000000Z\\\";s:10:\\\"updated_at\\\";s:27:\\\"2024-09-09T15:32:14.000000Z\\\";}s:5:\\\"image\\\";s:30:\\\"01J7BQ0EA26TPFG5RPYDVMQPAY.jpg\\\";s:10:\\\"product_id\\\";i:2;s:10:\\\"created_at\\\";s:27:\\\"2024-09-09T15:39:01.000000Z\\\";s:10:\\\"updated_at\\\";s:27:\\\"2024-09-09T15:39:01.000000Z\\\";s:8:\\\"color_id\\\";N;}i:8;a:7:{s:2:\\\"id\\\";i:16;s:5:\\\"color\\\";a:5:{s:2:\\\"id\\\";i:6;s:5:\\\"color\\\";s:10:\\\"black&gold\\\";s:6:\\\"status\\\";i:1;s:10:\\\"created_at\\\";s:27:\\\"2024-09-09T15:32:14.000000Z\\\";s:10:\\\"updated_at\\\";s:27:\\\"2024-09-09T15:32:14.000000Z\\\";}s:5:\\\"image\\\";s:30:\\\"01J7BQ0EA8717DAJM7XHK7QH79.jpg\\\";s:10:\\\"product_id\\\";i:2;s:10:\\\"created_at\\\";s:27:\\\"2024-09-09T15:39:01.000000Z\\\";s:10:\\\"updated_at\\\";s:27:\\\"2024-09-09T15:39:01.000000Z\\\";s:8:\\\"color_id\\\";N;}}}}s:2:\\\"to\\\";a:1:{i:0;a:2:{s:4:\\\"name\\\";N;s:7:\\\"address\\\";s:22:\\\"habbas2121@outlook.com\\\";}}s:6:\\\"mailer\\\";s:4:\\\"smtp\\\";}s:5:\\\"tries\\\";N;s:7:\\\"timeout\\\";N;s:13:\\\"maxExceptions\\\";N;s:17:\\\"shouldBeEncrypted\\\";b:0;s:10:\\\"connection\\\";N;s:5:\\\"queue\\\";N;s:5:\\\"delay\\\";N;s:11:\\\"afterCommit\\\";N;s:10:\\\"middleware\\\";a:0:{}s:7:\\\"chained\\\";a:0:{}s:15:\\\"chainConnection\\\";N;s:10:\\\"chainQueue\\\";N;s:19:\\\"chainCatchCallbacks\\\";N;s:3:\\\"job\\\";N;}\"}}', 0, NULL, 1726823919, 1726823919),
(9, 'default', '{\"uuid\":\"715038dd-c215-4f6e-b0c4-171eae06625d\",\"displayName\":\"App\\\\Mail\\\\PlacedOrder\",\"job\":\"Illuminate\\\\Queue\\\\CallQueuedHandler@call\",\"maxTries\":null,\"maxExceptions\":null,\"failOnTimeout\":false,\"backoff\":null,\"timeout\":null,\"retryUntil\":null,\"data\":{\"commandName\":\"Illuminate\\\\Mail\\\\SendQueuedMailable\",\"command\":\"O:34:\\\"Illuminate\\\\Mail\\\\SendQueuedMailable\\\":15:{s:8:\\\"mailable\\\";O:20:\\\"App\\\\Mail\\\\PlacedOrder\\\":3:{s:9:\\\"\\u0000*\\u0000orders\\\";a:2:{i:0;a:12:{s:2:\\\"id\\\";i:1;s:5:\\\"title\\\";s:23:\\\"China chiffon georgate \\\";s:5:\\\"price\\\";i:550;s:9:\\\"new_price\\\";N;s:11:\\\"description\\\";s:61:\\\"China chiffon georgate \\nSize 34 ×72\\nContect 👉 03002862366\\\";s:8:\\\"quantity\\\";i:1;s:6:\\\"status\\\";i:0;s:10:\\\"created_at\\\";s:27:\\\"2024-09-09T15:27:31.000000Z\\\";s:10:\\\"updated_at\\\";s:27:\\\"2024-09-09T15:27:31.000000Z\\\";s:8:\\\"color_id\\\";N;s:17:\\\"extra_description\\\";s:68:\\\"<p>China chiffon georgate&nbsp;<\\/p><p>Size 34 ×72<\\/p><p>Contect<\\/p>\\\";s:6:\\\"images\\\";a:7:{i:0;a:7:{s:2:\\\"id\\\";i:1;s:5:\\\"color\\\";a:5:{s:2:\\\"id\\\";i:1;s:5:\\\"color\\\";s:9:\\\"lightpink\\\";s:6:\\\"status\\\";i:1;s:10:\\\"created_at\\\";s:27:\\\"2024-09-09T15:23:24.000000Z\\\";s:10:\\\"updated_at\\\";s:27:\\\"2024-09-09T15:23:24.000000Z\\\";}s:5:\\\"image\\\";s:30:\\\"01J7BPBBYF69TF8DVA1GSYQC9N.jpg\\\";s:10:\\\"product_id\\\";i:1;s:10:\\\"created_at\\\";s:27:\\\"2024-09-09T15:27:31.000000Z\\\";s:10:\\\"updated_at\\\";s:27:\\\"2024-09-09T15:27:31.000000Z\\\";s:8:\\\"color_id\\\";N;}i:1;a:7:{s:2:\\\"id\\\";i:2;s:5:\\\"color\\\";a:5:{s:2:\\\"id\\\";i:2;s:5:\\\"color\\\";s:4:\\\"gray\\\";s:6:\\\"status\\\";i:1;s:10:\\\"created_at\\\";s:27:\\\"2024-09-09T15:23:29.000000Z\\\";s:10:\\\"updated_at\\\";s:27:\\\"2024-09-09T15:23:29.000000Z\\\";}s:5:\\\"image\\\";s:30:\\\"01J7BPBBYYSY31NV4AAEZ75Q8P.jpg\\\";s:10:\\\"product_id\\\";i:1;s:10:\\\"created_at\\\";s:27:\\\"2024-09-09T15:27:31.000000Z\\\";s:10:\\\"updated_at\\\";s:27:\\\"2024-09-09T15:27:31.000000Z\\\";s:8:\\\"color_id\\\";N;}i:2;a:7:{s:2:\\\"id\\\";i:3;s:5:\\\"color\\\";a:5:{s:2:\\\"id\\\";i:4;s:5:\\\"color\\\";s:6:\\\"purple\\\";s:6:\\\"status\\\";i:1;s:10:\\\"created_at\\\";s:27:\\\"2024-09-09T15:23:56.000000Z\\\";s:10:\\\"updated_at\\\";s:27:\\\"2024-09-09T15:23:56.000000Z\\\";}s:5:\\\"image\\\";s:30:\\\"01J7BPBBZ5NTHR9SR6FNVWDYQM.jpg\\\";s:10:\\\"product_id\\\";i:1;s:10:\\\"created_at\\\";s:27:\\\"2024-09-09T15:27:31.000000Z\\\";s:10:\\\"updated_at\\\";s:27:\\\"2024-09-09T15:27:31.000000Z\\\";s:8:\\\"color_id\\\";N;}i:3;a:7:{s:2:\\\"id\\\";i:4;s:5:\\\"color\\\";a:5:{s:2:\\\"id\\\";i:2;s:5:\\\"color\\\";s:4:\\\"gray\\\";s:6:\\\"status\\\";i:1;s:10:\\\"created_at\\\";s:27:\\\"2024-09-09T15:23:29.000000Z\\\";s:10:\\\"updated_at\\\";s:27:\\\"2024-09-09T15:23:29.000000Z\\\";}s:5:\\\"image\\\";s:30:\\\"01J7BPBBZCQRQZHM5XVVD0H22X.jpg\\\";s:10:\\\"product_id\\\";i:1;s:10:\\\"created_at\\\";s:27:\\\"2024-09-09T15:27:31.000000Z\\\";s:10:\\\"updated_at\\\";s:27:\\\"2024-09-09T15:27:31.000000Z\\\";s:8:\\\"color_id\\\";N;}i:4;a:7:{s:2:\\\"id\\\";i:5;s:5:\\\"color\\\";a:5:{s:2:\\\"id\\\";i:3;s:5:\\\"color\\\";s:4:\\\"blue\\\";s:6:\\\"status\\\";i:1;s:10:\\\"created_at\\\";s:27:\\\"2024-09-09T15:23:51.000000Z\\\";s:10:\\\"updated_at\\\";s:27:\\\"2024-09-09T15:23:51.000000Z\\\";}s:5:\\\"image\\\";s:30:\\\"01J7BPBC0B2SXC2KSGQEFES0HY.jpg\\\";s:10:\\\"product_id\\\";i:1;s:10:\\\"created_at\\\";s:27:\\\"2024-09-09T15:27:31.000000Z\\\";s:10:\\\"updated_at\\\";s:27:\\\"2024-09-09T15:27:31.000000Z\\\";s:8:\\\"color_id\\\";N;}i:5;a:7:{s:2:\\\"id\\\";i:6;s:5:\\\"color\\\";a:5:{s:2:\\\"id\\\";i:1;s:5:\\\"color\\\";s:9:\\\"lightpink\\\";s:6:\\\"status\\\";i:1;s:10:\\\"created_at\\\";s:27:\\\"2024-09-09T15:23:24.000000Z\\\";s:10:\\\"updated_at\\\";s:27:\\\"2024-09-09T15:23:24.000000Z\\\";}s:5:\\\"image\\\";s:30:\\\"01J7BPBC0Q7656G5Q49ZDASFPD.jpg\\\";s:10:\\\"product_id\\\";i:1;s:10:\\\"created_at\\\";s:27:\\\"2024-09-09T15:27:31.000000Z\\\";s:10:\\\"updated_at\\\";s:27:\\\"2024-09-09T15:27:31.000000Z\\\";s:8:\\\"color_id\\\";N;}i:6;a:7:{s:2:\\\"id\\\";i:7;s:5:\\\"color\\\";a:5:{s:2:\\\"id\\\";i:4;s:5:\\\"color\\\";s:6:\\\"purple\\\";s:6:\\\"status\\\";i:1;s:10:\\\"created_at\\\";s:27:\\\"2024-09-09T15:23:56.000000Z\\\";s:10:\\\"updated_at\\\";s:27:\\\"2024-09-09T15:23:56.000000Z\\\";}s:5:\\\"image\\\";s:30:\\\"01J7BPBC0XMDM5RCY3QYWRY2D9.jpg\\\";s:10:\\\"product_id\\\";i:1;s:10:\\\"created_at\\\";s:27:\\\"2024-09-09T15:27:31.000000Z\\\";s:10:\\\"updated_at\\\";s:27:\\\"2024-09-09T15:27:31.000000Z\\\";s:8:\\\"color_id\\\";N;}}}i:1;a:12:{s:2:\\\"id\\\";i:2;s:5:\\\"title\\\";s:16:\\\"Fancy Hijab Caps\\\";s:5:\\\"price\\\";i:1000;s:9:\\\"new_price\\\";N;s:11:\\\"description\\\";s:123:\\\"Fancy Hijab Caps\\n100 Design Available\\nFabric Soft Cotton Jersey \\nSize Standard \\n5 Caps Just 1,000 PKR. (shipping excluding)\\\";s:8:\\\"quantity\\\";i:1;s:6:\\\"status\\\";i:1;s:10:\\\"created_at\\\";s:27:\\\"2024-09-09T15:39:01.000000Z\\\";s:10:\\\"updated_at\\\";s:27:\\\"2024-09-12T18:59:37.000000Z\\\";s:8:\\\"color_id\\\";N;s:17:\\\"extra_description\\\";s:164:\\\"<p>Fancy Hijab Caps<\\/p><p>100 Design Available<\\/p><p>Fabric Soft Cotton Jersey&nbsp;<\\/p><p>Size Standard&nbsp;<\\/p><p>5 Caps Just 1,000 PKR. (shipping excluding)<\\/p>\\\";s:6:\\\"images\\\";a:9:{i:0;a:7:{s:2:\\\"id\\\";i:8;s:5:\\\"color\\\";N;s:5:\\\"image\\\";s:30:\\\"01J7BQ0E6VAJ60PF6MNN2KJHW8.jpg\\\";s:10:\\\"product_id\\\";i:2;s:10:\\\"created_at\\\";s:27:\\\"2024-09-09T15:39:01.000000Z\\\";s:10:\\\"updated_at\\\";s:27:\\\"2024-09-09T15:39:01.000000Z\\\";s:8:\\\"color_id\\\";N;}i:1;a:7:{s:2:\\\"id\\\";i:9;s:5:\\\"color\\\";a:5:{s:2:\\\"id\\\";i:7;s:5:\\\"color\\\";s:5:\\\"beige\\\";s:6:\\\"status\\\";i:1;s:10:\\\"created_at\\\";s:27:\\\"2024-09-09T15:34:13.000000Z\\\";s:10:\\\"updated_at\\\";s:27:\\\"2024-09-09T15:34:13.000000Z\\\";}s:5:\\\"image\\\";s:30:\\\"01J7BQ0E7YPA9DWP1M2N51GHS7.jpg\\\";s:10:\\\"product_id\\\";i:2;s:10:\\\"created_at\\\";s:27:\\\"2024-09-09T15:39:01.000000Z\\\";s:10:\\\"updated_at\\\";s:27:\\\"2024-09-09T15:39:01.000000Z\\\";s:8:\\\"color_id\\\";N;}i:2;a:7:{s:2:\\\"id\\\";i:10;s:5:\\\"color\\\";a:5:{s:2:\\\"id\\\";i:6;s:5:\\\"color\\\";s:10:\\\"black&gold\\\";s:6:\\\"status\\\";i:1;s:10:\\\"created_at\\\";s:27:\\\"2024-09-09T15:32:14.000000Z\\\";s:10:\\\"updated_at\\\";s:27:\\\"2024-09-09T15:32:14.000000Z\\\";}s:5:\\\"image\\\";s:30:\\\"01J7BQ0E8FE6Q1FTDGPKFR7178.jpg\\\";s:10:\\\"product_id\\\";i:2;s:10:\\\"created_at\\\";s:27:\\\"2024-09-09T15:39:01.000000Z\\\";s:10:\\\"updated_at\\\";s:27:\\\"2024-09-09T15:39:01.000000Z\\\";s:8:\\\"color_id\\\";N;}i:3;a:7:{s:2:\\\"id\\\";i:11;s:5:\\\"color\\\";a:5:{s:2:\\\"id\\\";i:7;s:5:\\\"color\\\";s:5:\\\"beige\\\";s:6:\\\"status\\\";i:1;s:10:\\\"created_at\\\";s:27:\\\"2024-09-09T15:34:13.000000Z\\\";s:10:\\\"updated_at\\\";s:27:\\\"2024-09-09T15:34:13.000000Z\\\";}s:5:\\\"image\\\";s:30:\\\"01J7BQ0E8X91P312PSQ8GS83BJ.jpg\\\";s:10:\\\"product_id\\\";i:2;s:10:\\\"created_at\\\";s:27:\\\"2024-09-09T15:39:01.000000Z\\\";s:10:\\\"updated_at\\\";s:27:\\\"2024-09-09T15:39:01.000000Z\\\";s:8:\\\"color_id\\\";N;}i:4;a:7:{s:2:\\\"id\\\";i:12;s:5:\\\"color\\\";a:5:{s:2:\\\"id\\\";i:3;s:5:\\\"color\\\";s:4:\\\"blue\\\";s:6:\\\"status\\\";i:1;s:10:\\\"created_at\\\";s:27:\\\"2024-09-09T15:23:51.000000Z\\\";s:10:\\\"updated_at\\\";s:27:\\\"2024-09-09T15:23:51.000000Z\\\";}s:5:\\\"image\\\";s:30:\\\"01J7BQ0E94DHHMK4MX68H02WMK.jpg\\\";s:10:\\\"product_id\\\";i:2;s:10:\\\"created_at\\\";s:27:\\\"2024-09-09T15:39:01.000000Z\\\";s:10:\\\"updated_at\\\";s:27:\\\"2024-09-09T15:39:01.000000Z\\\";s:8:\\\"color_id\\\";N;}i:5;a:7:{s:2:\\\"id\\\";i:13;s:5:\\\"color\\\";a:5:{s:2:\\\"id\\\";i:5;s:5:\\\"color\\\";s:5:\\\"white\\\";s:6:\\\"status\\\";i:1;s:10:\\\"created_at\\\";s:27:\\\"2024-09-09T15:31:24.000000Z\\\";s:10:\\\"updated_at\\\";s:27:\\\"2024-09-09T15:31:24.000000Z\\\";}s:5:\\\"image\\\";s:30:\\\"01J7BQ0E9E3CCMV0H07ADVJ0KJ.jpg\\\";s:10:\\\"product_id\\\";i:2;s:10:\\\"created_at\\\";s:27:\\\"2024-09-09T15:39:01.000000Z\\\";s:10:\\\"updated_at\\\";s:27:\\\"2024-09-09T15:39:01.000000Z\\\";s:8:\\\"color_id\\\";N;}i:6;a:7:{s:2:\\\"id\\\";i:14;s:5:\\\"color\\\";a:5:{s:2:\\\"id\\\";i:6;s:5:\\\"color\\\";s:10:\\\"black&gold\\\";s:6:\\\"status\\\";i:1;s:10:\\\"created_at\\\";s:27:\\\"2024-09-09T15:32:14.000000Z\\\";s:10:\\\"updated_at\\\";s:27:\\\"2024-09-09T15:32:14.000000Z\\\";}s:5:\\\"image\\\";s:30:\\\"01J7BQ0E9N5R1EVBCAE2ASJNYK.jpg\\\";s:10:\\\"product_id\\\";i:2;s:10:\\\"created_at\\\";s:27:\\\"2024-09-09T15:39:01.000000Z\\\";s:10:\\\"updated_at\\\";s:27:\\\"2024-09-09T15:39:01.000000Z\\\";s:8:\\\"color_id\\\";N;}i:7;a:7:{s:2:\\\"id\\\";i:15;s:5:\\\"color\\\";a:5:{s:2:\\\"id\\\";i:6;s:5:\\\"color\\\";s:10:\\\"black&gold\\\";s:6:\\\"status\\\";i:1;s:10:\\\"created_at\\\";s:27:\\\"2024-09-09T15:32:14.000000Z\\\";s:10:\\\"updated_at\\\";s:27:\\\"2024-09-09T15:32:14.000000Z\\\";}s:5:\\\"image\\\";s:30:\\\"01J7BQ0EA26TPFG5RPYDVMQPAY.jpg\\\";s:10:\\\"product_id\\\";i:2;s:10:\\\"created_at\\\";s:27:\\\"2024-09-09T15:39:01.000000Z\\\";s:10:\\\"updated_at\\\";s:27:\\\"2024-09-09T15:39:01.000000Z\\\";s:8:\\\"color_id\\\";N;}i:8;a:7:{s:2:\\\"id\\\";i:16;s:5:\\\"color\\\";a:5:{s:2:\\\"id\\\";i:6;s:5:\\\"color\\\";s:10:\\\"black&gold\\\";s:6:\\\"status\\\";i:1;s:10:\\\"created_at\\\";s:27:\\\"2024-09-09T15:32:14.000000Z\\\";s:10:\\\"updated_at\\\";s:27:\\\"2024-09-09T15:32:14.000000Z\\\";}s:5:\\\"image\\\";s:30:\\\"01J7BQ0EA8717DAJM7XHK7QH79.jpg\\\";s:10:\\\"product_id\\\";i:2;s:10:\\\"created_at\\\";s:27:\\\"2024-09-09T15:39:01.000000Z\\\";s:10:\\\"updated_at\\\";s:27:\\\"2024-09-09T15:39:01.000000Z\\\";s:8:\\\"color_id\\\";N;}}}}s:2:\\\"to\\\";a:1:{i:0;a:2:{s:4:\\\"name\\\";N;s:7:\\\"address\\\";s:22:\\\"habbas2121@outlook.com\\\";}}s:6:\\\"mailer\\\";s:4:\\\"smtp\\\";}s:5:\\\"tries\\\";N;s:7:\\\"timeout\\\";N;s:13:\\\"maxExceptions\\\";N;s:17:\\\"shouldBeEncrypted\\\";b:0;s:10:\\\"connection\\\";N;s:5:\\\"queue\\\";N;s:5:\\\"delay\\\";N;s:11:\\\"afterCommit\\\";N;s:10:\\\"middleware\\\";a:0:{}s:7:\\\"chained\\\";a:0:{}s:15:\\\"chainConnection\\\";N;s:10:\\\"chainQueue\\\";N;s:19:\\\"chainCatchCallbacks\\\";N;s:3:\\\"job\\\";N;}\"}}', 0, NULL, 1726827430, 1726827430),
(10, 'default', '{\"uuid\":\"817f62a6-1928-48bb-ad5a-9bec9fb276c3\",\"displayName\":\"App\\\\Mail\\\\PlacedOrder\",\"job\":\"Illuminate\\\\Queue\\\\CallQueuedHandler@call\",\"maxTries\":null,\"maxExceptions\":null,\"failOnTimeout\":false,\"backoff\":null,\"timeout\":null,\"retryUntil\":null,\"data\":{\"commandName\":\"Illuminate\\\\Mail\\\\SendQueuedMailable\",\"command\":\"O:34:\\\"Illuminate\\\\Mail\\\\SendQueuedMailable\\\":15:{s:8:\\\"mailable\\\";O:20:\\\"App\\\\Mail\\\\PlacedOrder\\\":3:{s:9:\\\"\\u0000*\\u0000orders\\\";a:1:{i:0;a:13:{s:2:\\\"id\\\";i:1;s:5:\\\"title\\\";s:23:\\\"China chiffon georgate \\\";s:5:\\\"price\\\";i:550;s:9:\\\"new_price\\\";N;s:11:\\\"description\\\";s:61:\\\"China chiffon georgate \\nSize 34 ×72\\nContect 👉 03002862366\\\";s:8:\\\"quantity\\\";i:1;s:6:\\\"status\\\";i:0;s:10:\\\"created_at\\\";s:27:\\\"2024-09-09T15:27:31.000000Z\\\";s:10:\\\"updated_at\\\";s:27:\\\"2024-09-09T15:27:31.000000Z\\\";s:8:\\\"color_id\\\";N;s:17:\\\"extra_description\\\";s:68:\\\"<p>China chiffon georgate&nbsp;<\\/p><p>Size 34 ×72<\\/p><p>Contect<\\/p>\\\";s:12:\\\"orders_count\\\";i:15;s:6:\\\"images\\\";a:7:{i:0;a:7:{s:2:\\\"id\\\";i:1;s:5:\\\"color\\\";a:5:{s:2:\\\"id\\\";i:1;s:5:\\\"color\\\";s:9:\\\"lightpink\\\";s:6:\\\"status\\\";i:1;s:10:\\\"created_at\\\";s:27:\\\"2024-09-09T15:23:24.000000Z\\\";s:10:\\\"updated_at\\\";s:27:\\\"2024-09-09T15:23:24.000000Z\\\";}s:5:\\\"image\\\";s:30:\\\"01J7BPBBYF69TF8DVA1GSYQC9N.jpg\\\";s:10:\\\"product_id\\\";i:1;s:10:\\\"created_at\\\";s:27:\\\"2024-09-09T15:27:31.000000Z\\\";s:10:\\\"updated_at\\\";s:27:\\\"2024-09-09T15:27:31.000000Z\\\";s:8:\\\"color_id\\\";N;}i:1;a:7:{s:2:\\\"id\\\";i:2;s:5:\\\"color\\\";a:5:{s:2:\\\"id\\\";i:2;s:5:\\\"color\\\";s:4:\\\"gray\\\";s:6:\\\"status\\\";i:1;s:10:\\\"created_at\\\";s:27:\\\"2024-09-09T15:23:29.000000Z\\\";s:10:\\\"updated_at\\\";s:27:\\\"2024-09-09T15:23:29.000000Z\\\";}s:5:\\\"image\\\";s:30:\\\"01J7BPBBYYSY31NV4AAEZ75Q8P.jpg\\\";s:10:\\\"product_id\\\";i:1;s:10:\\\"created_at\\\";s:27:\\\"2024-09-09T15:27:31.000000Z\\\";s:10:\\\"updated_at\\\";s:27:\\\"2024-09-09T15:27:31.000000Z\\\";s:8:\\\"color_id\\\";N;}i:2;a:7:{s:2:\\\"id\\\";i:3;s:5:\\\"color\\\";a:5:{s:2:\\\"id\\\";i:4;s:5:\\\"color\\\";s:6:\\\"purple\\\";s:6:\\\"status\\\";i:1;s:10:\\\"created_at\\\";s:27:\\\"2024-09-09T15:23:56.000000Z\\\";s:10:\\\"updated_at\\\";s:27:\\\"2024-09-09T15:23:56.000000Z\\\";}s:5:\\\"image\\\";s:30:\\\"01J7BPBBZ5NTHR9SR6FNVWDYQM.jpg\\\";s:10:\\\"product_id\\\";i:1;s:10:\\\"created_at\\\";s:27:\\\"2024-09-09T15:27:31.000000Z\\\";s:10:\\\"updated_at\\\";s:27:\\\"2024-09-09T15:27:31.000000Z\\\";s:8:\\\"color_id\\\";N;}i:3;a:7:{s:2:\\\"id\\\";i:4;s:5:\\\"color\\\";a:5:{s:2:\\\"id\\\";i:2;s:5:\\\"color\\\";s:4:\\\"gray\\\";s:6:\\\"status\\\";i:1;s:10:\\\"created_at\\\";s:27:\\\"2024-09-09T15:23:29.000000Z\\\";s:10:\\\"updated_at\\\";s:27:\\\"2024-09-09T15:23:29.000000Z\\\";}s:5:\\\"image\\\";s:30:\\\"01J7BPBBZCQRQZHM5XVVD0H22X.jpg\\\";s:10:\\\"product_id\\\";i:1;s:10:\\\"created_at\\\";s:27:\\\"2024-09-09T15:27:31.000000Z\\\";s:10:\\\"updated_at\\\";s:27:\\\"2024-09-09T15:27:31.000000Z\\\";s:8:\\\"color_id\\\";N;}i:4;a:7:{s:2:\\\"id\\\";i:5;s:5:\\\"color\\\";a:5:{s:2:\\\"id\\\";i:3;s:5:\\\"color\\\";s:4:\\\"blue\\\";s:6:\\\"status\\\";i:1;s:10:\\\"created_at\\\";s:27:\\\"2024-09-09T15:23:51.000000Z\\\";s:10:\\\"updated_at\\\";s:27:\\\"2024-09-09T15:23:51.000000Z\\\";}s:5:\\\"image\\\";s:30:\\\"01J7BPBC0B2SXC2KSGQEFES0HY.jpg\\\";s:10:\\\"product_id\\\";i:1;s:10:\\\"created_at\\\";s:27:\\\"2024-09-09T15:27:31.000000Z\\\";s:10:\\\"updated_at\\\";s:27:\\\"2024-09-09T15:27:31.000000Z\\\";s:8:\\\"color_id\\\";N;}i:5;a:7:{s:2:\\\"id\\\";i:6;s:5:\\\"color\\\";a:5:{s:2:\\\"id\\\";i:1;s:5:\\\"color\\\";s:9:\\\"lightpink\\\";s:6:\\\"status\\\";i:1;s:10:\\\"created_at\\\";s:27:\\\"2024-09-09T15:23:24.000000Z\\\";s:10:\\\"updated_at\\\";s:27:\\\"2024-09-09T15:23:24.000000Z\\\";}s:5:\\\"image\\\";s:30:\\\"01J7BPBC0Q7656G5Q49ZDASFPD.jpg\\\";s:10:\\\"product_id\\\";i:1;s:10:\\\"created_at\\\";s:27:\\\"2024-09-09T15:27:31.000000Z\\\";s:10:\\\"updated_at\\\";s:27:\\\"2024-09-09T15:27:31.000000Z\\\";s:8:\\\"color_id\\\";N;}i:6;a:7:{s:2:\\\"id\\\";i:7;s:5:\\\"color\\\";a:5:{s:2:\\\"id\\\";i:4;s:5:\\\"color\\\";s:6:\\\"purple\\\";s:6:\\\"status\\\";i:1;s:10:\\\"created_at\\\";s:27:\\\"2024-09-09T15:23:56.000000Z\\\";s:10:\\\"updated_at\\\";s:27:\\\"2024-09-09T15:23:56.000000Z\\\";}s:5:\\\"image\\\";s:30:\\\"01J7BPBC0XMDM5RCY3QYWRY2D9.jpg\\\";s:10:\\\"product_id\\\";i:1;s:10:\\\"created_at\\\";s:27:\\\"2024-09-09T15:27:31.000000Z\\\";s:10:\\\"updated_at\\\";s:27:\\\"2024-09-09T15:27:31.000000Z\\\";s:8:\\\"color_id\\\";N;}}}}s:2:\\\"to\\\";a:1:{i:0;a:2:{s:4:\\\"name\\\";N;s:7:\\\"address\\\";s:22:\\\"habbas2121@outlook.com\\\";}}s:6:\\\"mailer\\\";s:4:\\\"smtp\\\";}s:5:\\\"tries\\\";N;s:7:\\\"timeout\\\";N;s:13:\\\"maxExceptions\\\";N;s:17:\\\"shouldBeEncrypted\\\";b:0;s:10:\\\"connection\\\";N;s:5:\\\"queue\\\";N;s:5:\\\"delay\\\";N;s:11:\\\"afterCommit\\\";N;s:10:\\\"middleware\\\";a:0:{}s:7:\\\"chained\\\";a:0:{}s:15:\\\"chainConnection\\\";N;s:10:\\\"chainQueue\\\";N;s:19:\\\"chainCatchCallbacks\\\";N;s:3:\\\"job\\\";N;}\"}}', 0, NULL, 1726848432, 1726848432),
(11, 'default', '{\"uuid\":\"d6ddd8ec-abff-4b95-bdab-53be83f12d95\",\"displayName\":\"App\\\\Mail\\\\PlacedOrder\",\"job\":\"Illuminate\\\\Queue\\\\CallQueuedHandler@call\",\"maxTries\":null,\"maxExceptions\":null,\"failOnTimeout\":false,\"backoff\":null,\"timeout\":null,\"retryUntil\":null,\"data\":{\"commandName\":\"Illuminate\\\\Mail\\\\SendQueuedMailable\",\"command\":\"O:34:\\\"Illuminate\\\\Mail\\\\SendQueuedMailable\\\":15:{s:8:\\\"mailable\\\";O:20:\\\"App\\\\Mail\\\\PlacedOrder\\\":3:{s:9:\\\"\\u0000*\\u0000orders\\\";a:1:{i:0;a:13:{s:2:\\\"id\\\";i:2;s:5:\\\"title\\\";s:16:\\\"Fancy Hijab Caps\\\";s:5:\\\"price\\\";i:1000;s:9:\\\"new_price\\\";N;s:11:\\\"description\\\";s:123:\\\"Fancy Hijab Caps\\n100 Design Available\\nFabric Soft Cotton Jersey \\nSize Standard \\n5 Caps Just 1,000 PKR. (shipping excluding)\\\";s:8:\\\"quantity\\\";i:1;s:6:\\\"status\\\";i:1;s:10:\\\"created_at\\\";s:27:\\\"2024-09-09T15:39:01.000000Z\\\";s:10:\\\"updated_at\\\";s:27:\\\"2024-09-12T18:59:37.000000Z\\\";s:8:\\\"color_id\\\";N;s:17:\\\"extra_description\\\";s:164:\\\"<p>Fancy Hijab Caps<\\/p><p>100 Design Available<\\/p><p>Fabric Soft Cotton Jersey&nbsp;<\\/p><p>Size Standard&nbsp;<\\/p><p>5 Caps Just 1,000 PKR. (shipping excluding)<\\/p>\\\";s:12:\\\"orders_count\\\";i:16;s:6:\\\"images\\\";a:9:{i:0;a:7:{s:2:\\\"id\\\";i:8;s:5:\\\"color\\\";N;s:5:\\\"image\\\";s:30:\\\"01J7BQ0E6VAJ60PF6MNN2KJHW8.jpg\\\";s:10:\\\"product_id\\\";i:2;s:10:\\\"created_at\\\";s:27:\\\"2024-09-09T15:39:01.000000Z\\\";s:10:\\\"updated_at\\\";s:27:\\\"2024-09-09T15:39:01.000000Z\\\";s:8:\\\"color_id\\\";N;}i:1;a:7:{s:2:\\\"id\\\";i:9;s:5:\\\"color\\\";a:5:{s:2:\\\"id\\\";i:7;s:5:\\\"color\\\";s:5:\\\"beige\\\";s:6:\\\"status\\\";i:1;s:10:\\\"created_at\\\";s:27:\\\"2024-09-09T15:34:13.000000Z\\\";s:10:\\\"updated_at\\\";s:27:\\\"2024-09-09T15:34:13.000000Z\\\";}s:5:\\\"image\\\";s:30:\\\"01J7BQ0E7YPA9DWP1M2N51GHS7.jpg\\\";s:10:\\\"product_id\\\";i:2;s:10:\\\"created_at\\\";s:27:\\\"2024-09-09T15:39:01.000000Z\\\";s:10:\\\"updated_at\\\";s:27:\\\"2024-09-09T15:39:01.000000Z\\\";s:8:\\\"color_id\\\";N;}i:2;a:7:{s:2:\\\"id\\\";i:10;s:5:\\\"color\\\";a:5:{s:2:\\\"id\\\";i:6;s:5:\\\"color\\\";s:10:\\\"black&gold\\\";s:6:\\\"status\\\";i:1;s:10:\\\"created_at\\\";s:27:\\\"2024-09-09T15:32:14.000000Z\\\";s:10:\\\"updated_at\\\";s:27:\\\"2024-09-09T15:32:14.000000Z\\\";}s:5:\\\"image\\\";s:30:\\\"01J7BQ0E8FE6Q1FTDGPKFR7178.jpg\\\";s:10:\\\"product_id\\\";i:2;s:10:\\\"created_at\\\";s:27:\\\"2024-09-09T15:39:01.000000Z\\\";s:10:\\\"updated_at\\\";s:27:\\\"2024-09-09T15:39:01.000000Z\\\";s:8:\\\"color_id\\\";N;}i:3;a:7:{s:2:\\\"id\\\";i:11;s:5:\\\"color\\\";a:5:{s:2:\\\"id\\\";i:7;s:5:\\\"color\\\";s:5:\\\"beige\\\";s:6:\\\"status\\\";i:1;s:10:\\\"created_at\\\";s:27:\\\"2024-09-09T15:34:13.000000Z\\\";s:10:\\\"updated_at\\\";s:27:\\\"2024-09-09T15:34:13.000000Z\\\";}s:5:\\\"image\\\";s:30:\\\"01J7BQ0E8X91P312PSQ8GS83BJ.jpg\\\";s:10:\\\"product_id\\\";i:2;s:10:\\\"created_at\\\";s:27:\\\"2024-09-09T15:39:01.000000Z\\\";s:10:\\\"updated_at\\\";s:27:\\\"2024-09-09T15:39:01.000000Z\\\";s:8:\\\"color_id\\\";N;}i:4;a:7:{s:2:\\\"id\\\";i:12;s:5:\\\"color\\\";a:5:{s:2:\\\"id\\\";i:3;s:5:\\\"color\\\";s:4:\\\"blue\\\";s:6:\\\"status\\\";i:1;s:10:\\\"created_at\\\";s:27:\\\"2024-09-09T15:23:51.000000Z\\\";s:10:\\\"updated_at\\\";s:27:\\\"2024-09-09T15:23:51.000000Z\\\";}s:5:\\\"image\\\";s:30:\\\"01J7BQ0E94DHHMK4MX68H02WMK.jpg\\\";s:10:\\\"product_id\\\";i:2;s:10:\\\"created_at\\\";s:27:\\\"2024-09-09T15:39:01.000000Z\\\";s:10:\\\"updated_at\\\";s:27:\\\"2024-09-09T15:39:01.000000Z\\\";s:8:\\\"color_id\\\";N;}i:5;a:7:{s:2:\\\"id\\\";i:13;s:5:\\\"color\\\";a:5:{s:2:\\\"id\\\";i:5;s:5:\\\"color\\\";s:5:\\\"white\\\";s:6:\\\"status\\\";i:1;s:10:\\\"created_at\\\";s:27:\\\"2024-09-09T15:31:24.000000Z\\\";s:10:\\\"updated_at\\\";s:27:\\\"2024-09-09T15:31:24.000000Z\\\";}s:5:\\\"image\\\";s:30:\\\"01J7BQ0E9E3CCMV0H07ADVJ0KJ.jpg\\\";s:10:\\\"product_id\\\";i:2;s:10:\\\"created_at\\\";s:27:\\\"2024-09-09T15:39:01.000000Z\\\";s:10:\\\"updated_at\\\";s:27:\\\"2024-09-09T15:39:01.000000Z\\\";s:8:\\\"color_id\\\";N;}i:6;a:7:{s:2:\\\"id\\\";i:14;s:5:\\\"color\\\";a:5:{s:2:\\\"id\\\";i:6;s:5:\\\"color\\\";s:10:\\\"black&gold\\\";s:6:\\\"status\\\";i:1;s:10:\\\"created_at\\\";s:27:\\\"2024-09-09T15:32:14.000000Z\\\";s:10:\\\"updated_at\\\";s:27:\\\"2024-09-09T15:32:14.000000Z\\\";}s:5:\\\"image\\\";s:30:\\\"01J7BQ0E9N5R1EVBCAE2ASJNYK.jpg\\\";s:10:\\\"product_id\\\";i:2;s:10:\\\"created_at\\\";s:27:\\\"2024-09-09T15:39:01.000000Z\\\";s:10:\\\"updated_at\\\";s:27:\\\"2024-09-09T15:39:01.000000Z\\\";s:8:\\\"color_id\\\";N;}i:7;a:7:{s:2:\\\"id\\\";i:15;s:5:\\\"color\\\";a:5:{s:2:\\\"id\\\";i:6;s:5:\\\"color\\\";s:10:\\\"black&gold\\\";s:6:\\\"status\\\";i:1;s:10:\\\"created_at\\\";s:27:\\\"2024-09-09T15:32:14.000000Z\\\";s:10:\\\"updated_at\\\";s:27:\\\"2024-09-09T15:32:14.000000Z\\\";}s:5:\\\"image\\\";s:30:\\\"01J7BQ0EA26TPFG5RPYDVMQPAY.jpg\\\";s:10:\\\"product_id\\\";i:2;s:10:\\\"created_at\\\";s:27:\\\"2024-09-09T15:39:01.000000Z\\\";s:10:\\\"updated_at\\\";s:27:\\\"2024-09-09T15:39:01.000000Z\\\";s:8:\\\"color_id\\\";N;}i:8;a:7:{s:2:\\\"id\\\";i:16;s:5:\\\"color\\\";a:5:{s:2:\\\"id\\\";i:6;s:5:\\\"color\\\";s:10:\\\"black&gold\\\";s:6:\\\"status\\\";i:1;s:10:\\\"created_at\\\";s:27:\\\"2024-09-09T15:32:14.000000Z\\\";s:10:\\\"updated_at\\\";s:27:\\\"2024-09-09T15:32:14.000000Z\\\";}s:5:\\\"image\\\";s:30:\\\"01J7BQ0EA8717DAJM7XHK7QH79.jpg\\\";s:10:\\\"product_id\\\";i:2;s:10:\\\"created_at\\\";s:27:\\\"2024-09-09T15:39:01.000000Z\\\";s:10:\\\"updated_at\\\";s:27:\\\"2024-09-09T15:39:01.000000Z\\\";s:8:\\\"color_id\\\";N;}}}}s:2:\\\"to\\\";a:1:{i:0;a:2:{s:4:\\\"name\\\";N;s:7:\\\"address\\\";s:22:\\\"habbas2121@outlook.com\\\";}}s:6:\\\"mailer\\\";s:4:\\\"smtp\\\";}s:5:\\\"tries\\\";N;s:7:\\\"timeout\\\";N;s:13:\\\"maxExceptions\\\";N;s:17:\\\"shouldBeEncrypted\\\";b:0;s:10:\\\"connection\\\";N;s:5:\\\"queue\\\";N;s:5:\\\"delay\\\";N;s:11:\\\"afterCommit\\\";N;s:10:\\\"middleware\\\";a:0:{}s:7:\\\"chained\\\";a:0:{}s:15:\\\"chainConnection\\\";N;s:10:\\\"chainQueue\\\";N;s:19:\\\"chainCatchCallbacks\\\";N;s:3:\\\"job\\\";N;}\"}}', 0, NULL, 1726848819, 1726848819),
(12, 'default', '{\"uuid\":\"b5592938-1c3e-4478-b351-94ce0a72fc11\",\"displayName\":\"App\\\\Mail\\\\PlacedOrder\",\"job\":\"Illuminate\\\\Queue\\\\CallQueuedHandler@call\",\"maxTries\":null,\"maxExceptions\":null,\"failOnTimeout\":false,\"backoff\":null,\"timeout\":null,\"retryUntil\":null,\"data\":{\"commandName\":\"Illuminate\\\\Mail\\\\SendQueuedMailable\",\"command\":\"O:34:\\\"Illuminate\\\\Mail\\\\SendQueuedMailable\\\":15:{s:8:\\\"mailable\\\";O:20:\\\"App\\\\Mail\\\\PlacedOrder\\\":3:{s:9:\\\"\\u0000*\\u0000orders\\\";a:1:{i:0;a:13:{s:2:\\\"id\\\";i:2;s:5:\\\"title\\\";s:16:\\\"Fancy Hijab Caps\\\";s:5:\\\"price\\\";i:1000;s:9:\\\"new_price\\\";N;s:11:\\\"description\\\";s:123:\\\"Fancy Hijab Caps\\n100 Design Available\\nFabric Soft Cotton Jersey \\nSize Standard \\n5 Caps Just 1,000 PKR. (shipping excluding)\\\";s:8:\\\"quantity\\\";i:1;s:6:\\\"status\\\";i:1;s:10:\\\"created_at\\\";s:27:\\\"2024-09-09T15:39:01.000000Z\\\";s:10:\\\"updated_at\\\";s:27:\\\"2024-09-12T18:59:37.000000Z\\\";s:8:\\\"color_id\\\";N;s:17:\\\"extra_description\\\";s:164:\\\"<p>Fancy Hijab Caps<\\/p><p>100 Design Available<\\/p><p>Fabric Soft Cotton Jersey&nbsp;<\\/p><p>Size Standard&nbsp;<\\/p><p>5 Caps Just 1,000 PKR. (shipping excluding)<\\/p>\\\";s:12:\\\"orders_count\\\";i:0;s:6:\\\"images\\\";a:9:{i:0;a:7:{s:2:\\\"id\\\";i:8;s:5:\\\"color\\\";N;s:5:\\\"image\\\";s:30:\\\"01J7BQ0E6VAJ60PF6MNN2KJHW8.jpg\\\";s:10:\\\"product_id\\\";i:2;s:10:\\\"created_at\\\";s:27:\\\"2024-09-09T15:39:01.000000Z\\\";s:10:\\\"updated_at\\\";s:27:\\\"2024-09-09T15:39:01.000000Z\\\";s:8:\\\"color_id\\\";N;}i:1;a:7:{s:2:\\\"id\\\";i:9;s:5:\\\"color\\\";a:5:{s:2:\\\"id\\\";i:7;s:5:\\\"color\\\";s:5:\\\"beige\\\";s:6:\\\"status\\\";i:1;s:10:\\\"created_at\\\";s:27:\\\"2024-09-09T15:34:13.000000Z\\\";s:10:\\\"updated_at\\\";s:27:\\\"2024-09-09T15:34:13.000000Z\\\";}s:5:\\\"image\\\";s:30:\\\"01J7BQ0E7YPA9DWP1M2N51GHS7.jpg\\\";s:10:\\\"product_id\\\";i:2;s:10:\\\"created_at\\\";s:27:\\\"2024-09-09T15:39:01.000000Z\\\";s:10:\\\"updated_at\\\";s:27:\\\"2024-09-09T15:39:01.000000Z\\\";s:8:\\\"color_id\\\";N;}i:2;a:7:{s:2:\\\"id\\\";i:10;s:5:\\\"color\\\";a:5:{s:2:\\\"id\\\";i:6;s:5:\\\"color\\\";s:10:\\\"black&gold\\\";s:6:\\\"status\\\";i:1;s:10:\\\"created_at\\\";s:27:\\\"2024-09-09T15:32:14.000000Z\\\";s:10:\\\"updated_at\\\";s:27:\\\"2024-09-09T15:32:14.000000Z\\\";}s:5:\\\"image\\\";s:30:\\\"01J7BQ0E8FE6Q1FTDGPKFR7178.jpg\\\";s:10:\\\"product_id\\\";i:2;s:10:\\\"created_at\\\";s:27:\\\"2024-09-09T15:39:01.000000Z\\\";s:10:\\\"updated_at\\\";s:27:\\\"2024-09-09T15:39:01.000000Z\\\";s:8:\\\"color_id\\\";N;}i:3;a:7:{s:2:\\\"id\\\";i:11;s:5:\\\"color\\\";a:5:{s:2:\\\"id\\\";i:7;s:5:\\\"color\\\";s:5:\\\"beige\\\";s:6:\\\"status\\\";i:1;s:10:\\\"created_at\\\";s:27:\\\"2024-09-09T15:34:13.000000Z\\\";s:10:\\\"updated_at\\\";s:27:\\\"2024-09-09T15:34:13.000000Z\\\";}s:5:\\\"image\\\";s:30:\\\"01J7BQ0E8X91P312PSQ8GS83BJ.jpg\\\";s:10:\\\"product_id\\\";i:2;s:10:\\\"created_at\\\";s:27:\\\"2024-09-09T15:39:01.000000Z\\\";s:10:\\\"updated_at\\\";s:27:\\\"2024-09-09T15:39:01.000000Z\\\";s:8:\\\"color_id\\\";N;}i:4;a:7:{s:2:\\\"id\\\";i:12;s:5:\\\"color\\\";a:5:{s:2:\\\"id\\\";i:3;s:5:\\\"color\\\";s:4:\\\"blue\\\";s:6:\\\"status\\\";i:1;s:10:\\\"created_at\\\";s:27:\\\"2024-09-09T15:23:51.000000Z\\\";s:10:\\\"updated_at\\\";s:27:\\\"2024-09-09T15:23:51.000000Z\\\";}s:5:\\\"image\\\";s:30:\\\"01J7BQ0E94DHHMK4MX68H02WMK.jpg\\\";s:10:\\\"product_id\\\";i:2;s:10:\\\"created_at\\\";s:27:\\\"2024-09-09T15:39:01.000000Z\\\";s:10:\\\"updated_at\\\";s:27:\\\"2024-09-09T15:39:01.000000Z\\\";s:8:\\\"color_id\\\";N;}i:5;a:7:{s:2:\\\"id\\\";i:13;s:5:\\\"color\\\";a:5:{s:2:\\\"id\\\";i:5;s:5:\\\"color\\\";s:5:\\\"white\\\";s:6:\\\"status\\\";i:1;s:10:\\\"created_at\\\";s:27:\\\"2024-09-09T15:31:24.000000Z\\\";s:10:\\\"updated_at\\\";s:27:\\\"2024-09-09T15:31:24.000000Z\\\";}s:5:\\\"image\\\";s:30:\\\"01J7BQ0E9E3CCMV0H07ADVJ0KJ.jpg\\\";s:10:\\\"product_id\\\";i:2;s:10:\\\"created_at\\\";s:27:\\\"2024-09-09T15:39:01.000000Z\\\";s:10:\\\"updated_at\\\";s:27:\\\"2024-09-09T15:39:01.000000Z\\\";s:8:\\\"color_id\\\";N;}i:6;a:7:{s:2:\\\"id\\\";i:14;s:5:\\\"color\\\";a:5:{s:2:\\\"id\\\";i:6;s:5:\\\"color\\\";s:10:\\\"black&gold\\\";s:6:\\\"status\\\";i:1;s:10:\\\"created_at\\\";s:27:\\\"2024-09-09T15:32:14.000000Z\\\";s:10:\\\"updated_at\\\";s:27:\\\"2024-09-09T15:32:14.000000Z\\\";}s:5:\\\"image\\\";s:30:\\\"01J7BQ0E9N5R1EVBCAE2ASJNYK.jpg\\\";s:10:\\\"product_id\\\";i:2;s:10:\\\"created_at\\\";s:27:\\\"2024-09-09T15:39:01.000000Z\\\";s:10:\\\"updated_at\\\";s:27:\\\"2024-09-09T15:39:01.000000Z\\\";s:8:\\\"color_id\\\";N;}i:7;a:7:{s:2:\\\"id\\\";i:15;s:5:\\\"color\\\";a:5:{s:2:\\\"id\\\";i:6;s:5:\\\"color\\\";s:10:\\\"black&gold\\\";s:6:\\\"status\\\";i:1;s:10:\\\"created_at\\\";s:27:\\\"2024-09-09T15:32:14.000000Z\\\";s:10:\\\"updated_at\\\";s:27:\\\"2024-09-09T15:32:14.000000Z\\\";}s:5:\\\"image\\\";s:30:\\\"01J7BQ0EA26TPFG5RPYDVMQPAY.jpg\\\";s:10:\\\"product_id\\\";i:2;s:10:\\\"created_at\\\";s:27:\\\"2024-09-09T15:39:01.000000Z\\\";s:10:\\\"updated_at\\\";s:27:\\\"2024-09-09T15:39:01.000000Z\\\";s:8:\\\"color_id\\\";N;}i:8;a:7:{s:2:\\\"id\\\";i:16;s:5:\\\"color\\\";a:5:{s:2:\\\"id\\\";i:6;s:5:\\\"color\\\";s:10:\\\"black&gold\\\";s:6:\\\"status\\\";i:1;s:10:\\\"created_at\\\";s:27:\\\"2024-09-09T15:32:14.000000Z\\\";s:10:\\\"updated_at\\\";s:27:\\\"2024-09-09T15:32:14.000000Z\\\";}s:5:\\\"image\\\";s:30:\\\"01J7BQ0EA8717DAJM7XHK7QH79.jpg\\\";s:10:\\\"product_id\\\";i:2;s:10:\\\"created_at\\\";s:27:\\\"2024-09-09T15:39:01.000000Z\\\";s:10:\\\"updated_at\\\";s:27:\\\"2024-09-09T15:39:01.000000Z\\\";s:8:\\\"color_id\\\";N;}}}}s:2:\\\"to\\\";a:1:{i:0;a:2:{s:4:\\\"name\\\";N;s:7:\\\"address\\\";s:22:\\\"habbas2121@outlook.com\\\";}}s:6:\\\"mailer\\\";s:4:\\\"smtp\\\";}s:5:\\\"tries\\\";N;s:7:\\\"timeout\\\";N;s:13:\\\"maxExceptions\\\";N;s:17:\\\"shouldBeEncrypted\\\";b:0;s:10:\\\"connection\\\";N;s:5:\\\"queue\\\";N;s:5:\\\"delay\\\";N;s:11:\\\"afterCommit\\\";N;s:10:\\\"middleware\\\";a:0:{}s:7:\\\"chained\\\";a:0:{}s:15:\\\"chainConnection\\\";N;s:10:\\\"chainQueue\\\";N;s:19:\\\"chainCatchCallbacks\\\";N;s:3:\\\"job\\\";N;}\"}}', 0, NULL, 1726994676, 1726994676),
(13, 'default', '{\"uuid\":\"5cbe0344-6895-4903-95dd-b41761776f58\",\"displayName\":\"App\\\\Mail\\\\PlacedOrder\",\"job\":\"Illuminate\\\\Queue\\\\CallQueuedHandler@call\",\"maxTries\":null,\"maxExceptions\":null,\"failOnTimeout\":false,\"backoff\":null,\"timeout\":null,\"retryUntil\":null,\"data\":{\"commandName\":\"Illuminate\\\\Mail\\\\SendQueuedMailable\",\"command\":\"O:34:\\\"Illuminate\\\\Mail\\\\SendQueuedMailable\\\":15:{s:8:\\\"mailable\\\";O:20:\\\"App\\\\Mail\\\\PlacedOrder\\\":3:{s:9:\\\"\\u0000*\\u0000orders\\\";a:1:{i:0;a:15:{s:2:\\\"id\\\";i:1;s:5:\\\"title\\\";s:23:\\\"China chiffon georgate \\\";s:5:\\\"price\\\";i:550;s:9:\\\"new_price\\\";N;s:11:\\\"description\\\";s:61:\\\"China chiffon georgate \\nSize 34 ×72\\nContect 👉 03002862366\\\";s:8:\\\"quantity\\\";i:1;s:6:\\\"status\\\";i:0;s:10:\\\"created_at\\\";s:27:\\\"2024-09-09T15:27:31.000000Z\\\";s:10:\\\"updated_at\\\";s:27:\\\"2024-09-09T15:27:31.000000Z\\\";s:8:\\\"color_id\\\";N;s:17:\\\"extra_description\\\";s:68:\\\"<p>China chiffon georgate&nbsp;<\\/p><p>Size 34 ×72<\\/p><p>Contect<\\/p>\\\";s:6:\\\"images\\\";a:7:{i:0;a:3:{s:5:\\\"color\\\";a:5:{s:2:\\\"id\\\";i:1;s:5:\\\"color\\\";s:9:\\\"lightpink\\\";s:6:\\\"status\\\";i:1;s:10:\\\"created_at\\\";s:27:\\\"2024-09-09T15:23:24.000000Z\\\";s:10:\\\"updated_at\\\";s:27:\\\"2024-09-09T15:23:24.000000Z\\\";}s:5:\\\"image\\\";s:30:\\\"01J7BPBBYF69TF8DVA1GSYQC9N.jpg\\\";s:10:\\\"product_id\\\";i:1;}i:1;a:3:{s:5:\\\"color\\\";a:5:{s:2:\\\"id\\\";i:2;s:5:\\\"color\\\";s:4:\\\"gray\\\";s:6:\\\"status\\\";i:1;s:10:\\\"created_at\\\";s:27:\\\"2024-09-09T15:23:29.000000Z\\\";s:10:\\\"updated_at\\\";s:27:\\\"2024-09-09T15:23:29.000000Z\\\";}s:5:\\\"image\\\";s:30:\\\"01J7BPBBYYSY31NV4AAEZ75Q8P.jpg\\\";s:10:\\\"product_id\\\";i:1;}i:2;a:3:{s:5:\\\"color\\\";a:5:{s:2:\\\"id\\\";i:4;s:5:\\\"color\\\";s:6:\\\"purple\\\";s:6:\\\"status\\\";i:1;s:10:\\\"created_at\\\";s:27:\\\"2024-09-09T15:23:56.000000Z\\\";s:10:\\\"updated_at\\\";s:27:\\\"2024-09-09T15:23:56.000000Z\\\";}s:5:\\\"image\\\";s:30:\\\"01J7BPBBZ5NTHR9SR6FNVWDYQM.jpg\\\";s:10:\\\"product_id\\\";i:1;}i:3;a:3:{s:5:\\\"color\\\";a:5:{s:2:\\\"id\\\";i:2;s:5:\\\"color\\\";s:4:\\\"gray\\\";s:6:\\\"status\\\";i:1;s:10:\\\"created_at\\\";s:27:\\\"2024-09-09T15:23:29.000000Z\\\";s:10:\\\"updated_at\\\";s:27:\\\"2024-09-09T15:23:29.000000Z\\\";}s:5:\\\"image\\\";s:30:\\\"01J7BPBBZCQRQZHM5XVVD0H22X.jpg\\\";s:10:\\\"product_id\\\";i:1;}i:4;a:3:{s:5:\\\"color\\\";a:5:{s:2:\\\"id\\\";i:3;s:5:\\\"color\\\";s:4:\\\"blue\\\";s:6:\\\"status\\\";i:1;s:10:\\\"created_at\\\";s:27:\\\"2024-09-09T15:23:51.000000Z\\\";s:10:\\\"updated_at\\\";s:27:\\\"2024-09-09T15:23:51.000000Z\\\";}s:5:\\\"image\\\";s:30:\\\"01J7BPBC0B2SXC2KSGQEFES0HY.jpg\\\";s:10:\\\"product_id\\\";i:1;}i:5;a:3:{s:5:\\\"color\\\";a:5:{s:2:\\\"id\\\";i:1;s:5:\\\"color\\\";s:9:\\\"lightpink\\\";s:6:\\\"status\\\";i:1;s:10:\\\"created_at\\\";s:27:\\\"2024-09-09T15:23:24.000000Z\\\";s:10:\\\"updated_at\\\";s:27:\\\"2024-09-09T15:23:24.000000Z\\\";}s:5:\\\"image\\\";s:30:\\\"01J7BPBC0Q7656G5Q49ZDASFPD.jpg\\\";s:10:\\\"product_id\\\";i:1;}i:6;a:3:{s:5:\\\"color\\\";a:5:{s:2:\\\"id\\\";i:4;s:5:\\\"color\\\";s:6:\\\"purple\\\";s:6:\\\"status\\\";i:1;s:10:\\\"created_at\\\";s:27:\\\"2024-09-09T15:23:56.000000Z\\\";s:10:\\\"updated_at\\\";s:27:\\\"2024-09-09T15:23:56.000000Z\\\";}s:5:\\\"image\\\";s:30:\\\"01J7BPBC0XMDM5RCY3QYWRY2D9.jpg\\\";s:10:\\\"product_id\\\";i:1;}}s:6:\\\"orders\\\";a:0:{}s:10:\\\"categories\\\";a:1:{i:0;a:7:{s:2:\\\"id\\\";i:1;s:6:\\\"status\\\";i:1;s:8:\\\"category\\\";s:7:\\\"Scarves\\\";s:14:\\\"subcategory_id\\\";N;s:10:\\\"created_at\\\";s:27:\\\"2024-09-09T15:21:08.000000Z\\\";s:10:\\\"updated_at\\\";s:27:\\\"2024-09-09T15:21:08.000000Z\\\";s:5:\\\"pivot\\\";a:2:{s:10:\\\"product_id\\\";i:1;s:11:\\\"category_id\\\";i:1;}}}s:7:\\\"variant\\\";s:30:\\\"01J7BPBBYF69TF8DVA1GSYQC9N.jpg\\\";}}s:2:\\\"to\\\";a:1:{i:0;a:2:{s:4:\\\"name\\\";N;s:7:\\\"address\\\";s:22:\\\"habbas2121@outlook.com\\\";}}s:6:\\\"mailer\\\";s:4:\\\"smtp\\\";}s:5:\\\"tries\\\";N;s:7:\\\"timeout\\\";N;s:13:\\\"maxExceptions\\\";N;s:17:\\\"shouldBeEncrypted\\\";b:0;s:10:\\\"connection\\\";N;s:5:\\\"queue\\\";N;s:5:\\\"delay\\\";N;s:11:\\\"afterCommit\\\";N;s:10:\\\"middleware\\\";a:0:{}s:7:\\\"chained\\\";a:0:{}s:15:\\\"chainConnection\\\";N;s:10:\\\"chainQueue\\\";N;s:19:\\\"chainCatchCallbacks\\\";N;s:3:\\\"job\\\";N;}\"}}', 0, NULL, 1727180624, 1727180624);
INSERT INTO `jobs` (`id`, `queue`, `payload`, `attempts`, `reserved_at`, `available_at`, `created_at`) VALUES
(14, 'default', '{\"uuid\":\"25be12d1-6f94-4599-8186-acf6a063c764\",\"displayName\":\"App\\\\Mail\\\\PlacedOrder\",\"job\":\"Illuminate\\\\Queue\\\\CallQueuedHandler@call\",\"maxTries\":null,\"maxExceptions\":null,\"failOnTimeout\":false,\"backoff\":null,\"timeout\":null,\"retryUntil\":null,\"data\":{\"commandName\":\"Illuminate\\\\Mail\\\\SendQueuedMailable\",\"command\":\"O:34:\\\"Illuminate\\\\Mail\\\\SendQueuedMailable\\\":15:{s:8:\\\"mailable\\\";O:20:\\\"App\\\\Mail\\\\PlacedOrder\\\":3:{s:9:\\\"\\u0000*\\u0000orders\\\";a:3:{i:0;a:15:{s:2:\\\"id\\\";i:1;s:5:\\\"title\\\";s:23:\\\"China chiffon georgate \\\";s:5:\\\"price\\\";i:550;s:9:\\\"new_price\\\";N;s:11:\\\"description\\\";s:61:\\\"China chiffon georgate \\nSize 34 ×72\\nContect 👉 03002862366\\\";s:8:\\\"quantity\\\";s:1:\\\"2\\\";s:6:\\\"status\\\";i:0;s:10:\\\"created_at\\\";s:27:\\\"2024-09-09T15:27:31.000000Z\\\";s:10:\\\"updated_at\\\";s:27:\\\"2024-09-09T15:27:31.000000Z\\\";s:8:\\\"color_id\\\";N;s:17:\\\"extra_description\\\";s:68:\\\"<p>China chiffon georgate&nbsp;<\\/p><p>Size 34 ×72<\\/p><p>Contect<\\/p>\\\";s:6:\\\"images\\\";a:7:{i:0;a:3:{s:5:\\\"color\\\";a:5:{s:2:\\\"id\\\";i:1;s:5:\\\"color\\\";s:9:\\\"lightpink\\\";s:6:\\\"status\\\";i:1;s:10:\\\"created_at\\\";s:27:\\\"2024-09-09T15:23:24.000000Z\\\";s:10:\\\"updated_at\\\";s:27:\\\"2024-09-09T15:23:24.000000Z\\\";}s:5:\\\"image\\\";s:30:\\\"01J7BPBBYF69TF8DVA1GSYQC9N.jpg\\\";s:10:\\\"product_id\\\";i:1;}i:1;a:3:{s:5:\\\"color\\\";a:5:{s:2:\\\"id\\\";i:2;s:5:\\\"color\\\";s:4:\\\"gray\\\";s:6:\\\"status\\\";i:1;s:10:\\\"created_at\\\";s:27:\\\"2024-09-09T15:23:29.000000Z\\\";s:10:\\\"updated_at\\\";s:27:\\\"2024-09-09T15:23:29.000000Z\\\";}s:5:\\\"image\\\";s:30:\\\"01J7BPBBYYSY31NV4AAEZ75Q8P.jpg\\\";s:10:\\\"product_id\\\";i:1;}i:2;a:3:{s:5:\\\"color\\\";a:5:{s:2:\\\"id\\\";i:4;s:5:\\\"color\\\";s:6:\\\"purple\\\";s:6:\\\"status\\\";i:1;s:10:\\\"created_at\\\";s:27:\\\"2024-09-09T15:23:56.000000Z\\\";s:10:\\\"updated_at\\\";s:27:\\\"2024-09-09T15:23:56.000000Z\\\";}s:5:\\\"image\\\";s:30:\\\"01J7BPBBZ5NTHR9SR6FNVWDYQM.jpg\\\";s:10:\\\"product_id\\\";i:1;}i:3;a:3:{s:5:\\\"color\\\";a:5:{s:2:\\\"id\\\";i:2;s:5:\\\"color\\\";s:4:\\\"gray\\\";s:6:\\\"status\\\";i:1;s:10:\\\"created_at\\\";s:27:\\\"2024-09-09T15:23:29.000000Z\\\";s:10:\\\"updated_at\\\";s:27:\\\"2024-09-09T15:23:29.000000Z\\\";}s:5:\\\"image\\\";s:30:\\\"01J7BPBBZCQRQZHM5XVVD0H22X.jpg\\\";s:10:\\\"product_id\\\";i:1;}i:4;a:3:{s:5:\\\"color\\\";a:5:{s:2:\\\"id\\\";i:3;s:5:\\\"color\\\";s:4:\\\"blue\\\";s:6:\\\"status\\\";i:1;s:10:\\\"created_at\\\";s:27:\\\"2024-09-09T15:23:51.000000Z\\\";s:10:\\\"updated_at\\\";s:27:\\\"2024-09-09T15:23:51.000000Z\\\";}s:5:\\\"image\\\";s:30:\\\"01J7BPBC0B2SXC2KSGQEFES0HY.jpg\\\";s:10:\\\"product_id\\\";i:1;}i:5;a:3:{s:5:\\\"color\\\";a:5:{s:2:\\\"id\\\";i:1;s:5:\\\"color\\\";s:9:\\\"lightpink\\\";s:6:\\\"status\\\";i:1;s:10:\\\"created_at\\\";s:27:\\\"2024-09-09T15:23:24.000000Z\\\";s:10:\\\"updated_at\\\";s:27:\\\"2024-09-09T15:23:24.000000Z\\\";}s:5:\\\"image\\\";s:30:\\\"01J7BPBC0Q7656G5Q49ZDASFPD.jpg\\\";s:10:\\\"product_id\\\";i:1;}i:6;a:3:{s:5:\\\"color\\\";a:5:{s:2:\\\"id\\\";i:4;s:5:\\\"color\\\";s:6:\\\"purple\\\";s:6:\\\"status\\\";i:1;s:10:\\\"created_at\\\";s:27:\\\"2024-09-09T15:23:56.000000Z\\\";s:10:\\\"updated_at\\\";s:27:\\\"2024-09-09T15:23:56.000000Z\\\";}s:5:\\\"image\\\";s:30:\\\"01J7BPBC0XMDM5RCY3QYWRY2D9.jpg\\\";s:10:\\\"product_id\\\";i:1;}}s:6:\\\"orders\\\";a:1:{i:0;a:15:{s:2:\\\"id\\\";i:43;s:10:\\\"first_name\\\";s:6:\\\"Hashim\\\";s:9:\\\"last_name\\\";s:5:\\\"abbas\\\";s:14:\\\"street_address\\\";s:10:\\\"First foor\\\";s:9:\\\"apartment\\\";s:14:\\\"ruqayya manzil\\\";s:4:\\\"city\\\";s:7:\\\"Karachi\\\";s:5:\\\"email\\\";s:22:\\\"habbas2121@outlook.com\\\";s:5:\\\"phone\\\";s:11:\\\"03352786778\\\";s:11:\\\"order_notes\\\";N;s:6:\\\"status\\\";i:0;s:7:\\\"user_id\\\";i:1;s:10:\\\"created_at\\\";s:27:\\\"2024-09-24T12:23:41.000000Z\\\";s:10:\\\"updated_at\\\";s:27:\\\"2024-09-24T12:23:41.000000Z\\\";s:15:\\\"tracking_number\\\";N;s:5:\\\"pivot\\\";a:2:{s:10:\\\"product_id\\\";i:1;s:8:\\\"order_id\\\";i:43;}}}s:5:\\\"pivot\\\";a:2:{s:7:\\\"user_id\\\";i:1;s:10:\\\"product_id\\\";i:1;}s:7:\\\"variant\\\";s:30:\\\"01J7BPBBYF69TF8DVA1GSYQC9N.jpg\\\";}i:1;a:15:{s:2:\\\"id\\\";i:2;s:5:\\\"title\\\";s:16:\\\"Fancy Hijab Caps\\\";s:5:\\\"price\\\";i:1000;s:9:\\\"new_price\\\";N;s:11:\\\"description\\\";s:123:\\\"Fancy Hijab Caps\\n100 Design Available\\nFabric Soft Cotton Jersey \\nSize Standard \\n5 Caps Just 1,000 PKR. (shipping excluding)\\\";s:8:\\\"quantity\\\";s:1:\\\"2\\\";s:6:\\\"status\\\";i:1;s:10:\\\"created_at\\\";s:27:\\\"2024-09-09T15:39:01.000000Z\\\";s:10:\\\"updated_at\\\";s:27:\\\"2024-09-12T18:59:37.000000Z\\\";s:8:\\\"color_id\\\";N;s:17:\\\"extra_description\\\";s:164:\\\"<p>Fancy Hijab Caps<\\/p><p>100 Design Available<\\/p><p>Fabric Soft Cotton Jersey&nbsp;<\\/p><p>Size Standard&nbsp;<\\/p><p>5 Caps Just 1,000 PKR. (shipping excluding)<\\/p>\\\";s:6:\\\"images\\\";a:9:{i:0;a:3:{s:5:\\\"color\\\";N;s:5:\\\"image\\\";s:30:\\\"01J7BQ0E6VAJ60PF6MNN2KJHW8.jpg\\\";s:10:\\\"product_id\\\";i:2;}i:1;a:3:{s:5:\\\"color\\\";a:5:{s:2:\\\"id\\\";i:7;s:5:\\\"color\\\";s:5:\\\"beige\\\";s:6:\\\"status\\\";i:1;s:10:\\\"created_at\\\";s:27:\\\"2024-09-09T15:34:13.000000Z\\\";s:10:\\\"updated_at\\\";s:27:\\\"2024-09-09T15:34:13.000000Z\\\";}s:5:\\\"image\\\";s:30:\\\"01J7BQ0E7YPA9DWP1M2N51GHS7.jpg\\\";s:10:\\\"product_id\\\";i:2;}i:2;a:3:{s:5:\\\"color\\\";a:5:{s:2:\\\"id\\\";i:6;s:5:\\\"color\\\";s:10:\\\"black&gold\\\";s:6:\\\"status\\\";i:1;s:10:\\\"created_at\\\";s:27:\\\"2024-09-09T15:32:14.000000Z\\\";s:10:\\\"updated_at\\\";s:27:\\\"2024-09-09T15:32:14.000000Z\\\";}s:5:\\\"image\\\";s:30:\\\"01J7BQ0E8FE6Q1FTDGPKFR7178.jpg\\\";s:10:\\\"product_id\\\";i:2;}i:3;a:3:{s:5:\\\"color\\\";a:5:{s:2:\\\"id\\\";i:7;s:5:\\\"color\\\";s:5:\\\"beige\\\";s:6:\\\"status\\\";i:1;s:10:\\\"created_at\\\";s:27:\\\"2024-09-09T15:34:13.000000Z\\\";s:10:\\\"updated_at\\\";s:27:\\\"2024-09-09T15:34:13.000000Z\\\";}s:5:\\\"image\\\";s:30:\\\"01J7BQ0E8X91P312PSQ8GS83BJ.jpg\\\";s:10:\\\"product_id\\\";i:2;}i:4;a:3:{s:5:\\\"color\\\";a:5:{s:2:\\\"id\\\";i:3;s:5:\\\"color\\\";s:4:\\\"blue\\\";s:6:\\\"status\\\";i:1;s:10:\\\"created_at\\\";s:27:\\\"2024-09-09T15:23:51.000000Z\\\";s:10:\\\"updated_at\\\";s:27:\\\"2024-09-09T15:23:51.000000Z\\\";}s:5:\\\"image\\\";s:30:\\\"01J7BQ0E94DHHMK4MX68H02WMK.jpg\\\";s:10:\\\"product_id\\\";i:2;}i:5;a:3:{s:5:\\\"color\\\";a:5:{s:2:\\\"id\\\";i:5;s:5:\\\"color\\\";s:5:\\\"white\\\";s:6:\\\"status\\\";i:1;s:10:\\\"created_at\\\";s:27:\\\"2024-09-09T15:31:24.000000Z\\\";s:10:\\\"updated_at\\\";s:27:\\\"2024-09-09T15:31:24.000000Z\\\";}s:5:\\\"image\\\";s:30:\\\"01J7BQ0E9E3CCMV0H07ADVJ0KJ.jpg\\\";s:10:\\\"product_id\\\";i:2;}i:6;a:3:{s:5:\\\"color\\\";a:5:{s:2:\\\"id\\\";i:6;s:5:\\\"color\\\";s:10:\\\"black&gold\\\";s:6:\\\"status\\\";i:1;s:10:\\\"created_at\\\";s:27:\\\"2024-09-09T15:32:14.000000Z\\\";s:10:\\\"updated_at\\\";s:27:\\\"2024-09-09T15:32:14.000000Z\\\";}s:5:\\\"image\\\";s:30:\\\"01J7BQ0E9N5R1EVBCAE2ASJNYK.jpg\\\";s:10:\\\"product_id\\\";i:2;}i:7;a:3:{s:5:\\\"color\\\";a:5:{s:2:\\\"id\\\";i:6;s:5:\\\"color\\\";s:10:\\\"black&gold\\\";s:6:\\\"status\\\";i:1;s:10:\\\"created_at\\\";s:27:\\\"2024-09-09T15:32:14.000000Z\\\";s:10:\\\"updated_at\\\";s:27:\\\"2024-09-09T15:32:14.000000Z\\\";}s:5:\\\"image\\\";s:30:\\\"01J7BQ0EA26TPFG5RPYDVMQPAY.jpg\\\";s:10:\\\"product_id\\\";i:2;}i:8;a:3:{s:5:\\\"color\\\";a:5:{s:2:\\\"id\\\";i:6;s:5:\\\"color\\\";s:10:\\\"black&gold\\\";s:6:\\\"status\\\";i:1;s:10:\\\"created_at\\\";s:27:\\\"2024-09-09T15:32:14.000000Z\\\";s:10:\\\"updated_at\\\";s:27:\\\"2024-09-09T15:32:14.000000Z\\\";}s:5:\\\"image\\\";s:30:\\\"01J7BQ0EA8717DAJM7XHK7QH79.jpg\\\";s:10:\\\"product_id\\\";i:2;}}s:6:\\\"orders\\\";a:1:{i:0;a:15:{s:2:\\\"id\\\";i:40;s:10:\\\"first_name\\\";s:6:\\\"Hashim\\\";s:9:\\\"last_name\\\";s:5:\\\"abbas\\\";s:14:\\\"street_address\\\";s:10:\\\"First foor\\\";s:9:\\\"apartment\\\";s:14:\\\"ruqayya manzil\\\";s:4:\\\"city\\\";s:7:\\\"Karachi\\\";s:5:\\\"email\\\";s:22:\\\"habbas2121@outlook.com\\\";s:5:\\\"phone\\\";s:11:\\\"03352786778\\\";s:11:\\\"order_notes\\\";N;s:6:\\\"status\\\";i:0;s:7:\\\"user_id\\\";i:1;s:10:\\\"created_at\\\";s:27:\\\"2024-09-22T08:44:33.000000Z\\\";s:10:\\\"updated_at\\\";s:27:\\\"2024-09-22T08:44:35.000000Z\\\";s:15:\\\"tracking_number\\\";s:14:\\\"27055730000205\\\";s:5:\\\"pivot\\\";a:2:{s:10:\\\"product_id\\\";i:2;s:8:\\\"order_id\\\";i:40;}}}s:5:\\\"pivot\\\";a:2:{s:7:\\\"user_id\\\";i:1;s:10:\\\"product_id\\\";i:2;}s:7:\\\"variant\\\";s:30:\\\"01J7BQ0E6VAJ60PF6MNN2KJHW8.jpg\\\";}i:2;a:15:{s:2:\\\"id\\\";i:103;s:5:\\\"title\\\";s:3:\\\"TSA\\\";s:5:\\\"price\\\";i:75;s:9:\\\"new_price\\\";i:173;s:11:\\\"description\\\";s:227:\\\"Debitis numquam quod excepturi omnis aliquam aperiam. Ducimus eos id modi recusandae officia. Mollitia et voluptates non autem aliquid ex quisquam. Quis unde non voluptatem commodi delectus voluptatem. Et earum vel et autem id.\\\";s:8:\\\"quantity\\\";i:2;s:6:\\\"status\\\";i:0;s:10:\\\"created_at\\\";s:27:\\\"2024-09-12T21:56:38.000000Z\\\";s:10:\\\"updated_at\\\";s:27:\\\"2024-09-16T17:34:37.000000Z\\\";s:8:\\\"color_id\\\";N;s:17:\\\"extra_description\\\";s:90:\\\"<p>It is amazing scarf.... You must buy it<\\/p><ul><li>Database<\\/li><li>Migration<\\/li><\\/ul>\\\";s:6:\\\"images\\\";a:1:{i:0;a:3:{s:5:\\\"color\\\";a:5:{s:2:\\\"id\\\";i:1;s:5:\\\"color\\\";s:9:\\\"lightpink\\\";s:6:\\\"status\\\";i:1;s:10:\\\"created_at\\\";s:27:\\\"2024-09-09T15:23:24.000000Z\\\";s:10:\\\"updated_at\\\";s:27:\\\"2024-09-09T15:23:24.000000Z\\\";}s:5:\\\"image\\\";s:30:\\\"01J7XYD3X1BGF5MV98QH320CHX.jpg\\\";s:10:\\\"product_id\\\";i:103;}}s:6:\\\"orders\\\";a:0:{}s:5:\\\"pivot\\\";a:2:{s:7:\\\"user_id\\\";i:1;s:10:\\\"product_id\\\";i:103;}s:7:\\\"variant\\\";s:30:\\\"01J7XYD3X1BGF5MV98QH320CHX.jpg\\\";}}s:2:\\\"to\\\";a:1:{i:0;a:2:{s:4:\\\"name\\\";N;s:7:\\\"address\\\";s:22:\\\"habbas2121@outlook.com\\\";}}s:6:\\\"mailer\\\";s:4:\\\"smtp\\\";}s:5:\\\"tries\\\";N;s:7:\\\"timeout\\\";N;s:13:\\\"maxExceptions\\\";N;s:17:\\\"shouldBeEncrypted\\\";b:0;s:10:\\\"connection\\\";N;s:5:\\\"queue\\\";N;s:5:\\\"delay\\\";N;s:11:\\\"afterCommit\\\";N;s:10:\\\"middleware\\\";a:0:{}s:7:\\\"chained\\\";a:0:{}s:15:\\\"chainConnection\\\";N;s:10:\\\"chainQueue\\\";N;s:19:\\\"chainCatchCallbacks\\\";N;s:3:\\\"job\\\";N;}\"}}', 0, NULL, 1727189858, 1727189858),
(15, 'default', '{\"uuid\":\"3b34fe4b-1272-47c4-9347-23170311cb67\",\"displayName\":\"App\\\\Mail\\\\PlacedOrder\",\"job\":\"Illuminate\\\\Queue\\\\CallQueuedHandler@call\",\"maxTries\":null,\"maxExceptions\":null,\"failOnTimeout\":false,\"backoff\":null,\"timeout\":null,\"retryUntil\":null,\"data\":{\"commandName\":\"Illuminate\\\\Mail\\\\SendQueuedMailable\",\"command\":\"O:34:\\\"Illuminate\\\\Mail\\\\SendQueuedMailable\\\":15:{s:8:\\\"mailable\\\";O:20:\\\"App\\\\Mail\\\\PlacedOrder\\\":3:{s:9:\\\"\\u0000*\\u0000orders\\\";a:4:{i:0;a:15:{s:2:\\\"id\\\";i:1;s:5:\\\"title\\\";s:23:\\\"China chiffon georgate \\\";s:5:\\\"price\\\";i:550;s:9:\\\"new_price\\\";N;s:11:\\\"description\\\";s:61:\\\"China chiffon georgate \\nSize 34 ×72\\nContect 👉 03002862366\\\";s:8:\\\"quantity\\\";i:1;s:6:\\\"status\\\";i:0;s:10:\\\"created_at\\\";s:27:\\\"2024-09-09T15:27:31.000000Z\\\";s:10:\\\"updated_at\\\";s:27:\\\"2024-09-09T15:27:31.000000Z\\\";s:8:\\\"color_id\\\";N;s:17:\\\"extra_description\\\";s:68:\\\"<p>China chiffon georgate&nbsp;<\\/p><p>Size 34 ×72<\\/p><p>Contect<\\/p>\\\";s:6:\\\"images\\\";a:7:{i:0;a:3:{s:5:\\\"color\\\";a:5:{s:2:\\\"id\\\";i:1;s:5:\\\"color\\\";s:9:\\\"lightpink\\\";s:6:\\\"status\\\";i:1;s:10:\\\"created_at\\\";s:27:\\\"2024-09-09T15:23:24.000000Z\\\";s:10:\\\"updated_at\\\";s:27:\\\"2024-09-09T15:23:24.000000Z\\\";}s:5:\\\"image\\\";s:30:\\\"01J7BPBBYF69TF8DVA1GSYQC9N.jpg\\\";s:10:\\\"product_id\\\";i:1;}i:1;a:3:{s:5:\\\"color\\\";a:5:{s:2:\\\"id\\\";i:2;s:5:\\\"color\\\";s:4:\\\"gray\\\";s:6:\\\"status\\\";i:1;s:10:\\\"created_at\\\";s:27:\\\"2024-09-09T15:23:29.000000Z\\\";s:10:\\\"updated_at\\\";s:27:\\\"2024-09-09T15:23:29.000000Z\\\";}s:5:\\\"image\\\";s:30:\\\"01J7BPBBYYSY31NV4AAEZ75Q8P.jpg\\\";s:10:\\\"product_id\\\";i:1;}i:2;a:3:{s:5:\\\"color\\\";a:5:{s:2:\\\"id\\\";i:4;s:5:\\\"color\\\";s:6:\\\"purple\\\";s:6:\\\"status\\\";i:1;s:10:\\\"created_at\\\";s:27:\\\"2024-09-09T15:23:56.000000Z\\\";s:10:\\\"updated_at\\\";s:27:\\\"2024-09-09T15:23:56.000000Z\\\";}s:5:\\\"image\\\";s:30:\\\"01J7BPBBZ5NTHR9SR6FNVWDYQM.jpg\\\";s:10:\\\"product_id\\\";i:1;}i:3;a:3:{s:5:\\\"color\\\";a:5:{s:2:\\\"id\\\";i:2;s:5:\\\"color\\\";s:4:\\\"gray\\\";s:6:\\\"status\\\";i:1;s:10:\\\"created_at\\\";s:27:\\\"2024-09-09T15:23:29.000000Z\\\";s:10:\\\"updated_at\\\";s:27:\\\"2024-09-09T15:23:29.000000Z\\\";}s:5:\\\"image\\\";s:30:\\\"01J7BPBBZCQRQZHM5XVVD0H22X.jpg\\\";s:10:\\\"product_id\\\";i:1;}i:4;a:3:{s:5:\\\"color\\\";a:5:{s:2:\\\"id\\\";i:3;s:5:\\\"color\\\";s:4:\\\"blue\\\";s:6:\\\"status\\\";i:1;s:10:\\\"created_at\\\";s:27:\\\"2024-09-09T15:23:51.000000Z\\\";s:10:\\\"updated_at\\\";s:27:\\\"2024-09-09T15:23:51.000000Z\\\";}s:5:\\\"image\\\";s:30:\\\"01J7BPBC0B2SXC2KSGQEFES0HY.jpg\\\";s:10:\\\"product_id\\\";i:1;}i:5;a:3:{s:5:\\\"color\\\";a:5:{s:2:\\\"id\\\";i:1;s:5:\\\"color\\\";s:9:\\\"lightpink\\\";s:6:\\\"status\\\";i:1;s:10:\\\"created_at\\\";s:27:\\\"2024-09-09T15:23:24.000000Z\\\";s:10:\\\"updated_at\\\";s:27:\\\"2024-09-09T15:23:24.000000Z\\\";}s:5:\\\"image\\\";s:30:\\\"01J7BPBC0Q7656G5Q49ZDASFPD.jpg\\\";s:10:\\\"product_id\\\";i:1;}i:6;a:3:{s:5:\\\"color\\\";a:5:{s:2:\\\"id\\\";i:4;s:5:\\\"color\\\";s:6:\\\"purple\\\";s:6:\\\"status\\\";i:1;s:10:\\\"created_at\\\";s:27:\\\"2024-09-09T15:23:56.000000Z\\\";s:10:\\\"updated_at\\\";s:27:\\\"2024-09-09T15:23:56.000000Z\\\";}s:5:\\\"image\\\";s:30:\\\"01J7BPBC0XMDM5RCY3QYWRY2D9.jpg\\\";s:10:\\\"product_id\\\";i:1;}}s:6:\\\"orders\\\";a:2:{i:0;a:15:{s:2:\\\"id\\\";i:43;s:10:\\\"first_name\\\";s:6:\\\"Hashim\\\";s:9:\\\"last_name\\\";s:5:\\\"abbas\\\";s:14:\\\"street_address\\\";s:10:\\\"First foor\\\";s:9:\\\"apartment\\\";s:14:\\\"ruqayya manzil\\\";s:4:\\\"city\\\";s:7:\\\"Karachi\\\";s:5:\\\"email\\\";s:22:\\\"habbas2121@outlook.com\\\";s:5:\\\"phone\\\";s:11:\\\"03352786778\\\";s:11:\\\"order_notes\\\";N;s:6:\\\"status\\\";i:0;s:7:\\\"user_id\\\";i:1;s:10:\\\"created_at\\\";s:27:\\\"2024-09-24T12:23:41.000000Z\\\";s:10:\\\"updated_at\\\";s:27:\\\"2024-09-24T12:23:41.000000Z\\\";s:15:\\\"tracking_number\\\";N;s:5:\\\"pivot\\\";a:2:{s:10:\\\"product_id\\\";i:1;s:8:\\\"order_id\\\";i:43;}}i:1;a:15:{s:2:\\\"id\\\";i:44;s:10:\\\"first_name\\\";s:6:\\\"Hashim\\\";s:9:\\\"last_name\\\";s:5:\\\"abbas\\\";s:14:\\\"street_address\\\";s:10:\\\"First foor\\\";s:9:\\\"apartment\\\";s:14:\\\"ruqayya manzil\\\";s:4:\\\"city\\\";s:16:\\\"KOT RADHA KISHAN\\\";s:5:\\\"email\\\";s:22:\\\"habbas2121@outlook.com\\\";s:5:\\\"phone\\\";s:11:\\\"03352786778\\\";s:11:\\\"order_notes\\\";N;s:6:\\\"status\\\";i:0;s:7:\\\"user_id\\\";i:1;s:10:\\\"created_at\\\";s:27:\\\"2024-09-24T14:57:35.000000Z\\\";s:10:\\\"updated_at\\\";s:27:\\\"2024-09-24T14:57:35.000000Z\\\";s:15:\\\"tracking_number\\\";N;s:5:\\\"pivot\\\";a:2:{s:10:\\\"product_id\\\";i:1;s:8:\\\"order_id\\\";i:44;}}}s:10:\\\"categories\\\";a:1:{i:0;a:7:{s:2:\\\"id\\\";i:1;s:6:\\\"status\\\";i:1;s:8:\\\"category\\\";s:7:\\\"Scarves\\\";s:14:\\\"subcategory_id\\\";N;s:10:\\\"created_at\\\";s:27:\\\"2024-09-09T15:21:08.000000Z\\\";s:10:\\\"updated_at\\\";s:27:\\\"2024-09-09T15:21:08.000000Z\\\";s:5:\\\"pivot\\\";a:2:{s:10:\\\"product_id\\\";i:1;s:11:\\\"category_id\\\";i:1;}}}s:7:\\\"variant\\\";s:30:\\\"01J7BPBC0XMDM5RCY3QYWRY2D9.jpg\\\";}i:1;a:15:{s:2:\\\"id\\\";i:1;s:5:\\\"title\\\";s:23:\\\"China chiffon georgate \\\";s:5:\\\"price\\\";i:550;s:9:\\\"new_price\\\";N;s:11:\\\"description\\\";s:61:\\\"China chiffon georgate \\nSize 34 ×72\\nContect 👉 03002862366\\\";s:8:\\\"quantity\\\";i:1;s:6:\\\"status\\\";i:0;s:10:\\\"created_at\\\";s:27:\\\"2024-09-09T15:27:31.000000Z\\\";s:10:\\\"updated_at\\\";s:27:\\\"2024-09-09T15:27:31.000000Z\\\";s:8:\\\"color_id\\\";N;s:17:\\\"extra_description\\\";s:68:\\\"<p>China chiffon georgate&nbsp;<\\/p><p>Size 34 ×72<\\/p><p>Contect<\\/p>\\\";s:6:\\\"images\\\";a:7:{i:0;a:3:{s:5:\\\"color\\\";a:5:{s:2:\\\"id\\\";i:1;s:5:\\\"color\\\";s:9:\\\"lightpink\\\";s:6:\\\"status\\\";i:1;s:10:\\\"created_at\\\";s:27:\\\"2024-09-09T15:23:24.000000Z\\\";s:10:\\\"updated_at\\\";s:27:\\\"2024-09-09T15:23:24.000000Z\\\";}s:5:\\\"image\\\";s:30:\\\"01J7BPBBYF69TF8DVA1GSYQC9N.jpg\\\";s:10:\\\"product_id\\\";i:1;}i:1;a:3:{s:5:\\\"color\\\";a:5:{s:2:\\\"id\\\";i:2;s:5:\\\"color\\\";s:4:\\\"gray\\\";s:6:\\\"status\\\";i:1;s:10:\\\"created_at\\\";s:27:\\\"2024-09-09T15:23:29.000000Z\\\";s:10:\\\"updated_at\\\";s:27:\\\"2024-09-09T15:23:29.000000Z\\\";}s:5:\\\"image\\\";s:30:\\\"01J7BPBBYYSY31NV4AAEZ75Q8P.jpg\\\";s:10:\\\"product_id\\\";i:1;}i:2;a:3:{s:5:\\\"color\\\";a:5:{s:2:\\\"id\\\";i:4;s:5:\\\"color\\\";s:6:\\\"purple\\\";s:6:\\\"status\\\";i:1;s:10:\\\"created_at\\\";s:27:\\\"2024-09-09T15:23:56.000000Z\\\";s:10:\\\"updated_at\\\";s:27:\\\"2024-09-09T15:23:56.000000Z\\\";}s:5:\\\"image\\\";s:30:\\\"01J7BPBBZ5NTHR9SR6FNVWDYQM.jpg\\\";s:10:\\\"product_id\\\";i:1;}i:3;a:3:{s:5:\\\"color\\\";a:5:{s:2:\\\"id\\\";i:2;s:5:\\\"color\\\";s:4:\\\"gray\\\";s:6:\\\"status\\\";i:1;s:10:\\\"created_at\\\";s:27:\\\"2024-09-09T15:23:29.000000Z\\\";s:10:\\\"updated_at\\\";s:27:\\\"2024-09-09T15:23:29.000000Z\\\";}s:5:\\\"image\\\";s:30:\\\"01J7BPBBZCQRQZHM5XVVD0H22X.jpg\\\";s:10:\\\"product_id\\\";i:1;}i:4;a:3:{s:5:\\\"color\\\";a:5:{s:2:\\\"id\\\";i:3;s:5:\\\"color\\\";s:4:\\\"blue\\\";s:6:\\\"status\\\";i:1;s:10:\\\"created_at\\\";s:27:\\\"2024-09-09T15:23:51.000000Z\\\";s:10:\\\"updated_at\\\";s:27:\\\"2024-09-09T15:23:51.000000Z\\\";}s:5:\\\"image\\\";s:30:\\\"01J7BPBC0B2SXC2KSGQEFES0HY.jpg\\\";s:10:\\\"product_id\\\";i:1;}i:5;a:3:{s:5:\\\"color\\\";a:5:{s:2:\\\"id\\\";i:1;s:5:\\\"color\\\";s:9:\\\"lightpink\\\";s:6:\\\"status\\\";i:1;s:10:\\\"created_at\\\";s:27:\\\"2024-09-09T15:23:24.000000Z\\\";s:10:\\\"updated_at\\\";s:27:\\\"2024-09-09T15:23:24.000000Z\\\";}s:5:\\\"image\\\";s:30:\\\"01J7BPBC0Q7656G5Q49ZDASFPD.jpg\\\";s:10:\\\"product_id\\\";i:1;}i:6;a:3:{s:5:\\\"color\\\";a:5:{s:2:\\\"id\\\";i:4;s:5:\\\"color\\\";s:6:\\\"purple\\\";s:6:\\\"status\\\";i:1;s:10:\\\"created_at\\\";s:27:\\\"2024-09-09T15:23:56.000000Z\\\";s:10:\\\"updated_at\\\";s:27:\\\"2024-09-09T15:23:56.000000Z\\\";}s:5:\\\"image\\\";s:30:\\\"01J7BPBC0XMDM5RCY3QYWRY2D9.jpg\\\";s:10:\\\"product_id\\\";i:1;}}s:6:\\\"orders\\\";a:2:{i:0;a:15:{s:2:\\\"id\\\";i:43;s:10:\\\"first_name\\\";s:6:\\\"Hashim\\\";s:9:\\\"last_name\\\";s:5:\\\"abbas\\\";s:14:\\\"street_address\\\";s:10:\\\"First foor\\\";s:9:\\\"apartment\\\";s:14:\\\"ruqayya manzil\\\";s:4:\\\"city\\\";s:7:\\\"Karachi\\\";s:5:\\\"email\\\";s:22:\\\"habbas2121@outlook.com\\\";s:5:\\\"phone\\\";s:11:\\\"03352786778\\\";s:11:\\\"order_notes\\\";N;s:6:\\\"status\\\";i:0;s:7:\\\"user_id\\\";i:1;s:10:\\\"created_at\\\";s:27:\\\"2024-09-24T12:23:41.000000Z\\\";s:10:\\\"updated_at\\\";s:27:\\\"2024-09-24T12:23:41.000000Z\\\";s:15:\\\"tracking_number\\\";N;s:5:\\\"pivot\\\";a:2:{s:10:\\\"product_id\\\";i:1;s:8:\\\"order_id\\\";i:43;}}i:1;a:15:{s:2:\\\"id\\\";i:44;s:10:\\\"first_name\\\";s:6:\\\"Hashim\\\";s:9:\\\"last_name\\\";s:5:\\\"abbas\\\";s:14:\\\"street_address\\\";s:10:\\\"First foor\\\";s:9:\\\"apartment\\\";s:14:\\\"ruqayya manzil\\\";s:4:\\\"city\\\";s:16:\\\"KOT RADHA KISHAN\\\";s:5:\\\"email\\\";s:22:\\\"habbas2121@outlook.com\\\";s:5:\\\"phone\\\";s:11:\\\"03352786778\\\";s:11:\\\"order_notes\\\";N;s:6:\\\"status\\\";i:0;s:7:\\\"user_id\\\";i:1;s:10:\\\"created_at\\\";s:27:\\\"2024-09-24T14:57:35.000000Z\\\";s:10:\\\"updated_at\\\";s:27:\\\"2024-09-24T14:57:35.000000Z\\\";s:15:\\\"tracking_number\\\";N;s:5:\\\"pivot\\\";a:2:{s:10:\\\"product_id\\\";i:1;s:8:\\\"order_id\\\";i:44;}}}s:10:\\\"categories\\\";a:1:{i:0;a:7:{s:2:\\\"id\\\";i:1;s:6:\\\"status\\\";i:1;s:8:\\\"category\\\";s:7:\\\"Scarves\\\";s:14:\\\"subcategory_id\\\";N;s:10:\\\"created_at\\\";s:27:\\\"2024-09-09T15:21:08.000000Z\\\";s:10:\\\"updated_at\\\";s:27:\\\"2024-09-09T15:21:08.000000Z\\\";s:5:\\\"pivot\\\";a:2:{s:10:\\\"product_id\\\";i:1;s:11:\\\"category_id\\\";i:1;}}}s:7:\\\"variant\\\";s:30:\\\"01J7BPBC0B2SXC2KSGQEFES0HY.jpg\\\";}i:2;a:15:{s:2:\\\"id\\\";i:2;s:5:\\\"title\\\";s:16:\\\"Fancy Hijab Caps\\\";s:5:\\\"price\\\";i:1000;s:9:\\\"new_price\\\";N;s:11:\\\"description\\\";s:123:\\\"Fancy Hijab Caps\\n100 Design Available\\nFabric Soft Cotton Jersey \\nSize Standard \\n5 Caps Just 1,000 PKR. (shipping excluding)\\\";s:8:\\\"quantity\\\";s:1:\\\"5\\\";s:6:\\\"status\\\";i:1;s:10:\\\"created_at\\\";s:27:\\\"2024-09-09T15:39:01.000000Z\\\";s:10:\\\"updated_at\\\";s:27:\\\"2024-09-12T18:59:37.000000Z\\\";s:8:\\\"color_id\\\";N;s:17:\\\"extra_description\\\";s:164:\\\"<p>Fancy Hijab Caps<\\/p><p>100 Design Available<\\/p><p>Fabric Soft Cotton Jersey&nbsp;<\\/p><p>Size Standard&nbsp;<\\/p><p>5 Caps Just 1,000 PKR. (shipping excluding)<\\/p>\\\";s:6:\\\"images\\\";a:9:{i:0;a:3:{s:5:\\\"color\\\";N;s:5:\\\"image\\\";s:30:\\\"01J7BQ0E6VAJ60PF6MNN2KJHW8.jpg\\\";s:10:\\\"product_id\\\";i:2;}i:1;a:3:{s:5:\\\"color\\\";a:5:{s:2:\\\"id\\\";i:7;s:5:\\\"color\\\";s:5:\\\"beige\\\";s:6:\\\"status\\\";i:1;s:10:\\\"created_at\\\";s:27:\\\"2024-09-09T15:34:13.000000Z\\\";s:10:\\\"updated_at\\\";s:27:\\\"2024-09-09T15:34:13.000000Z\\\";}s:5:\\\"image\\\";s:30:\\\"01J7BQ0E7YPA9DWP1M2N51GHS7.jpg\\\";s:10:\\\"product_id\\\";i:2;}i:2;a:3:{s:5:\\\"color\\\";a:5:{s:2:\\\"id\\\";i:6;s:5:\\\"color\\\";s:10:\\\"black&gold\\\";s:6:\\\"status\\\";i:1;s:10:\\\"created_at\\\";s:27:\\\"2024-09-09T15:32:14.000000Z\\\";s:10:\\\"updated_at\\\";s:27:\\\"2024-09-09T15:32:14.000000Z\\\";}s:5:\\\"image\\\";s:30:\\\"01J7BQ0E8FE6Q1FTDGPKFR7178.jpg\\\";s:10:\\\"product_id\\\";i:2;}i:3;a:3:{s:5:\\\"color\\\";a:5:{s:2:\\\"id\\\";i:7;s:5:\\\"color\\\";s:5:\\\"beige\\\";s:6:\\\"status\\\";i:1;s:10:\\\"created_at\\\";s:27:\\\"2024-09-09T15:34:13.000000Z\\\";s:10:\\\"updated_at\\\";s:27:\\\"2024-09-09T15:34:13.000000Z\\\";}s:5:\\\"image\\\";s:30:\\\"01J7BQ0E8X91P312PSQ8GS83BJ.jpg\\\";s:10:\\\"product_id\\\";i:2;}i:4;a:3:{s:5:\\\"color\\\";a:5:{s:2:\\\"id\\\";i:3;s:5:\\\"color\\\";s:4:\\\"blue\\\";s:6:\\\"status\\\";i:1;s:10:\\\"created_at\\\";s:27:\\\"2024-09-09T15:23:51.000000Z\\\";s:10:\\\"updated_at\\\";s:27:\\\"2024-09-09T15:23:51.000000Z\\\";}s:5:\\\"image\\\";s:30:\\\"01J7BQ0E94DHHMK4MX68H02WMK.jpg\\\";s:10:\\\"product_id\\\";i:2;}i:5;a:3:{s:5:\\\"color\\\";a:5:{s:2:\\\"id\\\";i:5;s:5:\\\"color\\\";s:5:\\\"white\\\";s:6:\\\"status\\\";i:1;s:10:\\\"created_at\\\";s:27:\\\"2024-09-09T15:31:24.000000Z\\\";s:10:\\\"updated_at\\\";s:27:\\\"2024-09-09T15:31:24.000000Z\\\";}s:5:\\\"image\\\";s:30:\\\"01J7BQ0E9E3CCMV0H07ADVJ0KJ.jpg\\\";s:10:\\\"product_id\\\";i:2;}i:6;a:3:{s:5:\\\"color\\\";a:5:{s:2:\\\"id\\\";i:6;s:5:\\\"color\\\";s:10:\\\"black&gold\\\";s:6:\\\"status\\\";i:1;s:10:\\\"created_at\\\";s:27:\\\"2024-09-09T15:32:14.000000Z\\\";s:10:\\\"updated_at\\\";s:27:\\\"2024-09-09T15:32:14.000000Z\\\";}s:5:\\\"image\\\";s:30:\\\"01J7BQ0E9N5R1EVBCAE2ASJNYK.jpg\\\";s:10:\\\"product_id\\\";i:2;}i:7;a:3:{s:5:\\\"color\\\";a:5:{s:2:\\\"id\\\";i:6;s:5:\\\"color\\\";s:10:\\\"black&gold\\\";s:6:\\\"status\\\";i:1;s:10:\\\"created_at\\\";s:27:\\\"2024-09-09T15:32:14.000000Z\\\";s:10:\\\"updated_at\\\";s:27:\\\"2024-09-09T15:32:14.000000Z\\\";}s:5:\\\"image\\\";s:30:\\\"01J7BQ0EA26TPFG5RPYDVMQPAY.jpg\\\";s:10:\\\"product_id\\\";i:2;}i:8;a:3:{s:5:\\\"color\\\";a:5:{s:2:\\\"id\\\";i:6;s:5:\\\"color\\\";s:10:\\\"black&gold\\\";s:6:\\\"status\\\";i:1;s:10:\\\"created_at\\\";s:27:\\\"2024-09-09T15:32:14.000000Z\\\";s:10:\\\"updated_at\\\";s:27:\\\"2024-09-09T15:32:14.000000Z\\\";}s:5:\\\"image\\\";s:30:\\\"01J7BQ0EA8717DAJM7XHK7QH79.jpg\\\";s:10:\\\"product_id\\\";i:2;}}s:6:\\\"orders\\\";a:2:{i:0;a:15:{s:2:\\\"id\\\";i:40;s:10:\\\"first_name\\\";s:6:\\\"Hashim\\\";s:9:\\\"last_name\\\";s:5:\\\"abbas\\\";s:14:\\\"street_address\\\";s:10:\\\"First foor\\\";s:9:\\\"apartment\\\";s:14:\\\"ruqayya manzil\\\";s:4:\\\"city\\\";s:7:\\\"Karachi\\\";s:5:\\\"email\\\";s:22:\\\"habbas2121@outlook.com\\\";s:5:\\\"phone\\\";s:11:\\\"03352786778\\\";s:11:\\\"order_notes\\\";N;s:6:\\\"status\\\";i:0;s:7:\\\"user_id\\\";i:1;s:10:\\\"created_at\\\";s:27:\\\"2024-09-22T08:44:33.000000Z\\\";s:10:\\\"updated_at\\\";s:27:\\\"2024-09-22T08:44:35.000000Z\\\";s:15:\\\"tracking_number\\\";s:14:\\\"27055730000205\\\";s:5:\\\"pivot\\\";a:2:{s:10:\\\"product_id\\\";i:2;s:8:\\\"order_id\\\";i:40;}}i:1;a:15:{s:2:\\\"id\\\";i:44;s:10:\\\"first_name\\\";s:6:\\\"Hashim\\\";s:9:\\\"last_name\\\";s:5:\\\"abbas\\\";s:14:\\\"street_address\\\";s:10:\\\"First foor\\\";s:9:\\\"apartment\\\";s:14:\\\"ruqayya manzil\\\";s:4:\\\"city\\\";s:16:\\\"KOT RADHA KISHAN\\\";s:5:\\\"email\\\";s:22:\\\"habbas2121@outlook.com\\\";s:5:\\\"phone\\\";s:11:\\\"03352786778\\\";s:11:\\\"order_notes\\\";N;s:6:\\\"status\\\";i:0;s:7:\\\"user_id\\\";i:1;s:10:\\\"created_at\\\";s:27:\\\"2024-09-24T14:57:35.000000Z\\\";s:10:\\\"updated_at\\\";s:27:\\\"2024-09-24T14:57:35.000000Z\\\";s:15:\\\"tracking_number\\\";N;s:5:\\\"pivot\\\";a:2:{s:10:\\\"product_id\\\";i:2;s:8:\\\"order_id\\\";i:44;}}}s:10:\\\"categories\\\";a:0:{}s:7:\\\"variant\\\";s:30:\\\"01J7BQ0E9E3CCMV0H07ADVJ0KJ.jpg\\\";}i:3;a:15:{s:2:\\\"id\\\";i:2;s:5:\\\"title\\\";s:16:\\\"Fancy Hijab Caps\\\";s:5:\\\"price\\\";i:1000;s:9:\\\"new_price\\\";N;s:11:\\\"description\\\";s:123:\\\"Fancy Hijab Caps\\n100 Design Available\\nFabric Soft Cotton Jersey \\nSize Standard \\n5 Caps Just 1,000 PKR. (shipping excluding)\\\";s:8:\\\"quantity\\\";s:1:\\\"5\\\";s:6:\\\"status\\\";i:1;s:10:\\\"created_at\\\";s:27:\\\"2024-09-09T15:39:01.000000Z\\\";s:10:\\\"updated_at\\\";s:27:\\\"2024-09-12T18:59:37.000000Z\\\";s:8:\\\"color_id\\\";N;s:17:\\\"extra_description\\\";s:164:\\\"<p>Fancy Hijab Caps<\\/p><p>100 Design Available<\\/p><p>Fabric Soft Cotton Jersey&nbsp;<\\/p><p>Size Standard&nbsp;<\\/p><p>5 Caps Just 1,000 PKR. (shipping excluding)<\\/p>\\\";s:6:\\\"images\\\";a:9:{i:0;a:3:{s:5:\\\"color\\\";N;s:5:\\\"image\\\";s:30:\\\"01J7BQ0E6VAJ60PF6MNN2KJHW8.jpg\\\";s:10:\\\"product_id\\\";i:2;}i:1;a:3:{s:5:\\\"color\\\";a:5:{s:2:\\\"id\\\";i:7;s:5:\\\"color\\\";s:5:\\\"beige\\\";s:6:\\\"status\\\";i:1;s:10:\\\"created_at\\\";s:27:\\\"2024-09-09T15:34:13.000000Z\\\";s:10:\\\"updated_at\\\";s:27:\\\"2024-09-09T15:34:13.000000Z\\\";}s:5:\\\"image\\\";s:30:\\\"01J7BQ0E7YPA9DWP1M2N51GHS7.jpg\\\";s:10:\\\"product_id\\\";i:2;}i:2;a:3:{s:5:\\\"color\\\";a:5:{s:2:\\\"id\\\";i:6;s:5:\\\"color\\\";s:10:\\\"black&gold\\\";s:6:\\\"status\\\";i:1;s:10:\\\"created_at\\\";s:27:\\\"2024-09-09T15:32:14.000000Z\\\";s:10:\\\"updated_at\\\";s:27:\\\"2024-09-09T15:32:14.000000Z\\\";}s:5:\\\"image\\\";s:30:\\\"01J7BQ0E8FE6Q1FTDGPKFR7178.jpg\\\";s:10:\\\"product_id\\\";i:2;}i:3;a:3:{s:5:\\\"color\\\";a:5:{s:2:\\\"id\\\";i:7;s:5:\\\"color\\\";s:5:\\\"beige\\\";s:6:\\\"status\\\";i:1;s:10:\\\"created_at\\\";s:27:\\\"2024-09-09T15:34:13.000000Z\\\";s:10:\\\"updated_at\\\";s:27:\\\"2024-09-09T15:34:13.000000Z\\\";}s:5:\\\"image\\\";s:30:\\\"01J7BQ0E8X91P312PSQ8GS83BJ.jpg\\\";s:10:\\\"product_id\\\";i:2;}i:4;a:3:{s:5:\\\"color\\\";a:5:{s:2:\\\"id\\\";i:3;s:5:\\\"color\\\";s:4:\\\"blue\\\";s:6:\\\"status\\\";i:1;s:10:\\\"created_at\\\";s:27:\\\"2024-09-09T15:23:51.000000Z\\\";s:10:\\\"updated_at\\\";s:27:\\\"2024-09-09T15:23:51.000000Z\\\";}s:5:\\\"image\\\";s:30:\\\"01J7BQ0E94DHHMK4MX68H02WMK.jpg\\\";s:10:\\\"product_id\\\";i:2;}i:5;a:3:{s:5:\\\"color\\\";a:5:{s:2:\\\"id\\\";i:5;s:5:\\\"color\\\";s:5:\\\"white\\\";s:6:\\\"status\\\";i:1;s:10:\\\"created_at\\\";s:27:\\\"2024-09-09T15:31:24.000000Z\\\";s:10:\\\"updated_at\\\";s:27:\\\"2024-09-09T15:31:24.000000Z\\\";}s:5:\\\"image\\\";s:30:\\\"01J7BQ0E9E3CCMV0H07ADVJ0KJ.jpg\\\";s:10:\\\"product_id\\\";i:2;}i:6;a:3:{s:5:\\\"color\\\";a:5:{s:2:\\\"id\\\";i:6;s:5:\\\"color\\\";s:10:\\\"black&gold\\\";s:6:\\\"status\\\";i:1;s:10:\\\"created_at\\\";s:27:\\\"2024-09-09T15:32:14.000000Z\\\";s:10:\\\"updated_at\\\";s:27:\\\"2024-09-09T15:32:14.000000Z\\\";}s:5:\\\"image\\\";s:30:\\\"01J7BQ0E9N5R1EVBCAE2ASJNYK.jpg\\\";s:10:\\\"product_id\\\";i:2;}i:7;a:3:{s:5:\\\"color\\\";a:5:{s:2:\\\"id\\\";i:6;s:5:\\\"color\\\";s:10:\\\"black&gold\\\";s:6:\\\"status\\\";i:1;s:10:\\\"created_at\\\";s:27:\\\"2024-09-09T15:32:14.000000Z\\\";s:10:\\\"updated_at\\\";s:27:\\\"2024-09-09T15:32:14.000000Z\\\";}s:5:\\\"image\\\";s:30:\\\"01J7BQ0EA26TPFG5RPYDVMQPAY.jpg\\\";s:10:\\\"product_id\\\";i:2;}i:8;a:3:{s:5:\\\"color\\\";a:5:{s:2:\\\"id\\\";i:6;s:5:\\\"color\\\";s:10:\\\"black&gold\\\";s:6:\\\"status\\\";i:1;s:10:\\\"created_at\\\";s:27:\\\"2024-09-09T15:32:14.000000Z\\\";s:10:\\\"updated_at\\\";s:27:\\\"2024-09-09T15:32:14.000000Z\\\";}s:5:\\\"image\\\";s:30:\\\"01J7BQ0EA8717DAJM7XHK7QH79.jpg\\\";s:10:\\\"product_id\\\";i:2;}}s:6:\\\"orders\\\";a:2:{i:0;a:15:{s:2:\\\"id\\\";i:40;s:10:\\\"first_name\\\";s:6:\\\"Hashim\\\";s:9:\\\"last_name\\\";s:5:\\\"abbas\\\";s:14:\\\"street_address\\\";s:10:\\\"First foor\\\";s:9:\\\"apartment\\\";s:14:\\\"ruqayya manzil\\\";s:4:\\\"city\\\";s:7:\\\"Karachi\\\";s:5:\\\"email\\\";s:22:\\\"habbas2121@outlook.com\\\";s:5:\\\"phone\\\";s:11:\\\"03352786778\\\";s:11:\\\"order_notes\\\";N;s:6:\\\"status\\\";i:0;s:7:\\\"user_id\\\";i:1;s:10:\\\"created_at\\\";s:27:\\\"2024-09-22T08:44:33.000000Z\\\";s:10:\\\"updated_at\\\";s:27:\\\"2024-09-22T08:44:35.000000Z\\\";s:15:\\\"tracking_number\\\";s:14:\\\"27055730000205\\\";s:5:\\\"pivot\\\";a:2:{s:10:\\\"product_id\\\";i:2;s:8:\\\"order_id\\\";i:40;}}i:1;a:15:{s:2:\\\"id\\\";i:44;s:10:\\\"first_name\\\";s:6:\\\"Hashim\\\";s:9:\\\"last_name\\\";s:5:\\\"abbas\\\";s:14:\\\"street_address\\\";s:10:\\\"First foor\\\";s:9:\\\"apartment\\\";s:14:\\\"ruqayya manzil\\\";s:4:\\\"city\\\";s:16:\\\"KOT RADHA KISHAN\\\";s:5:\\\"email\\\";s:22:\\\"habbas2121@outlook.com\\\";s:5:\\\"phone\\\";s:11:\\\"03352786778\\\";s:11:\\\"order_notes\\\";N;s:6:\\\"status\\\";i:0;s:7:\\\"user_id\\\";i:1;s:10:\\\"created_at\\\";s:27:\\\"2024-09-24T14:57:35.000000Z\\\";s:10:\\\"updated_at\\\";s:27:\\\"2024-09-24T14:57:35.000000Z\\\";s:15:\\\"tracking_number\\\";N;s:5:\\\"pivot\\\";a:2:{s:10:\\\"product_id\\\";i:2;s:8:\\\"order_id\\\";i:44;}}}s:10:\\\"categories\\\";a:0:{}s:7:\\\"variant\\\";s:30:\\\"01J7BQ0E8FE6Q1FTDGPKFR7178.jpg\\\";}}s:2:\\\"to\\\";a:1:{i:0;a:2:{s:4:\\\"name\\\";N;s:7:\\\"address\\\";s:22:\\\"habbas2121@outlook.com\\\";}}s:6:\\\"mailer\\\";s:4:\\\"smtp\\\";}s:5:\\\"tries\\\";N;s:7:\\\"timeout\\\";N;s:13:\\\"maxExceptions\\\";N;s:17:\\\"shouldBeEncrypted\\\";b:0;s:10:\\\"connection\\\";N;s:5:\\\"queue\\\";N;s:5:\\\"delay\\\";N;s:11:\\\"afterCommit\\\";N;s:10:\\\"middleware\\\";a:0:{}s:7:\\\"chained\\\";a:0:{}s:15:\\\"chainConnection\\\";N;s:10:\\\"chainQueue\\\";N;s:19:\\\"chainCatchCallbacks\\\";N;s:3:\\\"job\\\";N;}\"}}', 0, NULL, 1727190009, 1727190009),
(16, 'default', '{\"uuid\":\"7b8683bc-d119-4438-a2ba-0dc084ed3218\",\"displayName\":\"App\\\\Mail\\\\PlacedOrder\",\"job\":\"Illuminate\\\\Queue\\\\CallQueuedHandler@call\",\"maxTries\":null,\"maxExceptions\":null,\"failOnTimeout\":false,\"backoff\":null,\"timeout\":null,\"retryUntil\":null,\"data\":{\"commandName\":\"Illuminate\\\\Mail\\\\SendQueuedMailable\",\"command\":\"O:34:\\\"Illuminate\\\\Mail\\\\SendQueuedMailable\\\":15:{s:8:\\\"mailable\\\";O:20:\\\"App\\\\Mail\\\\PlacedOrder\\\":3:{s:9:\\\"\\u0000*\\u0000orders\\\";a:1:{i:0;a:13:{s:2:\\\"id\\\";i:153;s:5:\\\"title\\\";s:13:\\\"China Sleeves\\\";s:5:\\\"price\\\";i:280;s:9:\\\"new_price\\\";N;s:11:\\\"description\\\";s:103:\\\"These are the sleeves consist of dual and cool colors. Clothing of these sleeves are very nice and cool\\\";s:8:\\\"quantity\\\";i:1;s:6:\\\"status\\\";i:1;s:10:\\\"created_at\\\";s:27:\\\"2024-09-26T15:30:32.000000Z\\\";s:10:\\\"updated_at\\\";s:27:\\\"2024-09-26T15:30:32.000000Z\\\";s:8:\\\"color_id\\\";N;s:17:\\\"extra_description\\\";s:110:\\\"<p>These are the sleeves consist of dual and cool colors. Clothing of these sleeves are very nice and cool<\\/p>\\\";s:12:\\\"orders_count\\\";i:0;s:7:\\\"variant\\\";s:30:\\\"01J8QF94439R4BRNJ8GG7J8897.jpg\\\";}}s:2:\\\"to\\\";a:1:{i:0;a:2:{s:4:\\\"name\\\";N;s:7:\\\"address\\\";s:22:\\\"habbas2121@outlook.com\\\";}}s:6:\\\"mailer\\\";s:4:\\\"smtp\\\";}s:5:\\\"tries\\\";N;s:7:\\\"timeout\\\";N;s:13:\\\"maxExceptions\\\";N;s:17:\\\"shouldBeEncrypted\\\";b:0;s:10:\\\"connection\\\";N;s:5:\\\"queue\\\";N;s:5:\\\"delay\\\";N;s:11:\\\"afterCommit\\\";N;s:10:\\\"middleware\\\";a:0:{}s:7:\\\"chained\\\";a:0:{}s:15:\\\"chainConnection\\\";N;s:10:\\\"chainQueue\\\";N;s:19:\\\"chainCatchCallbacks\\\";N;s:3:\\\"job\\\";N;}\"}}', 0, NULL, 1727702539, 1727702539),
(17, 'default', '{\"uuid\":\"7aa51a09-2b59-44d5-8259-485f966fa1b3\",\"displayName\":\"App\\\\Mail\\\\PlacedOrder\",\"job\":\"Illuminate\\\\Queue\\\\CallQueuedHandler@call\",\"maxTries\":null,\"maxExceptions\":null,\"failOnTimeout\":false,\"backoff\":null,\"timeout\":null,\"retryUntil\":null,\"data\":{\"commandName\":\"Illuminate\\\\Mail\\\\SendQueuedMailable\",\"command\":\"O:34:\\\"Illuminate\\\\Mail\\\\SendQueuedMailable\\\":15:{s:8:\\\"mailable\\\";O:20:\\\"App\\\\Mail\\\\PlacedOrder\\\":3:{s:9:\\\"\\u0000*\\u0000orders\\\";a:1:{i:0;a:14:{s:2:\\\"id\\\";i:153;s:5:\\\"title\\\";s:13:\\\"China Sleeves\\\";s:5:\\\"price\\\";i:280;s:9:\\\"new_price\\\";N;s:11:\\\"description\\\";s:103:\\\"These are the sleeves consist of dual and cool colors. Clothing of these sleeves are very nice and cool\\\";s:8:\\\"quantity\\\";s:1:\\\"3\\\";s:6:\\\"status\\\";i:1;s:10:\\\"created_at\\\";s:27:\\\"2024-09-26T15:30:32.000000Z\\\";s:10:\\\"updated_at\\\";s:27:\\\"2024-09-26T15:30:32.000000Z\\\";s:8:\\\"color_id\\\";N;s:17:\\\"extra_description\\\";s:110:\\\"<p>These are the sleeves consist of dual and cool colors. Clothing of these sleeves are very nice and cool<\\/p>\\\";s:5:\\\"pivot\\\";a:2:{s:7:\\\"user_id\\\";i:1;s:10:\\\"product_id\\\";i:153;}s:6:\\\"images\\\";a:7:{i:0;a:7:{s:2:\\\"id\\\";i:18;s:5:\\\"color\\\";s:1:\\\"1\\\";s:5:\\\"image\\\";s:30:\\\"01J8QF94439R4BRNJ8GG7J8897.jpg\\\";s:10:\\\"product_id\\\";i:153;s:10:\\\"created_at\\\";s:27:\\\"2024-09-26T15:30:32.000000Z\\\";s:10:\\\"updated_at\\\";s:27:\\\"2024-09-26T15:30:32.000000Z\\\";s:8:\\\"color_id\\\";N;}i:1;a:7:{s:2:\\\"id\\\";i:19;s:5:\\\"color\\\";s:2:\\\"10\\\";s:5:\\\"image\\\";s:30:\\\"01J8QF9453S4AQRAGQEY9D3AJR.jpg\\\";s:10:\\\"product_id\\\";i:153;s:10:\\\"created_at\\\";s:27:\\\"2024-09-26T15:30:32.000000Z\\\";s:10:\\\"updated_at\\\";s:27:\\\"2024-09-26T15:30:32.000000Z\\\";s:8:\\\"color_id\\\";N;}i:2;a:7:{s:2:\\\"id\\\";i:20;s:5:\\\"color\\\";s:1:\\\"9\\\";s:5:\\\"image\\\";s:30:\\\"01J8QF945AQZJ78SJCY4WGJ692.jpg\\\";s:10:\\\"product_id\\\";i:153;s:10:\\\"created_at\\\";s:27:\\\"2024-09-26T15:30:32.000000Z\\\";s:10:\\\"updated_at\\\";s:27:\\\"2024-09-26T15:30:32.000000Z\\\";s:8:\\\"color_id\\\";N;}i:3;a:7:{s:2:\\\"id\\\";i:21;s:5:\\\"color\\\";s:2:\\\"10\\\";s:5:\\\"image\\\";s:30:\\\"01J8QF945G3CBNCSPW0FQBBDV0.jpg\\\";s:10:\\\"product_id\\\";i:153;s:10:\\\"created_at\\\";s:27:\\\"2024-09-26T15:30:32.000000Z\\\";s:10:\\\"updated_at\\\";s:27:\\\"2024-09-26T15:30:32.000000Z\\\";s:8:\\\"color_id\\\";N;}i:4;a:7:{s:2:\\\"id\\\";i:22;s:5:\\\"color\\\";s:2:\\\"11\\\";s:5:\\\"image\\\";s:30:\\\"01J8QF945NKEYH2DGJ87442CEW.jpg\\\";s:10:\\\"product_id\\\";i:153;s:10:\\\"created_at\\\";s:27:\\\"2024-09-26T15:30:32.000000Z\\\";s:10:\\\"updated_at\\\";s:27:\\\"2024-09-26T15:30:32.000000Z\\\";s:8:\\\"color_id\\\";N;}i:5;a:7:{s:2:\\\"id\\\";i:23;s:5:\\\"color\\\";s:2:\\\"10\\\";s:5:\\\"image\\\";s:30:\\\"01J8QF945WZ3CYT3HVA13F8WJR.jpg\\\";s:10:\\\"product_id\\\";i:153;s:10:\\\"created_at\\\";s:27:\\\"2024-09-26T15:30:32.000000Z\\\";s:10:\\\"updated_at\\\";s:27:\\\"2024-09-26T15:30:32.000000Z\\\";s:8:\\\"color_id\\\";N;}i:6;a:7:{s:2:\\\"id\\\";i:24;s:5:\\\"color\\\";s:1:\\\"9\\\";s:5:\\\"image\\\";s:30:\\\"01J8QF9464VPKX372ZSPVSSSVZ.jpg\\\";s:10:\\\"product_id\\\";i:153;s:10:\\\"created_at\\\";s:27:\\\"2024-09-26T15:30:32.000000Z\\\";s:10:\\\"updated_at\\\";s:27:\\\"2024-09-26T15:30:32.000000Z\\\";s:8:\\\"color_id\\\";N;}}s:7:\\\"variant\\\";s:30:\\\"01J8QF94439R4BRNJ8GG7J8897.jpg\\\";}}s:2:\\\"to\\\";a:1:{i:0;a:2:{s:4:\\\"name\\\";N;s:7:\\\"address\\\";s:22:\\\"habbas2121@outlook.com\\\";}}s:6:\\\"mailer\\\";s:4:\\\"smtp\\\";}s:5:\\\"tries\\\";N;s:7:\\\"timeout\\\";N;s:13:\\\"maxExceptions\\\";N;s:17:\\\"shouldBeEncrypted\\\";b:0;s:10:\\\"connection\\\";N;s:5:\\\"queue\\\";N;s:5:\\\"delay\\\";N;s:11:\\\"afterCommit\\\";N;s:10:\\\"middleware\\\";a:0:{}s:7:\\\"chained\\\";a:0:{}s:15:\\\"chainConnection\\\";N;s:10:\\\"chainQueue\\\";N;s:19:\\\"chainCatchCallbacks\\\";N;s:3:\\\"job\\\";N;}\"}}', 0, NULL, 1727703117, 1727703117),
(18, 'default', '{\"uuid\":\"ed83025f-461c-4e81-8d46-0fb69eb10bcf\",\"displayName\":\"App\\\\Mail\\\\PlacedOrder\",\"job\":\"Illuminate\\\\Queue\\\\CallQueuedHandler@call\",\"maxTries\":null,\"maxExceptions\":null,\"failOnTimeout\":false,\"backoff\":null,\"timeout\":null,\"retryUntil\":null,\"data\":{\"commandName\":\"Illuminate\\\\Mail\\\\SendQueuedMailable\",\"command\":\"O:34:\\\"Illuminate\\\\Mail\\\\SendQueuedMailable\\\":15:{s:8:\\\"mailable\\\";O:20:\\\"App\\\\Mail\\\\PlacedOrder\\\":3:{s:9:\\\"\\u0000*\\u0000orders\\\";a:1:{i:0;a:14:{s:2:\\\"id\\\";i:154;s:5:\\\"title\\\";s:13:\\\"Irani Sleeves\\\";s:5:\\\"price\\\";i:400;s:9:\\\"new_price\\\";N;s:11:\\\"description\\\";s:64:\\\"Irani Sleeves that comes in various designs only in Black Colors\\\";s:8:\\\"quantity\\\";i:7;s:6:\\\"status\\\";i:1;s:10:\\\"created_at\\\";s:27:\\\"2024-09-26T15:36:55.000000Z\\\";s:10:\\\"updated_at\\\";s:27:\\\"2024-09-26T15:44:04.000000Z\\\";s:8:\\\"color_id\\\";N;s:17:\\\"extra_description\\\";s:71:\\\"<p>Irani Sleeves that comes in various designs only in Black Colors<\\/p>\\\";s:6:\\\"images\\\";a:5:{i:0;a:7:{s:2:\\\"id\\\";i:25;s:5:\\\"color\\\";s:2:\\\"12\\\";s:5:\\\"image\\\";s:30:\\\"01J8QFMSF7PN3Q4Q9WYJDXPKDM.jpg\\\";s:10:\\\"product_id\\\";i:154;s:10:\\\"created_at\\\";s:27:\\\"2024-09-26T15:36:55.000000Z\\\";s:10:\\\"updated_at\\\";s:27:\\\"2024-09-26T15:44:04.000000Z\\\";s:8:\\\"color_id\\\";N;}i:1;a:7:{s:2:\\\"id\\\";i:26;s:5:\\\"color\\\";s:2:\\\"12\\\";s:5:\\\"image\\\";s:30:\\\"01J8QFMSFFJT9GH53FAGXDXPC6.jpg\\\";s:10:\\\"product_id\\\";i:154;s:10:\\\"created_at\\\";s:27:\\\"2024-09-26T15:36:55.000000Z\\\";s:10:\\\"updated_at\\\";s:27:\\\"2024-09-26T15:44:04.000000Z\\\";s:8:\\\"color_id\\\";N;}i:2;a:7:{s:2:\\\"id\\\";i:27;s:5:\\\"color\\\";s:2:\\\"12\\\";s:5:\\\"image\\\";s:30:\\\"01J8QFMSFQM9QK2V3YKXEZQA7C.jpg\\\";s:10:\\\"product_id\\\";i:154;s:10:\\\"created_at\\\";s:27:\\\"2024-09-26T15:36:55.000000Z\\\";s:10:\\\"updated_at\\\";s:27:\\\"2024-09-26T15:44:04.000000Z\\\";s:8:\\\"color_id\\\";N;}i:3;a:7:{s:2:\\\"id\\\";i:28;s:5:\\\"color\\\";s:2:\\\"12\\\";s:5:\\\"image\\\";s:30:\\\"01J8QFMSG0BH4RZ4VDNYZDSKJF.jpg\\\";s:10:\\\"product_id\\\";i:154;s:10:\\\"created_at\\\";s:27:\\\"2024-09-26T15:36:55.000000Z\\\";s:10:\\\"updated_at\\\";s:27:\\\"2024-09-26T15:44:04.000000Z\\\";s:8:\\\"color_id\\\";N;}i:4;a:7:{s:2:\\\"id\\\";i:29;s:5:\\\"color\\\";s:2:\\\"12\\\";s:5:\\\"image\\\";s:30:\\\"01J8QFMSG8EQAAEEJQ8P7TFM26.jpg\\\";s:10:\\\"product_id\\\";i:154;s:10:\\\"created_at\\\";s:27:\\\"2024-09-26T15:36:55.000000Z\\\";s:10:\\\"updated_at\\\";s:27:\\\"2024-09-26T15:44:04.000000Z\\\";s:8:\\\"color_id\\\";N;}}s:10:\\\"categories\\\";a:1:{i:0;a:7:{s:2:\\\"id\\\";i:5;s:6:\\\"status\\\";i:1;s:8:\\\"category\\\";s:7:\\\"Sleeves\\\";s:14:\\\"subcategory_id\\\";N;s:10:\\\"created_at\\\";s:27:\\\"2024-09-26T15:19:28.000000Z\\\";s:10:\\\"updated_at\\\";s:27:\\\"2024-09-26T15:19:28.000000Z\\\";s:5:\\\"pivot\\\";a:2:{s:10:\\\"product_id\\\";i:154;s:11:\\\"category_id\\\";i:5;}}}s:7:\\\"variant\\\";s:30:\\\"01J8QFMSF7PN3Q4Q9WYJDXPKDM.jpg\\\";}}s:2:\\\"to\\\";a:1:{i:0;a:2:{s:4:\\\"name\\\";N;s:7:\\\"address\\\";s:22:\\\"habbas2121@outlook.com\\\";}}s:6:\\\"mailer\\\";s:4:\\\"smtp\\\";}s:5:\\\"tries\\\";N;s:7:\\\"timeout\\\";N;s:13:\\\"maxExceptions\\\";N;s:17:\\\"shouldBeEncrypted\\\";b:0;s:10:\\\"connection\\\";N;s:5:\\\"queue\\\";N;s:5:\\\"delay\\\";N;s:11:\\\"afterCommit\\\";N;s:10:\\\"middleware\\\";a:0:{}s:7:\\\"chained\\\";a:0:{}s:15:\\\"chainConnection\\\";N;s:10:\\\"chainQueue\\\";N;s:19:\\\"chainCatchCallbacks\\\";N;s:3:\\\"job\\\";N;}\"}}', 0, NULL, 1730135820, 1730135820),
(19, 'default', '{\"uuid\":\"ab11bb40-d8dc-4cdd-968d-db756fd19971\",\"displayName\":\"App\\\\Mail\\\\PlacedOrder\",\"job\":\"Illuminate\\\\Queue\\\\CallQueuedHandler@call\",\"maxTries\":null,\"maxExceptions\":null,\"failOnTimeout\":false,\"backoff\":null,\"timeout\":null,\"retryUntil\":null,\"data\":{\"commandName\":\"Illuminate\\\\Mail\\\\SendQueuedMailable\",\"command\":\"O:34:\\\"Illuminate\\\\Mail\\\\SendQueuedMailable\\\":15:{s:8:\\\"mailable\\\";O:20:\\\"App\\\\Mail\\\\PlacedOrder\\\":3:{s:9:\\\"\\u0000*\\u0000orders\\\";a:2:{i:0;a:13:{s:2:\\\"id\\\";i:153;s:5:\\\"title\\\";s:13:\\\"China Sleeves\\\";s:5:\\\"price\\\";i:280;s:9:\\\"new_price\\\";N;s:11:\\\"description\\\";s:103:\\\"These are the sleeves consist of dual and cool colors. Clothing of these sleeves are very nice and cool\\\";s:8:\\\"quantity\\\";i:1;s:6:\\\"status\\\";i:1;s:10:\\\"created_at\\\";s:27:\\\"2024-09-26T15:30:32.000000Z\\\";s:10:\\\"updated_at\\\";s:27:\\\"2024-09-26T15:30:32.000000Z\\\";s:8:\\\"color_id\\\";N;s:17:\\\"extra_description\\\";s:110:\\\"<p>These are the sleeves consist of dual and cool colors. Clothing of these sleeves are very nice and cool<\\/p>\\\";s:6:\\\"images\\\";a:7:{i:0;a:7:{s:2:\\\"id\\\";i:18;s:5:\\\"color\\\";s:1:\\\"1\\\";s:5:\\\"image\\\";s:30:\\\"01J8QF94439R4BRNJ8GG7J8897.jpg\\\";s:10:\\\"product_id\\\";i:153;s:10:\\\"created_at\\\";s:27:\\\"2024-09-26T15:30:32.000000Z\\\";s:10:\\\"updated_at\\\";s:27:\\\"2024-09-26T15:30:32.000000Z\\\";s:8:\\\"color_id\\\";N;}i:1;a:7:{s:2:\\\"id\\\";i:19;s:5:\\\"color\\\";s:2:\\\"10\\\";s:5:\\\"image\\\";s:30:\\\"01J8QF9453S4AQRAGQEY9D3AJR.jpg\\\";s:10:\\\"product_id\\\";i:153;s:10:\\\"created_at\\\";s:27:\\\"2024-09-26T15:30:32.000000Z\\\";s:10:\\\"updated_at\\\";s:27:\\\"2024-09-26T15:30:32.000000Z\\\";s:8:\\\"color_id\\\";N;}i:2;a:7:{s:2:\\\"id\\\";i:20;s:5:\\\"color\\\";s:1:\\\"9\\\";s:5:\\\"image\\\";s:30:\\\"01J8QF945AQZJ78SJCY4WGJ692.jpg\\\";s:10:\\\"product_id\\\";i:153;s:10:\\\"created_at\\\";s:27:\\\"2024-09-26T15:30:32.000000Z\\\";s:10:\\\"updated_at\\\";s:27:\\\"2024-09-26T15:30:32.000000Z\\\";s:8:\\\"color_id\\\";N;}i:3;a:7:{s:2:\\\"id\\\";i:21;s:5:\\\"color\\\";s:2:\\\"10\\\";s:5:\\\"image\\\";s:30:\\\"01J8QF945G3CBNCSPW0FQBBDV0.jpg\\\";s:10:\\\"product_id\\\";i:153;s:10:\\\"created_at\\\";s:27:\\\"2024-09-26T15:30:32.000000Z\\\";s:10:\\\"updated_at\\\";s:27:\\\"2024-09-26T15:30:32.000000Z\\\";s:8:\\\"color_id\\\";N;}i:4;a:7:{s:2:\\\"id\\\";i:22;s:5:\\\"color\\\";s:2:\\\"11\\\";s:5:\\\"image\\\";s:30:\\\"01J8QF945NKEYH2DGJ87442CEW.jpg\\\";s:10:\\\"product_id\\\";i:153;s:10:\\\"created_at\\\";s:27:\\\"2024-09-26T15:30:32.000000Z\\\";s:10:\\\"updated_at\\\";s:27:\\\"2024-09-26T15:30:32.000000Z\\\";s:8:\\\"color_id\\\";N;}i:5;a:7:{s:2:\\\"id\\\";i:23;s:5:\\\"color\\\";s:2:\\\"10\\\";s:5:\\\"image\\\";s:30:\\\"01J8QF945WZ3CYT3HVA13F8WJR.jpg\\\";s:10:\\\"product_id\\\";i:153;s:10:\\\"created_at\\\";s:27:\\\"2024-09-26T15:30:32.000000Z\\\";s:10:\\\"updated_at\\\";s:27:\\\"2024-09-26T15:30:32.000000Z\\\";s:8:\\\"color_id\\\";N;}i:6;a:7:{s:2:\\\"id\\\";i:24;s:5:\\\"color\\\";s:1:\\\"9\\\";s:5:\\\"image\\\";s:30:\\\"01J8QF9464VPKX372ZSPVSSSVZ.jpg\\\";s:10:\\\"product_id\\\";i:153;s:10:\\\"created_at\\\";s:27:\\\"2024-09-26T15:30:32.000000Z\\\";s:10:\\\"updated_at\\\";s:27:\\\"2024-09-26T15:30:32.000000Z\\\";s:8:\\\"color_id\\\";N;}}s:7:\\\"variant\\\";s:30:\\\"01J8QF94439R4BRNJ8GG7J8897.jpg\\\";}i:1;a:13:{s:2:\\\"id\\\";i:159;s:5:\\\"title\\\";s:23:\\\"Stuff chiffon Georgette\\\";s:5:\\\"price\\\";i:550;s:9:\\\"new_price\\\";N;s:11:\\\"description\\\";s:37:\\\"China chiffon Georgette \\nSize 34 ×72\\\";s:8:\\\"quantity\\\";i:1;s:6:\\\"status\\\";i:1;s:10:\\\"created_at\\\";s:27:\\\"2024-09-26T17:03:29.000000Z\\\";s:10:\\\"updated_at\\\";s:27:\\\"2024-09-26T17:03:29.000000Z\\\";s:8:\\\"color_id\\\";N;s:17:\\\"extra_description\\\";s:52:\\\"<p>China chiffon Georgette&nbsp;<br>Size 34 ×72<\\/p>\\\";s:6:\\\"images\\\";a:7:{i:0;a:7:{s:2:\\\"id\\\";i:37;s:5:\\\"color\\\";s:2:\\\"14\\\";s:5:\\\"image\\\";s:30:\\\"01J8QMK9Y6FD9QP596Q4AA3NDG.jpg\\\";s:10:\\\"product_id\\\";i:159;s:10:\\\"created_at\\\";s:27:\\\"2024-09-26T17:03:29.000000Z\\\";s:10:\\\"updated_at\\\";s:27:\\\"2024-09-26T17:03:29.000000Z\\\";s:8:\\\"color_id\\\";N;}i:1;a:7:{s:2:\\\"id\\\";i:38;s:5:\\\"color\\\";s:2:\\\"15\\\";s:5:\\\"image\\\";s:30:\\\"01J8QMK9YEHPQH8ZVNB9J4GKZ4.jpg\\\";s:10:\\\"product_id\\\";i:159;s:10:\\\"created_at\\\";s:27:\\\"2024-09-26T17:03:29.000000Z\\\";s:10:\\\"updated_at\\\";s:27:\\\"2024-09-26T17:03:29.000000Z\\\";s:8:\\\"color_id\\\";N;}i:2;a:7:{s:2:\\\"id\\\";i:39;s:5:\\\"color\\\";s:2:\\\"16\\\";s:5:\\\"image\\\";s:30:\\\"01J8QMK9YQ40G381GGH9HY2YV0.jpg\\\";s:10:\\\"product_id\\\";i:159;s:10:\\\"created_at\\\";s:27:\\\"2024-09-26T17:03:29.000000Z\\\";s:10:\\\"updated_at\\\";s:27:\\\"2024-09-26T17:03:29.000000Z\\\";s:8:\\\"color_id\\\";N;}i:3;a:7:{s:2:\\\"id\\\";i:40;s:5:\\\"color\\\";s:1:\\\"2\\\";s:5:\\\"image\\\";s:30:\\\"01J8QMKA0CWEN9ZFB68151P0H5.jpg\\\";s:10:\\\"product_id\\\";i:159;s:10:\\\"created_at\\\";s:27:\\\"2024-09-26T17:03:29.000000Z\\\";s:10:\\\"updated_at\\\";s:27:\\\"2024-09-26T17:03:29.000000Z\\\";s:8:\\\"color_id\\\";N;}i:4;a:7:{s:2:\\\"id\\\";i:41;s:5:\\\"color\\\";s:1:\\\"3\\\";s:5:\\\"image\\\";s:30:\\\"01J8QMKA0N5GDASMRXPN8B2DGM.jpg\\\";s:10:\\\"product_id\\\";i:159;s:10:\\\"created_at\\\";s:27:\\\"2024-09-26T17:03:29.000000Z\\\";s:10:\\\"updated_at\\\";s:27:\\\"2024-09-26T17:03:29.000000Z\\\";s:8:\\\"color_id\\\";N;}i:5;a:7:{s:2:\\\"id\\\";i:42;s:5:\\\"color\\\";s:2:\\\"17\\\";s:5:\\\"image\\\";s:30:\\\"01J8QMKA0ZPRW93J6T0SDEKS2Y.jpg\\\";s:10:\\\"product_id\\\";i:159;s:10:\\\"created_at\\\";s:27:\\\"2024-09-26T17:03:29.000000Z\\\";s:10:\\\"updated_at\\\";s:27:\\\"2024-09-26T17:03:29.000000Z\\\";s:8:\\\"color_id\\\";N;}i:6;a:7:{s:2:\\\"id\\\";i:43;s:5:\\\"color\\\";s:1:\\\"4\\\";s:5:\\\"image\\\";s:30:\\\"01J8QMKA17ZZG21FX6EHGYNKTT.jpg\\\";s:10:\\\"product_id\\\";i:159;s:10:\\\"created_at\\\";s:27:\\\"2024-09-26T17:03:29.000000Z\\\";s:10:\\\"updated_at\\\";s:27:\\\"2024-09-26T17:03:29.000000Z\\\";s:8:\\\"color_id\\\";N;}}s:7:\\\"variant\\\";s:30:\\\"01J8QMK9Y6FD9QP596Q4AA3NDG.jpg\\\";}}s:2:\\\"to\\\";a:1:{i:0;a:2:{s:4:\\\"name\\\";N;s:7:\\\"address\\\";s:22:\\\"habbas2121@outlook.com\\\";}}s:6:\\\"mailer\\\";s:4:\\\"smtp\\\";}s:5:\\\"tries\\\";N;s:7:\\\"timeout\\\";N;s:13:\\\"maxExceptions\\\";N;s:17:\\\"shouldBeEncrypted\\\";b:0;s:10:\\\"connection\\\";N;s:5:\\\"queue\\\";N;s:5:\\\"delay\\\";N;s:11:\\\"afterCommit\\\";N;s:10:\\\"middleware\\\";a:0:{}s:7:\\\"chained\\\";a:0:{}s:15:\\\"chainConnection\\\";N;s:10:\\\"chainQueue\\\";N;s:19:\\\"chainCatchCallbacks\\\";N;s:3:\\\"job\\\";N;}\"}}', 0, NULL, 1730137213, 1730137213);

-- --------------------------------------------------------

--
-- Table structure for table `job_batches`
--

CREATE TABLE `job_batches` (
  `id` varchar(255) NOT NULL,
  `name` varchar(255) NOT NULL,
  `total_jobs` int(11) NOT NULL,
  `pending_jobs` int(11) NOT NULL,
  `failed_jobs` int(11) NOT NULL,
  `failed_job_ids` longtext NOT NULL,
  `options` mediumtext DEFAULT NULL,
  `cancelled_at` int(11) DEFAULT NULL,
  `created_at` int(11) NOT NULL,
  `finished_at` int(11) DEFAULT NULL
) ENGINE=InnoDB DEFAULT CHARSET=utf8mb4 COLLATE=utf8mb4_unicode_ci;

-- --------------------------------------------------------

--
-- Table structure for table `migrations`
--

CREATE TABLE `migrations` (
  `id` int(10) UNSIGNED NOT NULL,
  `migration` varchar(255) NOT NULL,
  `batch` int(11) NOT NULL
) ENGINE=InnoDB DEFAULT CHARSET=utf8mb4 COLLATE=utf8mb4_unicode_ci;

--
-- Dumping data for table `migrations`
--

INSERT INTO `migrations` (`id`, `migration`, `batch`) VALUES
(1, '0001_01_01_000000_create_users_table', 1),
(2, '0001_01_01_000001_create_cache_table', 1),
(3, '0001_01_01_000002_create_jobs_table', 1),
(4, '2024_08_30_110721_create_products_table', 1),
(5, '2024_08_30_110925_create_images_table', 1),
(6, '2024_08_30_111204_create_categories_table', 1),
(7, '2024_08_30_111401_create_category_product_table', 1),
(8, '2024_08_30_111621_create_orders_table', 1),
(9, '2024_08_30_163525_create_order_product_table', 1),
(10, '2024_08_30_200004_create_colors_table', 1),
(11, '2024_08_30_200709_add_colors_to_products_table', 1),
(12, '2024_08_31_114135_create_colors_id_to_images_table', 1),
(13, '2024_08_31_114335_add_color_id_to_images_table', 1),
(14, '2024_09_05_083352_add_extra_description_to_products_table', 1),
(15, '2024_09_07_120527_add_role_to_users_table', 1),
(16, '2024_09_09_150205_create_settings_table', 1),
(17, '2024_09_14_150621_create_wishlist_table', 2),
(18, '2024_09_20_110519_add_tracking_number_to_orders_table', 3),
(19, '2024_09_24_101123_add_image_to_order_product_table', 4),
(20, '2024_09_26_125440_add_shipping_charges_to_settings_table', 5),
(21, '2024_10_28_175754_add_slug_to_products_table', 6);

-- --------------------------------------------------------

--
-- Table structure for table `orders`
--

CREATE TABLE `orders` (
  `id` bigint(20) UNSIGNED NOT NULL,
  `first_name` varchar(255) NOT NULL,
  `last_name` varchar(255) NOT NULL,
  `street_address` text NOT NULL,
  `apartment` text NOT NULL,
  `city` varchar(255) NOT NULL,
  `email` varchar(255) NOT NULL,
  `phone` varchar(255) NOT NULL,
  `order_notes` text DEFAULT NULL,
  `status` int(11) NOT NULL,
  `user_id` bigint(20) UNSIGNED DEFAULT NULL,
  `created_at` timestamp NULL DEFAULT NULL,
  `updated_at` timestamp NULL DEFAULT NULL,
  `tracking_number` varchar(255) DEFAULT NULL
) ENGINE=InnoDB DEFAULT CHARSET=utf8mb4 COLLATE=utf8mb4_unicode_ci;

--
-- Dumping data for table `orders`
--

INSERT INTO `orders` (`id`, `first_name`, `last_name`, `street_address`, `apartment`, `city`, `email`, `phone`, `order_notes`, `status`, `user_id`, `created_at`, `updated_at`, `tracking_number`) VALUES
(46, 'Hashim', 'abbas', 'First foor', 'ruqayya manzil', 'Karachi', 'habbas2121@outlook.com', '03352786778', NULL, 0, 1, '2024-09-30 08:22:15', '2024-09-30 08:22:16', '27055730000210'),
(47, 'Hashim', 'abbas', 'First foor', 'ruqayya manzil', 'Islamabad', 'habbas2121@outlook.com', '03352786778', NULL, 0, 1, '2024-09-30 08:31:55', '2024-09-30 08:31:57', '20055730000211'),
(48, 'Hashim', 'abbas', 'First foor', 'ruqayya manzil', 'Karachi', 'habbas2121@outlook.com', '03352786778', NULL, 0, NULL, '2024-10-28 12:16:55', '2024-10-28 12:16:56', '26055730000250'),
(49, 'Hashim', 'Abbas', 'Ruqayya manzil', 'Siraj colony', 'ABDUL HAKEEM', 'habbas2121@outlook.com', '03352786778', NULL, 0, 1, '2024-10-28 12:40:11', '2024-10-28 12:40:13', '20055730000251');

-- --------------------------------------------------------

--
-- Table structure for table `order_product`
--

CREATE TABLE `order_product` (
  `id` bigint(20) UNSIGNED NOT NULL,
  `order_id` bigint(20) UNSIGNED NOT NULL,
  `product_id` bigint(20) UNSIGNED NOT NULL,
  `quantity` int(11) NOT NULL,
  `price` double NOT NULL,
  `created_at` timestamp NULL DEFAULT NULL,
  `updated_at` timestamp NULL DEFAULT NULL,
  `variant` varchar(255) NOT NULL
) ENGINE=InnoDB DEFAULT CHARSET=utf8mb4 COLLATE=utf8mb4_unicode_ci;

--
-- Dumping data for table `order_product`
--

INSERT INTO `order_product` (`id`, `order_id`, `product_id`, `quantity`, `price`, `created_at`, `updated_at`, `variant`) VALUES
(51, 46, 153, 1, 280, NULL, NULL, '01J8QF94439R4BRNJ8GG7J8897.jpg'),
(52, 47, 153, 3, 280, NULL, NULL, '01J8QF94439R4BRNJ8GG7J8897.jpg'),
(53, 48, 154, 7, 400, NULL, NULL, '01J8QFMSF7PN3Q4Q9WYJDXPKDM.jpg'),
(54, 49, 153, 1, 280, NULL, NULL, '01J8QF94439R4BRNJ8GG7J8897.jpg'),
(55, 49, 159, 1, 550, NULL, NULL, '01J8QMK9Y6FD9QP596Q4AA3NDG.jpg');

-- --------------------------------------------------------

--
-- Table structure for table `password_reset_tokens`
--

CREATE TABLE `password_reset_tokens` (
  `email` varchar(255) NOT NULL,
  `token` varchar(255) NOT NULL,
  `created_at` timestamp NULL DEFAULT NULL
) ENGINE=InnoDB DEFAULT CHARSET=utf8mb4 COLLATE=utf8mb4_unicode_ci;

-- --------------------------------------------------------

--
-- Table structure for table `products`
--

CREATE TABLE `products` (
  `id` bigint(20) UNSIGNED NOT NULL,
  `title` varchar(255) NOT NULL,
  `price` double NOT NULL,
  `new_price` double DEFAULT NULL,
  `description` text NOT NULL,
  `quantity` int(11) NOT NULL,
  `status` tinyint(1) NOT NULL,
  `created_at` timestamp NULL DEFAULT NULL,
  `updated_at` timestamp NULL DEFAULT NULL,
  `color_id` bigint(20) UNSIGNED DEFAULT NULL,
  `extra_description` text DEFAULT NULL,
  `slug` varchar(255) NOT NULL
) ENGINE=InnoDB DEFAULT CHARSET=utf8mb4 COLLATE=utf8mb4_unicode_ci;

--
-- Dumping data for table `products`
--

INSERT INTO `products` (`id`, `title`, `price`, `new_price`, `description`, `quantity`, `status`, `created_at`, `updated_at`, `color_id`, `extra_description`, `slug`) VALUES
(153, 'China Sleeves', 280, NULL, 'These are the sleeves consist of dual and cool colors. Clothing of these sleeves are very nice and cool', 0, 1, '2024-09-26 10:30:32', '2024-10-28 13:16:30', NULL, '<p>These are the sleeves consist of dual and cool colors. Clothing of these sleeves are very nice and cool</p>', 'china-sleeves'),
(154, 'Irani Sleeves', 400, NULL, 'Irani Sleeves that comes in various designs only in Black Colors', 0, 1, '2024-09-26 10:36:55', '2024-10-28 13:16:30', NULL, '<p>Irani Sleeves that comes in various designs only in Black Colors</p>', 'irani-sleeves'),
(157, 'Shimmering Caps', 250, NULL, 'Shimmering caps \nStuff viscose Stretchable', 0, 1, '2024-09-26 11:48:42', '2024-10-28 13:16:30', NULL, '<p>Shimmering caps&nbsp;<br>Stuff viscose Stretchable</p>', 'shimmering-caps'),
(158, 'Ninja Cross Caps', 300, NULL, 'Ninja cross cap \nStuff soft cotton strachable \nSize head to neck cover \nMedium size ', 0, 1, '2024-09-26 11:54:04', '2024-10-28 13:16:30', NULL, '<p>Ninja cross cap&nbsp;</p><p>Stuff soft cotton strachable&nbsp;</p><p>Size head to neck cover&nbsp;</p><p>Medium size&nbsp;</p>', 'ninja-cross-caps'),
(159, 'Stuff chiffon Georgette', 550, NULL, 'China chiffon Georgette \nSize 34 ×72', 0, 1, '2024-09-26 12:03:29', '2024-10-28 13:16:30', NULL, '<p>China chiffon Georgette&nbsp;<br>Size 34 ×72</p>', 'stuff-chiffon-georgette');

-- --------------------------------------------------------

--
-- Table structure for table `sessions`
--

CREATE TABLE `sessions` (
  `id` varchar(255) NOT NULL,
  `user_id` bigint(20) UNSIGNED DEFAULT NULL,
  `ip_address` varchar(45) DEFAULT NULL,
  `user_agent` text DEFAULT NULL,
  `payload` longtext NOT NULL,
  `last_activity` int(11) NOT NULL
) ENGINE=InnoDB DEFAULT CHARSET=utf8mb4 COLLATE=utf8mb4_unicode_ci;

--
-- Dumping data for table `sessions`
--

INSERT INTO `sessions` (`id`, `user_id`, `ip_address`, `user_agent`, `payload`, `last_activity`) VALUES
('7nFQbFNHSwF4hNlWSKVh489PcHDfcMWt4ZeSkobr', NULL, '127.0.0.1', 'Mozilla/5.0 (Windows NT 10.0; Win64; x64) AppleWebKit/537.36 (KHTML, like Gecko) Chrome/130.0.0.0 Safari/537.36', 'YTo2OntzOjY6Il90b2tlbiI7czo0MDoicGpqMXNCYmdJa005RnQ1U3BpdjNQUW50dXI4N0hKeldINVFLaXFwQSI7czo4OiJzaGlwcGluZyI7czozOiIyNTAiO3M6OToiX3ByZXZpb3VzIjthOjE6e3M6MzoidXJsIjtzOjI3OiJodHRwOi8vMTI3LjAuMC4xOjgwMDAvdHJhY2siO31zOjY6Il9mbGFzaCI7YToyOntzOjM6Im9sZCI7YTowOnt9czozOiJuZXciO2E6MDp7fX1zOjQ6ImNhcnQiO2E6MDp7fXM6MTI6Im92ZXJhbGxQcmljZSI7aTowO30=', 1730311992);

-- --------------------------------------------------------

--
-- Table structure for table `settings`
--

CREATE TABLE `settings` (
  `id` bigint(20) UNSIGNED NOT NULL,
  `logo` varchar(255) NOT NULL,
  `phone` varchar(255) NOT NULL,
  `facebook_link` varchar(255) NOT NULL,
  `instagram_link` varchar(255) NOT NULL,
  `active` tinyint(1) NOT NULL,
  `created_at` timestamp NULL DEFAULT NULL,
  `updated_at` timestamp NULL DEFAULT NULL,
  `shipping_charges` varchar(255) NOT NULL
) ENGINE=InnoDB DEFAULT CHARSET=utf8mb4 COLLATE=utf8mb4_unicode_ci;

--
-- Dumping data for table `settings`
--

INSERT INTO `settings` (`id`, `logo`, `phone`, `facebook_link`, `instagram_link`, `active`, `created_at`, `updated_at`, `shipping_charges`) VALUES
(1, 'logo/logo.jpg', '8765432', '76543', 'dfdfdf', 1, NULL, '2024-09-26 07:54:05', '250');

-- --------------------------------------------------------

--
-- Table structure for table `users`
--

CREATE TABLE `users` (
  `id` bigint(20) UNSIGNED NOT NULL,
  `name` varchar(255) NOT NULL,
  `email` varchar(255) NOT NULL,
  `email_verified_at` timestamp NULL DEFAULT NULL,
  `password` varchar(255) NOT NULL,
  `remember_token` varchar(100) DEFAULT NULL,
  `created_at` timestamp NULL DEFAULT NULL,
  `updated_at` timestamp NULL DEFAULT NULL,
  `is_admin` tinyint(1) NOT NULL DEFAULT 0
) ENGINE=InnoDB DEFAULT CHARSET=utf8mb4 COLLATE=utf8mb4_unicode_ci;

--
-- Dumping data for table `users`
--

INSERT INTO `users` (`id`, `name`, `email`, `email_verified_at`, `password`, `remember_token`, `created_at`, `updated_at`, `is_admin`) VALUES
(1, 'hijabebatool', 'habbas21219@gmail.com', NULL, '$2y$12$TnO0lHwaajNdSNuq.0Dboe1Ni9uGLAiGNh0IbOFqjrdISXn9Y/FVK', NULL, '2024-09-09 10:18:43', '2024-09-09 10:18:43', 1),
(2, 'Abraham Crooks III', 'erdman.carmela@example.net', '2024-09-09 10:43:31', '$2y$12$RD2RbQmwt8F8fYvpGKBA1O3FzYQ1MJnzgTBEJkjvP4UuZFMT3aZ.6', 'dnXnaxSBPo', '2024-09-09 10:43:32', '2024-09-09 10:43:32', 0),
(3, 'Dr. Hallie Dooley II', 'wilderman.adan@example.net', '2024-09-09 10:43:32', '$2y$12$RD2RbQmwt8F8fYvpGKBA1O3FzYQ1MJnzgTBEJkjvP4UuZFMT3aZ.6', 'SSjdxbaeWe', '2024-09-09 10:43:32', '2024-09-09 10:43:32', 0),
(4, 'Rubye Koch', 'celia95@example.com', '2024-09-09 10:43:32', '$2y$12$RD2RbQmwt8F8fYvpGKBA1O3FzYQ1MJnzgTBEJkjvP4UuZFMT3aZ.6', 'CiyeXkeixG', '2024-09-09 10:43:32', '2024-09-09 10:43:32', 0),
(5, 'Prof. Wilber Turcotte', 'jazmyn56@example.net', '2024-09-09 10:43:32', '$2y$12$RD2RbQmwt8F8fYvpGKBA1O3FzYQ1MJnzgTBEJkjvP4UuZFMT3aZ.6', 'Chmd06zPhp', '2024-09-09 10:43:32', '2024-09-09 10:43:32', 0),
(6, 'Bernardo Bauch', 'jettie.bailey@example.com', '2024-09-09 10:43:32', '$2y$12$RD2RbQmwt8F8fYvpGKBA1O3FzYQ1MJnzgTBEJkjvP4UuZFMT3aZ.6', 'ZlIlWjEsnW', '2024-09-09 10:43:32', '2024-09-09 10:43:32', 0),
(7, 'Cecil Huel', 'kadin74@example.net', '2024-09-09 10:43:32', '$2y$12$RD2RbQmwt8F8fYvpGKBA1O3FzYQ1MJnzgTBEJkjvP4UuZFMT3aZ.6', '5ZD7wtzD6l', '2024-09-09 10:43:32', '2024-09-09 10:43:32', 0),
(8, 'Bud Kuhlman', 'ssenger@example.net', '2024-09-09 10:43:32', '$2y$12$RD2RbQmwt8F8fYvpGKBA1O3FzYQ1MJnzgTBEJkjvP4UuZFMT3aZ.6', 'qD9zAnLI60', '2024-09-09 10:43:32', '2024-09-09 10:43:32', 0),
(9, 'Ms. Destinee Moore Jr.', 'natasha37@example.org', '2024-09-09 10:43:32', '$2y$12$RD2RbQmwt8F8fYvpGKBA1O3FzYQ1MJnzgTBEJkjvP4UuZFMT3aZ.6', 'EkDfTKUKk1', '2024-09-09 10:43:32', '2024-09-09 10:43:32', 0),
(10, 'Diana Mertz', 'tara15@example.com', '2024-09-09 10:43:32', '$2y$12$RD2RbQmwt8F8fYvpGKBA1O3FzYQ1MJnzgTBEJkjvP4UuZFMT3aZ.6', 'lB8MatPjRs', '2024-09-09 10:43:32', '2024-09-09 10:43:32', 0),
(11, 'Dovie Kirlin', 'kerluke.sheridan@example.com', '2024-09-09 10:43:32', '$2y$12$RD2RbQmwt8F8fYvpGKBA1O3FzYQ1MJnzgTBEJkjvP4UuZFMT3aZ.6', 'stJmojVoUJ', '2024-09-09 10:43:32', '2024-09-09 10:43:32', 0),
(12, 'Omer Tremblay', 'blehner@example.com', '2024-09-09 10:43:32', '$2y$12$RD2RbQmwt8F8fYvpGKBA1O3FzYQ1MJnzgTBEJkjvP4UuZFMT3aZ.6', 'ODVlQwPcXy', '2024-09-09 10:43:32', '2024-09-09 10:43:32', 0),
(13, 'Mr. Conrad O\'Hara', 'rkeeling@example.org', '2024-09-09 10:43:32', '$2y$12$RD2RbQmwt8F8fYvpGKBA1O3FzYQ1MJnzgTBEJkjvP4UuZFMT3aZ.6', 'wxXaGAlYy3', '2024-09-09 10:43:32', '2024-09-09 10:43:32', 0),
(14, 'Berneice Graham', 'hackett.leo@example.com', '2024-09-09 10:43:32', '$2y$12$RD2RbQmwt8F8fYvpGKBA1O3FzYQ1MJnzgTBEJkjvP4UuZFMT3aZ.6', 'pwnj4GWC3b', '2024-09-09 10:43:32', '2024-09-09 10:43:32', 0),
(15, 'Zena Okuneva', 'thills@example.net', '2024-09-09 10:43:32', '$2y$12$RD2RbQmwt8F8fYvpGKBA1O3FzYQ1MJnzgTBEJkjvP4UuZFMT3aZ.6', 'ixcbIXRIML', '2024-09-09 10:43:32', '2024-09-09 10:43:32', 0),
(16, 'Franco Franecki', 'gtowne@example.net', '2024-09-09 10:43:32', '$2y$12$RD2RbQmwt8F8fYvpGKBA1O3FzYQ1MJnzgTBEJkjvP4UuZFMT3aZ.6', 'G2oYMYMQDd', '2024-09-09 10:43:32', '2024-09-09 10:43:32', 0),
(17, 'Sasha Lebsack DVM', 'katelin.johnson@example.net', '2024-09-09 10:43:32', '$2y$12$RD2RbQmwt8F8fYvpGKBA1O3FzYQ1MJnzgTBEJkjvP4UuZFMT3aZ.6', 'p7oIpsAYtc', '2024-09-09 10:43:32', '2024-09-09 10:43:32', 0),
(18, 'Hassie Orn', 'jada.braun@example.org', '2024-09-09 10:43:32', '$2y$12$RD2RbQmwt8F8fYvpGKBA1O3FzYQ1MJnzgTBEJkjvP4UuZFMT3aZ.6', 'yaQsZPiwc2', '2024-09-09 10:43:32', '2024-09-09 10:43:32', 0),
(19, 'Turner Daugherty', 'hauck.mozelle@example.org', '2024-09-09 10:43:32', '$2y$12$RD2RbQmwt8F8fYvpGKBA1O3FzYQ1MJnzgTBEJkjvP4UuZFMT3aZ.6', 'FVEOjPoZ9k', '2024-09-09 10:43:32', '2024-09-09 10:43:32', 0),
(20, 'Prof. Dallas Dare Jr.', 'zbednar@example.org', '2024-09-09 10:43:32', '$2y$12$RD2RbQmwt8F8fYvpGKBA1O3FzYQ1MJnzgTBEJkjvP4UuZFMT3aZ.6', '06tli4hHtZ', '2024-09-09 10:43:32', '2024-09-09 10:43:32', 0),
(21, 'Renee Macejkovic Sr.', 'fred75@example.com', '2024-09-09 10:43:32', '$2y$12$RD2RbQmwt8F8fYvpGKBA1O3FzYQ1MJnzgTBEJkjvP4UuZFMT3aZ.6', 'yt7794EUf8', '2024-09-09 10:43:32', '2024-09-09 10:43:32', 0),
(22, 'Prof. Juvenal Flatley', 'bogan.neoma@example.net', '2024-09-09 10:43:32', '$2y$12$RD2RbQmwt8F8fYvpGKBA1O3FzYQ1MJnzgTBEJkjvP4UuZFMT3aZ.6', 'lS5JhDwIpW', '2024-09-09 10:43:32', '2024-09-09 10:43:32', 0),
(23, 'Kadin Kris', 'maude.moore@example.com', '2024-09-09 10:43:32', '$2y$12$RD2RbQmwt8F8fYvpGKBA1O3FzYQ1MJnzgTBEJkjvP4UuZFMT3aZ.6', 'zf8OE7enOm', '2024-09-09 10:43:32', '2024-09-09 10:43:32', 0),
(24, 'Lyda Stokes', 'orlo87@example.com', '2024-09-09 10:43:32', '$2y$12$RD2RbQmwt8F8fYvpGKBA1O3FzYQ1MJnzgTBEJkjvP4UuZFMT3aZ.6', 'ooe3CXWS7j', '2024-09-09 10:43:32', '2024-09-09 10:43:32', 0),
(25, 'Dr. Kamron Schowalter', 'towne.lori@example.net', '2024-09-09 10:43:32', '$2y$12$RD2RbQmwt8F8fYvpGKBA1O3FzYQ1MJnzgTBEJkjvP4UuZFMT3aZ.6', '5WQS6uqCtu', '2024-09-09 10:43:32', '2024-09-09 10:43:32', 0),
(26, 'Ferne Cassin', 'oberbrunner.kole@example.net', '2024-09-09 10:43:32', '$2y$12$RD2RbQmwt8F8fYvpGKBA1O3FzYQ1MJnzgTBEJkjvP4UuZFMT3aZ.6', '0Zm9fFENt0', '2024-09-09 10:43:32', '2024-09-09 10:43:32', 0),
(27, 'Dr. Annamarie Kohler', 'heidenreich.josiane@example.com', '2024-09-09 10:43:32', '$2y$12$RD2RbQmwt8F8fYvpGKBA1O3FzYQ1MJnzgTBEJkjvP4UuZFMT3aZ.6', 'Cytg4H5o3Y', '2024-09-09 10:43:32', '2024-09-09 10:43:32', 0),
(28, 'Mitchel Graham', 'zjaskolski@example.com', '2024-09-09 10:43:32', '$2y$12$RD2RbQmwt8F8fYvpGKBA1O3FzYQ1MJnzgTBEJkjvP4UuZFMT3aZ.6', 'VhPEUEjscd', '2024-09-09 10:43:32', '2024-09-09 10:43:32', 0),
(29, 'Miss Kasandra Prosacco DVM', 'rau.jamarcus@example.com', '2024-09-09 10:43:32', '$2y$12$RD2RbQmwt8F8fYvpGKBA1O3FzYQ1MJnzgTBEJkjvP4UuZFMT3aZ.6', 'LF0NkRzmM0', '2024-09-09 10:43:32', '2024-09-09 10:43:32', 0),
(30, 'Meghan Considine', 'vince.langworth@example.net', '2024-09-09 10:43:32', '$2y$12$RD2RbQmwt8F8fYvpGKBA1O3FzYQ1MJnzgTBEJkjvP4UuZFMT3aZ.6', 'D94A3gZC51', '2024-09-09 10:43:32', '2024-09-09 10:43:32', 0),
(31, 'Mable Lueilwitz', 'hheidenreich@example.org', '2024-09-09 10:43:32', '$2y$12$RD2RbQmwt8F8fYvpGKBA1O3FzYQ1MJnzgTBEJkjvP4UuZFMT3aZ.6', 'yAqJYNNbSG', '2024-09-09 10:43:32', '2024-09-09 10:43:32', 0),
(32, 'Garfield Satterfield', 'ratke.jaida@example.org', '2024-09-09 10:43:32', '$2y$12$RD2RbQmwt8F8fYvpGKBA1O3FzYQ1MJnzgTBEJkjvP4UuZFMT3aZ.6', 'CbKapg2Xri', '2024-09-09 10:43:32', '2024-09-09 10:43:32', 0),
(33, 'Kristin Willms', 'szieme@example.org', '2024-09-09 10:43:32', '$2y$12$RD2RbQmwt8F8fYvpGKBA1O3FzYQ1MJnzgTBEJkjvP4UuZFMT3aZ.6', '2Ptx3jDYjd', '2024-09-09 10:43:32', '2024-09-09 10:43:32', 0),
(34, 'Marielle Jacobs', 'koch.salvatore@example.net', '2024-09-09 10:43:32', '$2y$12$RD2RbQmwt8F8fYvpGKBA1O3FzYQ1MJnzgTBEJkjvP4UuZFMT3aZ.6', 'Si2N8lqV2k', '2024-09-09 10:43:32', '2024-09-09 10:43:32', 0),
(35, 'Tiffany Deckow', 'orempel@example.net', '2024-09-09 10:43:32', '$2y$12$RD2RbQmwt8F8fYvpGKBA1O3FzYQ1MJnzgTBEJkjvP4UuZFMT3aZ.6', '63HQ4QMgwT', '2024-09-09 10:43:32', '2024-09-09 10:43:32', 0),
(36, 'Jakob Haag', 'reichert.sam@example.com', '2024-09-09 10:43:32', '$2y$12$RD2RbQmwt8F8fYvpGKBA1O3FzYQ1MJnzgTBEJkjvP4UuZFMT3aZ.6', '3BWqZSN6Ws', '2024-09-09 10:43:32', '2024-09-09 10:43:32', 0),
(37, 'Skylar Medhurst', 'laltenwerth@example.org', '2024-09-09 10:43:32', '$2y$12$RD2RbQmwt8F8fYvpGKBA1O3FzYQ1MJnzgTBEJkjvP4UuZFMT3aZ.6', '3BJeKKFuk6', '2024-09-09 10:43:32', '2024-09-09 10:43:32', 0),
(38, 'Winnifred Reichel II', 'fmonahan@example.org', '2024-09-09 10:43:32', '$2y$12$RD2RbQmwt8F8fYvpGKBA1O3FzYQ1MJnzgTBEJkjvP4UuZFMT3aZ.6', 'i7ggQiw4pC', '2024-09-09 10:43:32', '2024-09-09 10:43:32', 0),
(39, 'Clara Goldner', 'neoma61@example.org', '2024-09-09 10:43:32', '$2y$12$RD2RbQmwt8F8fYvpGKBA1O3FzYQ1MJnzgTBEJkjvP4UuZFMT3aZ.6', 'LWEuJR0vgO', '2024-09-09 10:43:32', '2024-09-09 10:43:32', 0),
(40, 'Antoinette Schulist', 'meaghan.kshlerin@example.com', '2024-09-09 10:43:32', '$2y$12$RD2RbQmwt8F8fYvpGKBA1O3FzYQ1MJnzgTBEJkjvP4UuZFMT3aZ.6', 'jLa6xHRQP2', '2024-09-09 10:43:32', '2024-09-09 10:43:32', 0),
(41, 'Maurice Hane', 'xavier95@example.com', '2024-09-09 10:43:32', '$2y$12$RD2RbQmwt8F8fYvpGKBA1O3FzYQ1MJnzgTBEJkjvP4UuZFMT3aZ.6', 'XyqC1X6dxV', '2024-09-09 10:43:32', '2024-09-09 10:43:32', 0),
(42, 'Garland Hane', 'hrippin@example.net', '2024-09-09 10:43:32', '$2y$12$RD2RbQmwt8F8fYvpGKBA1O3FzYQ1MJnzgTBEJkjvP4UuZFMT3aZ.6', '4rfRKvjccm', '2024-09-09 10:43:32', '2024-09-09 10:43:32', 0),
(43, 'Lottie Ullrich', 'hjacobson@example.com', '2024-09-09 10:43:32', '$2y$12$RD2RbQmwt8F8fYvpGKBA1O3FzYQ1MJnzgTBEJkjvP4UuZFMT3aZ.6', 'T8JyY4n4tb', '2024-09-09 10:43:32', '2024-09-09 10:43:32', 0),
(44, 'Opal Bechtelar', 'neal.gerhold@example.net', '2024-09-09 10:43:32', '$2y$12$RD2RbQmwt8F8fYvpGKBA1O3FzYQ1MJnzgTBEJkjvP4UuZFMT3aZ.6', '8imHRNJ5l9', '2024-09-09 10:43:32', '2024-09-09 10:43:32', 0),
(45, 'Kamryn Nienow', 'gwendolyn.stroman@example.org', '2024-09-09 10:43:32', '$2y$12$RD2RbQmwt8F8fYvpGKBA1O3FzYQ1MJnzgTBEJkjvP4UuZFMT3aZ.6', '4L2S1quvsP', '2024-09-09 10:43:32', '2024-09-09 10:43:32', 0),
(46, 'Karina Tillman', 'xorn@example.org', '2024-09-09 10:43:32', '$2y$12$RD2RbQmwt8F8fYvpGKBA1O3FzYQ1MJnzgTBEJkjvP4UuZFMT3aZ.6', 'T1BGOQZWk0', '2024-09-09 10:43:32', '2024-09-09 10:43:32', 0),
(47, 'Mrs. Betsy Smitham DDS', 'barrows.larry@example.org', '2024-09-09 10:43:32', '$2y$12$RD2RbQmwt8F8fYvpGKBA1O3FzYQ1MJnzgTBEJkjvP4UuZFMT3aZ.6', 'Tu1QHMltt9', '2024-09-09 10:43:32', '2024-09-09 10:43:32', 0),
(48, 'Else Simonis', 'lockman.vella@example.net', '2024-09-09 10:43:32', '$2y$12$RD2RbQmwt8F8fYvpGKBA1O3FzYQ1MJnzgTBEJkjvP4UuZFMT3aZ.6', 'RUHH7iU5KU', '2024-09-09 10:43:32', '2024-09-09 10:43:32', 0),
(49, 'Stefan Crooks', 'wkris@example.com', '2024-09-09 10:43:32', '$2y$12$RD2RbQmwt8F8fYvpGKBA1O3FzYQ1MJnzgTBEJkjvP4UuZFMT3aZ.6', 'odxQeXj0Zx', '2024-09-09 10:43:32', '2024-09-09 10:43:32', 0),
(50, 'Marlene Price III', 'keenan55@example.net', '2024-09-09 10:43:32', '$2y$12$RD2RbQmwt8F8fYvpGKBA1O3FzYQ1MJnzgTBEJkjvP4UuZFMT3aZ.6', '6Ioo8gLwSe', '2024-09-09 10:43:32', '2024-09-09 10:43:32', 0),
(51, 'Stacey Runolfsson', 'fay.catharine@example.net', '2024-09-09 10:43:32', '$2y$12$RD2RbQmwt8F8fYvpGKBA1O3FzYQ1MJnzgTBEJkjvP4UuZFMT3aZ.6', 'eawWsWISta', '2024-09-09 10:43:32', '2024-09-09 10:43:32', 0),
(52, 'Ms. Marlene Corkery', 'dibbert.jermain@example.net', '2024-09-11 07:10:17', '$2y$12$DBJ.SmFTv4gRgx5NvVu0W.vcjeCA3RxpEPt3H05BMi3z0b7diBy46', 'z2ljSDq304', '2024-09-11 07:10:17', '2024-09-11 07:10:17', 0),
(53, 'Celia Carroll', 'cleannon@example.net', '2024-09-11 07:10:17', '$2y$12$DBJ.SmFTv4gRgx5NvVu0W.vcjeCA3RxpEPt3H05BMi3z0b7diBy46', 'bIZQhtTzfr', '2024-09-11 07:10:17', '2024-09-11 07:10:17', 0),
(54, 'Bernadette Roob', 'tyson42@example.com', '2024-09-11 07:10:17', '$2y$12$DBJ.SmFTv4gRgx5NvVu0W.vcjeCA3RxpEPt3H05BMi3z0b7diBy46', 'irEZgo0zCy', '2024-09-11 07:10:17', '2024-09-11 07:10:17', 0),
(55, 'Prof. Serena Huel', 'joyce74@example.net', '2024-09-11 07:10:17', '$2y$12$DBJ.SmFTv4gRgx5NvVu0W.vcjeCA3RxpEPt3H05BMi3z0b7diBy46', 'Oq6ngytPjD', '2024-09-11 07:10:17', '2024-09-11 07:10:17', 0),
(56, 'Dr. Alyce Rutherford', 'melyna47@example.net', '2024-09-11 07:10:17', '$2y$12$DBJ.SmFTv4gRgx5NvVu0W.vcjeCA3RxpEPt3H05BMi3z0b7diBy46', 'vkRDBbV6OY', '2024-09-11 07:10:17', '2024-09-11 07:10:17', 0),
(57, 'Prof. Gideon Gibson Sr.', 'block.elmore@example.org', '2024-09-11 07:10:17', '$2y$12$DBJ.SmFTv4gRgx5NvVu0W.vcjeCA3RxpEPt3H05BMi3z0b7diBy46', 'hO14i5WEUr', '2024-09-11 07:10:17', '2024-09-11 07:10:17', 0),
(58, 'Keshawn Stiedemann', 'tyreek25@example.net', '2024-09-11 07:10:17', '$2y$12$DBJ.SmFTv4gRgx5NvVu0W.vcjeCA3RxpEPt3H05BMi3z0b7diBy46', '8sTDFHP9iR', '2024-09-11 07:10:17', '2024-09-11 07:10:17', 0),
(59, 'Katelynn Pouros', 'hweissnat@example.net', '2024-09-11 07:10:17', '$2y$12$DBJ.SmFTv4gRgx5NvVu0W.vcjeCA3RxpEPt3H05BMi3z0b7diBy46', '3QEVCtMTJ8', '2024-09-11 07:10:17', '2024-09-11 07:10:17', 0),
(60, 'Dr. Bianka Schuppe', 'maxwell.hauck@example.net', '2024-09-11 07:10:17', '$2y$12$DBJ.SmFTv4gRgx5NvVu0W.vcjeCA3RxpEPt3H05BMi3z0b7diBy46', 'Hi1lYK9B79', '2024-09-11 07:10:17', '2024-09-11 07:10:17', 0),
(61, 'Tanya Harris I', 'lorenzo81@example.net', '2024-09-11 07:10:17', '$2y$12$DBJ.SmFTv4gRgx5NvVu0W.vcjeCA3RxpEPt3H05BMi3z0b7diBy46', 'ES3tUUsNMH', '2024-09-11 07:10:17', '2024-09-11 07:10:17', 0),
(62, 'Kristin Moen', 'flatley.yasmine@example.net', '2024-09-11 07:10:17', '$2y$12$DBJ.SmFTv4gRgx5NvVu0W.vcjeCA3RxpEPt3H05BMi3z0b7diBy46', '3ogbAZs6Nu', '2024-09-11 07:10:17', '2024-09-11 07:10:17', 0),
(63, 'Delbert Barrows', 'kole.schumm@example.com', '2024-09-11 07:10:17', '$2y$12$DBJ.SmFTv4gRgx5NvVu0W.vcjeCA3RxpEPt3H05BMi3z0b7diBy46', '9qcMsIsYUb', '2024-09-11 07:10:17', '2024-09-11 07:10:17', 0),
(64, 'Prof. Rex Schneider', 'tyler.corwin@example.com', '2024-09-11 07:10:17', '$2y$12$DBJ.SmFTv4gRgx5NvVu0W.vcjeCA3RxpEPt3H05BMi3z0b7diBy46', 'v4kLMrTux1', '2024-09-11 07:10:17', '2024-09-11 07:10:17', 0),
(65, 'Ms. Kristina Keebler', 'palma.price@example.net', '2024-09-11 07:10:17', '$2y$12$DBJ.SmFTv4gRgx5NvVu0W.vcjeCA3RxpEPt3H05BMi3z0b7diBy46', '73yFTUOhPB', '2024-09-11 07:10:17', '2024-09-11 07:10:17', 0),
(66, 'Dr. Maurine Stanton V', 'nader.alessandra@example.com', '2024-09-11 07:10:17', '$2y$12$DBJ.SmFTv4gRgx5NvVu0W.vcjeCA3RxpEPt3H05BMi3z0b7diBy46', 'FvWTYSqUdc', '2024-09-11 07:10:17', '2024-09-11 07:10:17', 0),
(67, 'Norbert Grimes', 'meggie.shields@example.org', '2024-09-11 07:10:17', '$2y$12$DBJ.SmFTv4gRgx5NvVu0W.vcjeCA3RxpEPt3H05BMi3z0b7diBy46', 'M7PER8rssW', '2024-09-11 07:10:17', '2024-09-11 07:10:17', 0),
(68, 'Trisha Shields', 'osbaldo25@example.com', '2024-09-11 07:10:17', '$2y$12$DBJ.SmFTv4gRgx5NvVu0W.vcjeCA3RxpEPt3H05BMi3z0b7diBy46', '4jk7TnZUN0', '2024-09-11 07:10:17', '2024-09-11 07:10:17', 0),
(69, 'Amalia McClure', 'schuppe.pearl@example.com', '2024-09-11 07:10:17', '$2y$12$DBJ.SmFTv4gRgx5NvVu0W.vcjeCA3RxpEPt3H05BMi3z0b7diBy46', '5lSxATAwIe', '2024-09-11 07:10:17', '2024-09-11 07:10:17', 0),
(70, 'Alfredo Zboncak IV', 'callie.runolfsson@example.net', '2024-09-11 07:10:17', '$2y$12$DBJ.SmFTv4gRgx5NvVu0W.vcjeCA3RxpEPt3H05BMi3z0b7diBy46', 'JxW1lbqNrB', '2024-09-11 07:10:17', '2024-09-11 07:10:17', 0),
(71, 'Beryl Greenfelder', 'maddison09@example.org', '2024-09-11 07:10:17', '$2y$12$DBJ.SmFTv4gRgx5NvVu0W.vcjeCA3RxpEPt3H05BMi3z0b7diBy46', 'XbFTiY29S0', '2024-09-11 07:10:17', '2024-09-11 07:10:17', 0),
(72, 'Marge Lang', 'folson@example.com', '2024-09-11 07:10:17', '$2y$12$DBJ.SmFTv4gRgx5NvVu0W.vcjeCA3RxpEPt3H05BMi3z0b7diBy46', '6vEv3QjSyn', '2024-09-11 07:10:17', '2024-09-11 07:10:17', 0),
(73, 'Priscilla Hane', 'rippin.malika@example.org', '2024-09-11 07:10:17', '$2y$12$DBJ.SmFTv4gRgx5NvVu0W.vcjeCA3RxpEPt3H05BMi3z0b7diBy46', 'oNhGux2X1B', '2024-09-11 07:10:17', '2024-09-11 07:10:17', 0),
(74, 'Wilhelm Kreiger', 'randal.heller@example.net', '2024-09-11 07:10:17', '$2y$12$DBJ.SmFTv4gRgx5NvVu0W.vcjeCA3RxpEPt3H05BMi3z0b7diBy46', 'nRjY1Vbvl0', '2024-09-11 07:10:17', '2024-09-11 07:10:17', 0),
(75, 'Ms. Sydni Schamberger', 'abbott.cameron@example.com', '2024-09-11 07:10:17', '$2y$12$DBJ.SmFTv4gRgx5NvVu0W.vcjeCA3RxpEPt3H05BMi3z0b7diBy46', '0sjimkFHCB', '2024-09-11 07:10:17', '2024-09-11 07:10:17', 0),
(76, 'Prof. Edison Runolfsdottir MD', 'pedro.gerlach@example.com', '2024-09-11 07:10:17', '$2y$12$DBJ.SmFTv4gRgx5NvVu0W.vcjeCA3RxpEPt3H05BMi3z0b7diBy46', 'Tj994nO8W1', '2024-09-11 07:10:17', '2024-09-11 07:10:17', 0),
(77, 'Walker Rolfson', 'nbeier@example.net', '2024-09-11 07:10:17', '$2y$12$DBJ.SmFTv4gRgx5NvVu0W.vcjeCA3RxpEPt3H05BMi3z0b7diBy46', 'cPi7YdQg8a', '2024-09-11 07:10:17', '2024-09-11 07:10:17', 0),
(78, 'Hilario Cronin', 'rdach@example.org', '2024-09-11 07:10:17', '$2y$12$DBJ.SmFTv4gRgx5NvVu0W.vcjeCA3RxpEPt3H05BMi3z0b7diBy46', 'x6O6Vk536g', '2024-09-11 07:10:17', '2024-09-11 07:10:17', 0),
(79, 'Judson Lehner', 'meghan.gulgowski@example.org', '2024-09-11 07:10:17', '$2y$12$DBJ.SmFTv4gRgx5NvVu0W.vcjeCA3RxpEPt3H05BMi3z0b7diBy46', 'j5hSF4FyHO', '2024-09-11 07:10:17', '2024-09-11 07:10:17', 0),
(80, 'Maurice Kemmer', 'ondricka.shad@example.com', '2024-09-11 07:10:17', '$2y$12$DBJ.SmFTv4gRgx5NvVu0W.vcjeCA3RxpEPt3H05BMi3z0b7diBy46', 's1mpintypc', '2024-09-11 07:10:17', '2024-09-11 07:10:17', 0),
(81, 'Alfonzo Schamberger IV', 'jamey.barrows@example.com', '2024-09-11 07:10:17', '$2y$12$DBJ.SmFTv4gRgx5NvVu0W.vcjeCA3RxpEPt3H05BMi3z0b7diBy46', 'HWHGakKnxk', '2024-09-11 07:10:17', '2024-09-11 07:10:17', 0),
(82, 'Derrick Skiles', 'mariah.buckridge@example.com', '2024-09-11 07:10:17', '$2y$12$DBJ.SmFTv4gRgx5NvVu0W.vcjeCA3RxpEPt3H05BMi3z0b7diBy46', 'KeoBGbRVK5', '2024-09-11 07:10:17', '2024-09-11 07:10:17', 0),
(83, 'Cole Hermann DVM', 'asha.metz@example.org', '2024-09-11 07:10:17', '$2y$12$DBJ.SmFTv4gRgx5NvVu0W.vcjeCA3RxpEPt3H05BMi3z0b7diBy46', 'lXMk0TRArV', '2024-09-11 07:10:17', '2024-09-11 07:10:17', 0),
(84, 'Angelita Johnson', 'kamryn.cartwright@example.net', '2024-09-11 07:10:17', '$2y$12$DBJ.SmFTv4gRgx5NvVu0W.vcjeCA3RxpEPt3H05BMi3z0b7diBy46', 'sXd7y0N4FY', '2024-09-11 07:10:17', '2024-09-11 07:10:17', 0),
(85, 'Cheyanne Howell', 'vfadel@example.com', '2024-09-11 07:10:17', '$2y$12$DBJ.SmFTv4gRgx5NvVu0W.vcjeCA3RxpEPt3H05BMi3z0b7diBy46', 'RYM2eT8zUc', '2024-09-11 07:10:17', '2024-09-11 07:10:17', 0),
(86, 'Eliza Schmitt', 'hayley82@example.net', '2024-09-11 07:10:17', '$2y$12$DBJ.SmFTv4gRgx5NvVu0W.vcjeCA3RxpEPt3H05BMi3z0b7diBy46', 'ARE0tyB8v4', '2024-09-11 07:10:17', '2024-09-11 07:10:17', 0),
(87, 'Prof. Malvina Swaniawski', 'desiree.fritsch@example.org', '2024-09-11 07:10:17', '$2y$12$DBJ.SmFTv4gRgx5NvVu0W.vcjeCA3RxpEPt3H05BMi3z0b7diBy46', '2rfO4dJm9K', '2024-09-11 07:10:17', '2024-09-11 07:10:17', 0),
(88, 'Colton Romaguera III', 'luther.bernier@example.org', '2024-09-11 07:10:17', '$2y$12$DBJ.SmFTv4gRgx5NvVu0W.vcjeCA3RxpEPt3H05BMi3z0b7diBy46', 'FnsajCLk1h', '2024-09-11 07:10:17', '2024-09-11 07:10:17', 0),
(89, 'Una Little', 'cora68@example.com', '2024-09-11 07:10:17', '$2y$12$DBJ.SmFTv4gRgx5NvVu0W.vcjeCA3RxpEPt3H05BMi3z0b7diBy46', '9JIBqrnvGU', '2024-09-11 07:10:17', '2024-09-11 07:10:17', 0),
(90, 'Camille Abernathy', 'mariah.tillman@example.org', '2024-09-11 07:10:17', '$2y$12$DBJ.SmFTv4gRgx5NvVu0W.vcjeCA3RxpEPt3H05BMi3z0b7diBy46', '5ToOgCuCbJ', '2024-09-11 07:10:17', '2024-09-11 07:10:17', 0),
(91, 'Ada Hirthe', 'stephanie29@example.com', '2024-09-11 07:10:17', '$2y$12$DBJ.SmFTv4gRgx5NvVu0W.vcjeCA3RxpEPt3H05BMi3z0b7diBy46', 'QVytSJGkCl', '2024-09-11 07:10:17', '2024-09-11 07:10:17', 0),
(92, 'Isabell Pagac', 'rosario31@example.net', '2024-09-11 07:10:17', '$2y$12$DBJ.SmFTv4gRgx5NvVu0W.vcjeCA3RxpEPt3H05BMi3z0b7diBy46', 'mXmbqP2aRY', '2024-09-11 07:10:17', '2024-09-11 07:10:17', 0),
(93, 'Kadin Abbott Jr.', 'daisy23@example.org', '2024-09-11 07:10:17', '$2y$12$DBJ.SmFTv4gRgx5NvVu0W.vcjeCA3RxpEPt3H05BMi3z0b7diBy46', 'Y4TRJ3Linr', '2024-09-11 07:10:17', '2024-09-11 07:10:17', 0),
(94, 'Katrina Bergnaum', 'sylvan.doyle@example.com', '2024-09-11 07:10:17', '$2y$12$DBJ.SmFTv4gRgx5NvVu0W.vcjeCA3RxpEPt3H05BMi3z0b7diBy46', 'yPbT1PQyzs', '2024-09-11 07:10:17', '2024-09-11 07:10:17', 0),
(95, 'Herbert Walsh', 'mertz.lempi@example.net', '2024-09-11 07:10:17', '$2y$12$DBJ.SmFTv4gRgx5NvVu0W.vcjeCA3RxpEPt3H05BMi3z0b7diBy46', 'M6tzd2J6Mx', '2024-09-11 07:10:17', '2024-09-11 07:10:17', 0),
(96, 'Myrtie Johnston', 'schumm.winona@example.org', '2024-09-11 07:10:17', '$2y$12$DBJ.SmFTv4gRgx5NvVu0W.vcjeCA3RxpEPt3H05BMi3z0b7diBy46', 'Av5zOIwP85', '2024-09-11 07:10:17', '2024-09-11 07:10:17', 0),
(97, 'Prof. Adan Rath', 'cruickshank.troy@example.com', '2024-09-11 07:10:17', '$2y$12$DBJ.SmFTv4gRgx5NvVu0W.vcjeCA3RxpEPt3H05BMi3z0b7diBy46', '5zZm60JdEh', '2024-09-11 07:10:17', '2024-09-11 07:10:17', 0),
(98, 'Prof. Eveline Wisoky I', 'cpaucek@example.com', '2024-09-11 07:10:17', '$2y$12$DBJ.SmFTv4gRgx5NvVu0W.vcjeCA3RxpEPt3H05BMi3z0b7diBy46', 'T25UJ3pVKZ', '2024-09-11 07:10:17', '2024-09-11 07:10:17', 0),
(99, 'Bridie Lynch', 'moriah85@example.com', '2024-09-11 07:10:17', '$2y$12$DBJ.SmFTv4gRgx5NvVu0W.vcjeCA3RxpEPt3H05BMi3z0b7diBy46', 'YRffRWIh0n', '2024-09-11 07:10:17', '2024-09-11 07:10:17', 0),
(100, 'Mr. Deshaun Hane PhD', 'bins.beatrice@example.org', '2024-09-11 07:10:17', '$2y$12$DBJ.SmFTv4gRgx5NvVu0W.vcjeCA3RxpEPt3H05BMi3z0b7diBy46', 'YvNX8cuebM', '2024-09-11 07:10:17', '2024-09-11 07:10:17', 0),
(101, 'Ignacio Douglas', 'eula.jast@example.org', '2024-09-11 07:10:17', '$2y$12$DBJ.SmFTv4gRgx5NvVu0W.vcjeCA3RxpEPt3H05BMi3z0b7diBy46', 'I8YvOGa47e', '2024-09-11 07:10:17', '2024-09-11 07:10:17', 0),
(102, 'Annabell Hegmann', 'xbrakus@example.net', '2024-09-12 16:56:37', '$2y$12$MF8yJ5RcAJgMXNUvlmI/u.Abeqa4ZgJRXQrmeCqf8SFAbbnUhjE4K', 'OKikCHJm8U', '2024-09-12 16:56:38', '2024-09-12 16:56:38', 0),
(103, 'Camille Gleason', 'sipes.ronny@example.com', '2024-09-12 16:56:38', '$2y$12$MF8yJ5RcAJgMXNUvlmI/u.Abeqa4ZgJRXQrmeCqf8SFAbbnUhjE4K', 'uy837Lxc9H', '2024-09-12 16:56:38', '2024-09-12 16:56:38', 0),
(104, 'Felipa Hane', 'kaya.labadie@example.com', '2024-09-12 16:56:38', '$2y$12$MF8yJ5RcAJgMXNUvlmI/u.Abeqa4ZgJRXQrmeCqf8SFAbbnUhjE4K', 'HWkcA7jGQ6', '2024-09-12 16:56:38', '2024-09-12 16:56:38', 0),
(105, 'Gertrude Reichel', 'ubogan@example.org', '2024-09-12 16:56:38', '$2y$12$MF8yJ5RcAJgMXNUvlmI/u.Abeqa4ZgJRXQrmeCqf8SFAbbnUhjE4K', '7ip7b53mdG', '2024-09-12 16:56:38', '2024-09-12 16:56:38', 0),
(106, 'Mr. Edison Nader', 'cberge@example.com', '2024-09-12 16:56:38', '$2y$12$MF8yJ5RcAJgMXNUvlmI/u.Abeqa4ZgJRXQrmeCqf8SFAbbnUhjE4K', '9L3H2IXiPG', '2024-09-12 16:56:38', '2024-09-12 16:56:38', 0),
(107, 'Fanny Pouros', 'ziemann.mariam@example.net', '2024-09-12 16:56:38', '$2y$12$MF8yJ5RcAJgMXNUvlmI/u.Abeqa4ZgJRXQrmeCqf8SFAbbnUhjE4K', 'TTJmSxcwns', '2024-09-12 16:56:38', '2024-09-12 16:56:38', 0),
(108, 'Prof. Emilia Littel Jr.', 'thompson.iva@example.com', '2024-09-12 16:56:38', '$2y$12$MF8yJ5RcAJgMXNUvlmI/u.Abeqa4ZgJRXQrmeCqf8SFAbbnUhjE4K', 'Re5TZeINer', '2024-09-12 16:56:38', '2024-09-12 16:56:38', 0),
(109, 'Joanne Hartmann I', 'kallie17@example.com', '2024-09-12 16:56:38', '$2y$12$MF8yJ5RcAJgMXNUvlmI/u.Abeqa4ZgJRXQrmeCqf8SFAbbnUhjE4K', 'LeG8VtXtaT', '2024-09-12 16:56:38', '2024-09-12 16:56:38', 0),
(110, 'Prof. Jovani Streich', 'zhammes@example.com', '2024-09-12 16:56:38', '$2y$12$MF8yJ5RcAJgMXNUvlmI/u.Abeqa4ZgJRXQrmeCqf8SFAbbnUhjE4K', 'nPr0Dirh4T', '2024-09-12 16:56:38', '2024-09-12 16:56:38', 0),
(111, 'Prof. Kristy Treutel', 'roscoe.ankunding@example.net', '2024-09-12 16:56:38', '$2y$12$MF8yJ5RcAJgMXNUvlmI/u.Abeqa4ZgJRXQrmeCqf8SFAbbnUhjE4K', 'JXQihGY8wb', '2024-09-12 16:56:38', '2024-09-12 16:56:38', 0),
(112, 'Dr. Brandon Stiedemann', 'ashly.feeney@example.com', '2024-09-12 16:56:38', '$2y$12$MF8yJ5RcAJgMXNUvlmI/u.Abeqa4ZgJRXQrmeCqf8SFAbbnUhjE4K', 'IBbVM8Xv0G', '2024-09-12 16:56:38', '2024-09-12 16:56:38', 0),
(113, 'Roderick McCullough', 'kdicki@example.org', '2024-09-12 16:56:38', '$2y$12$MF8yJ5RcAJgMXNUvlmI/u.Abeqa4ZgJRXQrmeCqf8SFAbbnUhjE4K', 'ULKhlFA9ub', '2024-09-12 16:56:38', '2024-09-12 16:56:38', 0),
(114, 'Westley Baumbach', 'nicolas.hailie@example.org', '2024-09-12 16:56:38', '$2y$12$MF8yJ5RcAJgMXNUvlmI/u.Abeqa4ZgJRXQrmeCqf8SFAbbnUhjE4K', 'GM2wk0u1xX', '2024-09-12 16:56:38', '2024-09-12 16:56:38', 0),
(115, 'Camden King', 'okey23@example.org', '2024-09-12 16:56:38', '$2y$12$MF8yJ5RcAJgMXNUvlmI/u.Abeqa4ZgJRXQrmeCqf8SFAbbnUhjE4K', 'DyzVnSpfv4', '2024-09-12 16:56:38', '2024-09-12 16:56:38', 0),
(116, 'Prof. Elbert Grady II', 'bokeefe@example.com', '2024-09-12 16:56:38', '$2y$12$MF8yJ5RcAJgMXNUvlmI/u.Abeqa4ZgJRXQrmeCqf8SFAbbnUhjE4K', 'oj4f2TOzEf', '2024-09-12 16:56:38', '2024-09-12 16:56:38', 0),
(117, 'Dr. Guiseppe Klein', 'amir38@example.net', '2024-09-12 16:56:38', '$2y$12$MF8yJ5RcAJgMXNUvlmI/u.Abeqa4ZgJRXQrmeCqf8SFAbbnUhjE4K', 'uoa7QkuHiD', '2024-09-12 16:56:38', '2024-09-12 16:56:38', 0),
(118, 'Ms. Romaine Zulauf', 'nikolas27@example.net', '2024-09-12 16:56:38', '$2y$12$MF8yJ5RcAJgMXNUvlmI/u.Abeqa4ZgJRXQrmeCqf8SFAbbnUhjE4K', '7YD0VWxQlH', '2024-09-12 16:56:38', '2024-09-12 16:56:38', 0),
(119, 'Clark Rutherford', 'wilfrid74@example.org', '2024-09-12 16:56:38', '$2y$12$MF8yJ5RcAJgMXNUvlmI/u.Abeqa4ZgJRXQrmeCqf8SFAbbnUhjE4K', 'Ny04I5exhV', '2024-09-12 16:56:38', '2024-09-12 16:56:38', 0),
(120, 'Henri Bernhard', 'abernhard@example.com', '2024-09-12 16:56:38', '$2y$12$MF8yJ5RcAJgMXNUvlmI/u.Abeqa4ZgJRXQrmeCqf8SFAbbnUhjE4K', 'DBC3APbAb2', '2024-09-12 16:56:38', '2024-09-12 16:56:38', 0),
(121, 'Aleen O\'Conner Sr.', 'jonas01@example.com', '2024-09-12 16:56:38', '$2y$12$MF8yJ5RcAJgMXNUvlmI/u.Abeqa4ZgJRXQrmeCqf8SFAbbnUhjE4K', 'dFWaNMFFMw', '2024-09-12 16:56:38', '2024-09-12 16:56:38', 0),
(122, 'Johnnie Feest', 'leopoldo.casper@example.net', '2024-09-12 16:56:38', '$2y$12$MF8yJ5RcAJgMXNUvlmI/u.Abeqa4ZgJRXQrmeCqf8SFAbbnUhjE4K', 'Hb0PsWMWPz', '2024-09-12 16:56:38', '2024-09-12 16:56:38', 0),
(123, 'Dewayne Keeling', 'coby64@example.org', '2024-09-12 16:56:38', '$2y$12$MF8yJ5RcAJgMXNUvlmI/u.Abeqa4ZgJRXQrmeCqf8SFAbbnUhjE4K', '6dTFqPUG7M', '2024-09-12 16:56:38', '2024-09-12 16:56:38', 0),
(124, 'Lauren Dicki', 'hertha65@example.net', '2024-09-12 16:56:38', '$2y$12$MF8yJ5RcAJgMXNUvlmI/u.Abeqa4ZgJRXQrmeCqf8SFAbbnUhjE4K', 'm57HDmawsk', '2024-09-12 16:56:38', '2024-09-12 16:56:38', 0),
(125, 'Johathan Zboncak', 'rhowell@example.com', '2024-09-12 16:56:38', '$2y$12$MF8yJ5RcAJgMXNUvlmI/u.Abeqa4ZgJRXQrmeCqf8SFAbbnUhjE4K', '29mUmJPkfS', '2024-09-12 16:56:38', '2024-09-12 16:56:38', 0),
(126, 'Mr. Cale Streich', 'streich.jordi@example.com', '2024-09-12 16:56:38', '$2y$12$MF8yJ5RcAJgMXNUvlmI/u.Abeqa4ZgJRXQrmeCqf8SFAbbnUhjE4K', 'DRegySnXim', '2024-09-12 16:56:38', '2024-09-12 16:56:38', 0),
(127, 'Prof. Constantin Douglas IV', 'cconn@example.net', '2024-09-12 16:56:38', '$2y$12$MF8yJ5RcAJgMXNUvlmI/u.Abeqa4ZgJRXQrmeCqf8SFAbbnUhjE4K', 'GjonkbaGTC', '2024-09-12 16:56:38', '2024-09-12 16:56:38', 0),
(128, 'Macy Kutch', 'glittel@example.org', '2024-09-12 16:56:38', '$2y$12$MF8yJ5RcAJgMXNUvlmI/u.Abeqa4ZgJRXQrmeCqf8SFAbbnUhjE4K', 'ukzfgN5hFj', '2024-09-12 16:56:38', '2024-09-12 16:56:38', 0),
(129, 'Ryleigh Murazik', 'jaskolski.roderick@example.com', '2024-09-12 16:56:38', '$2y$12$MF8yJ5RcAJgMXNUvlmI/u.Abeqa4ZgJRXQrmeCqf8SFAbbnUhjE4K', 'napzseIlNE', '2024-09-12 16:56:38', '2024-09-12 16:56:38', 0),
(130, 'Jacinthe Crooks MD', 'alarkin@example.net', '2024-09-12 16:56:38', '$2y$12$MF8yJ5RcAJgMXNUvlmI/u.Abeqa4ZgJRXQrmeCqf8SFAbbnUhjE4K', 'WXHMIbuadk', '2024-09-12 16:56:38', '2024-09-12 16:56:38', 0),
(131, 'Prof. Jamel Hintz II', 'davin.sipes@example.net', '2024-09-12 16:56:38', '$2y$12$MF8yJ5RcAJgMXNUvlmI/u.Abeqa4ZgJRXQrmeCqf8SFAbbnUhjE4K', 'XwiUJXzWOp', '2024-09-12 16:56:38', '2024-09-12 16:56:38', 0),
(132, 'Benedict Turcotte', 'shoppe@example.net', '2024-09-12 16:56:38', '$2y$12$MF8yJ5RcAJgMXNUvlmI/u.Abeqa4ZgJRXQrmeCqf8SFAbbnUhjE4K', 'bE7b5a6YE3', '2024-09-12 16:56:38', '2024-09-12 16:56:38', 0),
(133, 'Leanna Bartell', 'daphnee24@example.net', '2024-09-12 16:56:38', '$2y$12$MF8yJ5RcAJgMXNUvlmI/u.Abeqa4ZgJRXQrmeCqf8SFAbbnUhjE4K', 'QXBzOA7dxL', '2024-09-12 16:56:38', '2024-09-12 16:56:38', 0),
(134, 'Wade Runolfsson', 'bbreitenberg@example.net', '2024-09-12 16:56:38', '$2y$12$MF8yJ5RcAJgMXNUvlmI/u.Abeqa4ZgJRXQrmeCqf8SFAbbnUhjE4K', 'Oi2sCIdS8R', '2024-09-12 16:56:38', '2024-09-12 16:56:38', 0),
(135, 'Miss Carlie Spinka Jr.', 'zblick@example.net', '2024-09-12 16:56:38', '$2y$12$MF8yJ5RcAJgMXNUvlmI/u.Abeqa4ZgJRXQrmeCqf8SFAbbnUhjE4K', 'h52hRDaSQu', '2024-09-12 16:56:38', '2024-09-12 16:56:38', 0),
(136, 'Clemmie Donnelly', 'mose56@example.org', '2024-09-12 16:56:38', '$2y$12$MF8yJ5RcAJgMXNUvlmI/u.Abeqa4ZgJRXQrmeCqf8SFAbbnUhjE4K', 'orbfG1m4dd', '2024-09-12 16:56:38', '2024-09-12 16:56:38', 0),
(137, 'Prof. Bernadette Cormier', 'percival59@example.org', '2024-09-12 16:56:38', '$2y$12$MF8yJ5RcAJgMXNUvlmI/u.Abeqa4ZgJRXQrmeCqf8SFAbbnUhjE4K', '395Y5qdRly', '2024-09-12 16:56:38', '2024-09-12 16:56:38', 0),
(138, 'Delmer Feeney', 'stone.abernathy@example.net', '2024-09-12 16:56:38', '$2y$12$MF8yJ5RcAJgMXNUvlmI/u.Abeqa4ZgJRXQrmeCqf8SFAbbnUhjE4K', 'xYPxfX5Gv6', '2024-09-12 16:56:38', '2024-09-12 16:56:38', 0),
(139, 'Prof. Sebastian Swift DVM', 'hortense06@example.net', '2024-09-12 16:56:38', '$2y$12$MF8yJ5RcAJgMXNUvlmI/u.Abeqa4ZgJRXQrmeCqf8SFAbbnUhjE4K', 'qbzqa0zmGt', '2024-09-12 16:56:38', '2024-09-12 16:56:38', 0),
(140, 'Rylee Cormier', 'zquigley@example.com', '2024-09-12 16:56:38', '$2y$12$MF8yJ5RcAJgMXNUvlmI/u.Abeqa4ZgJRXQrmeCqf8SFAbbnUhjE4K', 'u5nHIYk7J2', '2024-09-12 16:56:38', '2024-09-12 16:56:38', 0),
(141, 'Clint Buckridge', 'bogan.liam@example.net', '2024-09-12 16:56:38', '$2y$12$MF8yJ5RcAJgMXNUvlmI/u.Abeqa4ZgJRXQrmeCqf8SFAbbnUhjE4K', '0XmMQRHX56', '2024-09-12 16:56:38', '2024-09-12 16:56:38', 0),
(142, 'Annalise Windler Sr.', 'isac.marks@example.com', '2024-09-12 16:56:38', '$2y$12$MF8yJ5RcAJgMXNUvlmI/u.Abeqa4ZgJRXQrmeCqf8SFAbbnUhjE4K', '3Qny3fZaxF', '2024-09-12 16:56:38', '2024-09-12 16:56:38', 0),
(143, 'George Ebert', 'imiller@example.net', '2024-09-12 16:56:38', '$2y$12$MF8yJ5RcAJgMXNUvlmI/u.Abeqa4ZgJRXQrmeCqf8SFAbbnUhjE4K', 'AVPMtijStC', '2024-09-12 16:56:38', '2024-09-12 16:56:38', 0),
(144, 'Darrel Kuphal', 'larissa.bednar@example.com', '2024-09-12 16:56:38', '$2y$12$MF8yJ5RcAJgMXNUvlmI/u.Abeqa4ZgJRXQrmeCqf8SFAbbnUhjE4K', 'T87ez3uodd', '2024-09-12 16:56:38', '2024-09-12 16:56:38', 0),
(145, 'Russel Mraz', 'ocormier@example.net', '2024-09-12 16:56:38', '$2y$12$MF8yJ5RcAJgMXNUvlmI/u.Abeqa4ZgJRXQrmeCqf8SFAbbnUhjE4K', 'w4p0WpmFNz', '2024-09-12 16:56:38', '2024-09-12 16:56:38', 0),
(146, 'Josh Schmitt', 'rodolfo95@example.com', '2024-09-12 16:56:38', '$2y$12$MF8yJ5RcAJgMXNUvlmI/u.Abeqa4ZgJRXQrmeCqf8SFAbbnUhjE4K', 'pcCSrXwtHs', '2024-09-12 16:56:38', '2024-09-12 16:56:38', 0),
(147, 'Tavares Wilkinson', 'dell04@example.com', '2024-09-12 16:56:38', '$2y$12$MF8yJ5RcAJgMXNUvlmI/u.Abeqa4ZgJRXQrmeCqf8SFAbbnUhjE4K', 'E20xxJqQS0', '2024-09-12 16:56:38', '2024-09-12 16:56:38', 0),
(148, 'Edwardo Hermiston', 'elwin12@example.net', '2024-09-12 16:56:38', '$2y$12$MF8yJ5RcAJgMXNUvlmI/u.Abeqa4ZgJRXQrmeCqf8SFAbbnUhjE4K', 'JkGpl4eNz9', '2024-09-12 16:56:38', '2024-09-12 16:56:38', 0),
(149, 'Caleigh Howe', 'christophe.ferry@example.com', '2024-09-12 16:56:38', '$2y$12$MF8yJ5RcAJgMXNUvlmI/u.Abeqa4ZgJRXQrmeCqf8SFAbbnUhjE4K', '0j0sfdS72g', '2024-09-12 16:56:38', '2024-09-12 16:56:38', 0),
(150, 'Pat Wuckert', 'kuphal.tyreek@example.org', '2024-09-12 16:56:38', '$2y$12$MF8yJ5RcAJgMXNUvlmI/u.Abeqa4ZgJRXQrmeCqf8SFAbbnUhjE4K', '9iwazvht4s', '2024-09-12 16:56:38', '2024-09-12 16:56:38', 0),
(151, 'Mrs. Gerry Satterfield Jr.', 'wemard@example.net', '2024-09-12 16:56:38', '$2y$12$MF8yJ5RcAJgMXNUvlmI/u.Abeqa4ZgJRXQrmeCqf8SFAbbnUhjE4K', 'VjT9s3oKjD', '2024-09-12 16:56:38', '2024-09-12 16:56:38', 0);

-- --------------------------------------------------------

--
-- Table structure for table `wishlist`
--

CREATE TABLE `wishlist` (
  `id` bigint(20) UNSIGNED NOT NULL,
  `user_id` bigint(20) UNSIGNED NOT NULL,
  `product_id` bigint(20) UNSIGNED NOT NULL,
  `created_at` timestamp NULL DEFAULT NULL,
  `updated_at` timestamp NULL DEFAULT NULL
) ENGINE=InnoDB DEFAULT CHARSET=utf8mb4 COLLATE=utf8mb4_unicode_ci;

--
-- Dumping data for table `wishlist`
--

INSERT INTO `wishlist` (`id`, `user_id`, `product_id`, `created_at`, `updated_at`) VALUES
(53, 1, 153, NULL, NULL);

--
-- Indexes for dumped tables
--

--
-- Indexes for table `cache`
--
ALTER TABLE `cache`
  ADD PRIMARY KEY (`key`);

--
-- Indexes for table `cache_locks`
--
ALTER TABLE `cache_locks`
  ADD PRIMARY KEY (`key`);

--
-- Indexes for table `categories`
--
ALTER TABLE `categories`
  ADD PRIMARY KEY (`id`),
  ADD KEY `categories_subcategory_id_foreign` (`subcategory_id`);

--
-- Indexes for table `category_product`
--
ALTER TABLE `category_product`
  ADD PRIMARY KEY (`id`),
  ADD UNIQUE KEY `category_product_product_id_category_id_unique` (`product_id`,`category_id`),
  ADD KEY `category_product_category_id_foreign` (`category_id`);

--
-- Indexes for table `colors`
--
ALTER TABLE `colors`
  ADD PRIMARY KEY (`id`);

--
-- Indexes for table `colors_id_to_images`
--
ALTER TABLE `colors_id_to_images`
  ADD PRIMARY KEY (`id`),
  ADD KEY `colors_id_to_images_color_id_foreign` (`color_id`);

--
-- Indexes for table `failed_jobs`
--
ALTER TABLE `failed_jobs`
  ADD PRIMARY KEY (`id`),
  ADD UNIQUE KEY `failed_jobs_uuid_unique` (`uuid`);

--
-- Indexes for table `images`
--
ALTER TABLE `images`
  ADD PRIMARY KEY (`id`),
  ADD KEY `images_product_id_foreign` (`product_id`),
  ADD KEY `images_color_id_foreign` (`color_id`);

--
-- Indexes for table `jobs`
--
ALTER TABLE `jobs`
  ADD PRIMARY KEY (`id`),
  ADD KEY `jobs_queue_index` (`queue`);

--
-- Indexes for table `job_batches`
--
ALTER TABLE `job_batches`
  ADD PRIMARY KEY (`id`);

--
-- Indexes for table `migrations`
--
ALTER TABLE `migrations`
  ADD PRIMARY KEY (`id`);

--
-- Indexes for table `orders`
--
ALTER TABLE `orders`
  ADD PRIMARY KEY (`id`),
  ADD KEY `orders_user_id_foreign` (`user_id`);

--
-- Indexes for table `order_product`
--
ALTER TABLE `order_product`
  ADD PRIMARY KEY (`id`),
  ADD UNIQUE KEY `order_product_order_id_product_id_unique` (`order_id`,`product_id`),
  ADD KEY `order_product_product_id_foreign` (`product_id`);

--
-- Indexes for table `password_reset_tokens`
--
ALTER TABLE `password_reset_tokens`
  ADD PRIMARY KEY (`email`);

--
-- Indexes for table `products`
--
ALTER TABLE `products`
  ADD PRIMARY KEY (`id`),
  ADD KEY `products_color_id_foreign` (`color_id`);

--
-- Indexes for table `sessions`
--
ALTER TABLE `sessions`
  ADD PRIMARY KEY (`id`),
  ADD KEY `sessions_user_id_index` (`user_id`),
  ADD KEY `sessions_last_activity_index` (`last_activity`);

--
-- Indexes for table `settings`
--
ALTER TABLE `settings`
  ADD PRIMARY KEY (`id`);

--
-- Indexes for table `users`
--
ALTER TABLE `users`
  ADD PRIMARY KEY (`id`),
  ADD UNIQUE KEY `users_email_unique` (`email`);

--
-- Indexes for table `wishlist`
--
ALTER TABLE `wishlist`
  ADD PRIMARY KEY (`id`),
  ADD UNIQUE KEY `wishlist_user_id_product_id_unique` (`user_id`,`product_id`),
  ADD KEY `wishlist_product_id_foreign` (`product_id`);

--
-- AUTO_INCREMENT for dumped tables
--

--
-- AUTO_INCREMENT for table `categories`
--
ALTER TABLE `categories`
  MODIFY `id` bigint(20) UNSIGNED NOT NULL AUTO_INCREMENT, AUTO_INCREMENT=8;

--
-- AUTO_INCREMENT for table `category_product`
--
ALTER TABLE `category_product`
  MODIFY `id` bigint(20) UNSIGNED NOT NULL AUTO_INCREMENT, AUTO_INCREMENT=17;

--
-- AUTO_INCREMENT for table `colors`
--
ALTER TABLE `colors`
  MODIFY `id` bigint(20) UNSIGNED NOT NULL AUTO_INCREMENT, AUTO_INCREMENT=18;

--
-- AUTO_INCREMENT for table `colors_id_to_images`
--
ALTER TABLE `colors_id_to_images`
  MODIFY `id` bigint(20) UNSIGNED NOT NULL AUTO_INCREMENT;

--
-- AUTO_INCREMENT for table `failed_jobs`
--
ALTER TABLE `failed_jobs`
  MODIFY `id` bigint(20) UNSIGNED NOT NULL AUTO_INCREMENT;

--
-- AUTO_INCREMENT for table `images`
--
ALTER TABLE `images`
  MODIFY `id` bigint(20) UNSIGNED NOT NULL AUTO_INCREMENT, AUTO_INCREMENT=45;

--
-- AUTO_INCREMENT for table `jobs`
--
ALTER TABLE `jobs`
  MODIFY `id` bigint(20) UNSIGNED NOT NULL AUTO_INCREMENT, AUTO_INCREMENT=20;

--
-- AUTO_INCREMENT for table `migrations`
--
ALTER TABLE `migrations`
  MODIFY `id` int(10) UNSIGNED NOT NULL AUTO_INCREMENT, AUTO_INCREMENT=22;

--
-- AUTO_INCREMENT for table `orders`
--
ALTER TABLE `orders`
  MODIFY `id` bigint(20) UNSIGNED NOT NULL AUTO_INCREMENT, AUTO_INCREMENT=50;

--
-- AUTO_INCREMENT for table `order_product`
--
ALTER TABLE `order_product`
  MODIFY `id` bigint(20) UNSIGNED NOT NULL AUTO_INCREMENT, AUTO_INCREMENT=56;

--
-- AUTO_INCREMENT for table `products`
--
ALTER TABLE `products`
  MODIFY `id` bigint(20) UNSIGNED NOT NULL AUTO_INCREMENT, AUTO_INCREMENT=161;

--
-- AUTO_INCREMENT for table `settings`
--
ALTER TABLE `settings`
  MODIFY `id` bigint(20) UNSIGNED NOT NULL AUTO_INCREMENT, AUTO_INCREMENT=2;

--
-- AUTO_INCREMENT for table `users`
--
ALTER TABLE `users`
  MODIFY `id` bigint(20) UNSIGNED NOT NULL AUTO_INCREMENT, AUTO_INCREMENT=152;

--
-- AUTO_INCREMENT for table `wishlist`
--
ALTER TABLE `wishlist`
  MODIFY `id` bigint(20) UNSIGNED NOT NULL AUTO_INCREMENT, AUTO_INCREMENT=54;

--
-- Constraints for dumped tables
--

--
-- Constraints for table `categories`
--
ALTER TABLE `categories`
  ADD CONSTRAINT `categories_subcategory_id_foreign` FOREIGN KEY (`subcategory_id`) REFERENCES `categories` (`id`) ON DELETE CASCADE;

--
-- Constraints for table `category_product`
--
ALTER TABLE `category_product`
  ADD CONSTRAINT `category_product_category_id_foreign` FOREIGN KEY (`category_id`) REFERENCES `categories` (`id`) ON DELETE CASCADE,
  ADD CONSTRAINT `category_product_product_id_foreign` FOREIGN KEY (`product_id`) REFERENCES `products` (`id`) ON DELETE CASCADE;

--
-- Constraints for table `colors_id_to_images`
--
ALTER TABLE `colors_id_to_images`
  ADD CONSTRAINT `colors_id_to_images_color_id_foreign` FOREIGN KEY (`color_id`) REFERENCES `colors` (`id`) ON DELETE CASCADE;

--
-- Constraints for table `images`
--
ALTER TABLE `images`
  ADD CONSTRAINT `images_color_id_foreign` FOREIGN KEY (`color_id`) REFERENCES `colors` (`id`) ON DELETE CASCADE,
  ADD CONSTRAINT `images_product_id_foreign` FOREIGN KEY (`product_id`) REFERENCES `products` (`id`) ON DELETE CASCADE;

--
-- Constraints for table `orders`
--
ALTER TABLE `orders`
  ADD CONSTRAINT `orders_user_id_foreign` FOREIGN KEY (`user_id`) REFERENCES `users` (`id`) ON DELETE CASCADE;

--
-- Constraints for table `order_product`
--
ALTER TABLE `order_product`
  ADD CONSTRAINT `order_product_order_id_foreign` FOREIGN KEY (`order_id`) REFERENCES `orders` (`id`) ON DELETE CASCADE,
  ADD CONSTRAINT `order_product_product_id_foreign` FOREIGN KEY (`product_id`) REFERENCES `products` (`id`) ON DELETE CASCADE;

--
-- Constraints for table `products`
--
ALTER TABLE `products`
  ADD CONSTRAINT `products_color_id_foreign` FOREIGN KEY (`color_id`) REFERENCES `colors` (`id`) ON DELETE CASCADE;

--
-- Constraints for table `wishlist`
--
ALTER TABLE `wishlist`
  ADD CONSTRAINT `wishlist_product_id_foreign` FOREIGN KEY (`product_id`) REFERENCES `products` (`id`) ON DELETE CASCADE,
  ADD CONSTRAINT `wishlist_user_id_foreign` FOREIGN KEY (`user_id`) REFERENCES `users` (`id`) ON DELETE CASCADE;
COMMIT;

/*!40101 SET CHARACTER_SET_CLIENT=@OLD_CHARACTER_SET_CLIENT */;
/*!40101 SET CHARACTER_SET_RESULTS=@OLD_CHARACTER_SET_RESULTS */;
/*!40101 SET COLLATION_CONNECTION=@OLD_COLLATION_CONNECTION */;
